toi,toipfx,tfopwg_disp,pl_orbper,pl_rade,pl_insol,st_tmag,st_dist,st_teff,st_logg,st_rad
1000.01,1000,FP,2.1713484,5.8181633,22601.9485814,9.604,485.735,10249.0,4.19,2.16986
1001.01,1001,PC,1.9316462,11.2154,44464.5,9.42344,295.862,7070.0,4.03,2.01
1002.01,1002,FP,1.8675574,23.7529,2860.61,9.299501,943.109,8924.0,,5.73
1003.01,1003,FP,2.74323,,1177.36,9.3003,7728.17,5388.5,4.15,
1004.01,1004,FP,3.5730141,11.3113,54679.3,9.1355,356.437,9219.0,4.14,2.15
1005.01,1005,FP,4.55072,6.54449,254.05,9.1309,100.711,5613.0,,1.09
1006.01,1006,FP,2.5047918,8.6950898,1750.932635,9.2386,,6616.0,,1.53429
1007.01,1007,PC,6.9989206,14.7752,448.744,8.87759,283.291,6596.0,3.71,2.7
1008.01,1008,FP,2.0483755,3.19621,5644.4,8.9362,144.297,6858.5,4.2,1.57
1009.01,1009,PC,1.9600277,,1063.3422958,8.4331,866.147,8868.7,,
101.01,101,KP,1.4303699,13.1874503,1281.2408254,12.4069,375.31,5600.0,4.48851,0.890774
1010.01,1010,FP,0.6808702,5.9115908,87140.6995884,8.45086,485.122,9438.0,,1.0
1011.01,1011,PC,2.4704981,1.44656,575.597,8.2388,52.62,5413.7,4.46,0.94
1012.01,1012,APC,0.884182,24.8132,112144.0,8.12718,295.959,8928.0,3.92,2.72
1013.01,1013,FP,5.4255548,,273.5880696,7.6095,510.295,8868.7,,
1014.01,1014,FP,1.4095184,,1650.422071,7.678,224.672,9307.0,,
1015.01,1015,FP,1.3730466,42.1479417,3160.6328329,10.7069,906.496,4897.0,,6.7996101
1016.01,1016,FP,12.6889415,14.0608342,425.1594177,10.6257,368.646,7601.0,4.31,1.53641
1017.01,1017,FP,1.10422,21.0448,39459.3,10.6019,406.997,6995.2,4.07,1.61
1018.01,1018,FP,4.95912,22.9123,673.55,10.6254,360.541,5889.0,3.86,2.0
1019.01,1019,PC,5.2341008,24.2931408,1453.6663847,10.6348,399.544,7645.0,4.3,1.56203
102.01,102,KP,4.4119378,15.4706,653.252,9.7109,175.631,6280.0,4.32092,1.21
1020.01,1020,FP,3.28892,,29832.6,10.7173,906.827,8734.2,4.1,
1021.01,1021,FP,1.90879,3.34688,985.807,10.5551,235.974,6022.6,4.52,1.22
1022.01,1022,FA,3.09574,3.4262,18087.9,8.72924,120.666,6084.0,4.13,1.41
1023.01,1023,FP,1.3214483,21.8839,35623.2,9.697,316.398,5050.8,3.56,2.99
1024.01,1024,FP,18.0157,21.644,7.64364,10.0814,692.266,4709.0,,7.61
1025.01,1025,PC,9.6837921,,3176.3106916,5.5324,129.838,8598.7,,
1026.01,1026,FP,14.2694372,3.7255381,51.2588496,9.9138,105.677,5690.0,4.58,0.853898
1027.01,1027,PC,3.2834565,2.87648,161.092,10.2103,56.3449,4272.0,4.6,0.68
1027.02,1027,PC,11.02875,2.76586,15.0463,10.2103,56.3449,4272.0,4.6,0.68
1027.03,1027,PC,5.0113292,2.52314,17.1793,10.2103,56.3449,4272.0,4.6,0.68
1028.01,1028,FP,1.01606,1.20704,2784.04,7.9059,23.7748,4634.0,4.64,0.68
1029.01,1029,FP,36.22214,,,6.841,,,,
103.01,103,KP,3.547854,14.581841,1212.004376,11.5232,411.211,6351.0,4.22896,1.4
1030.01,1030,FP,12.1246519,17.6729,207.32,9.5706,78.41273,4807.6,4.17,1.07
1031.01,1031,FP,5.652623,8.94354,2717.06,9.7318,270.771,6415.4,3.98,1.92
1032.01,1032,PC,5.6643704,14.7738943,7657.6621505,9.7611,587.196,10395.0,4.13,2.3383701
1033.01,1033,FP,29.0162503,9.84223,159.189,10.0163,219.94,6113.1,,2.01
1034.01,1034,FP,3.6344692,4.2048368,5420.178349,9.8174,363.44,9810.0,4.43,1.60776
1035.01,1035,PC,6.0742782,31.3717884,1487.6197932,10.1126,347.556,5964.0,3.7,2.4303801
1036.01,1036,PC,3.7795212,5.98375,466.528,10.2855,184.015,5771.0,4.31,1.18
1037.01,1037,FP,1.2025238,6.31106,208477.0,9.0211,279.698,9158.0,4.32,1.74
1038.01,1038,FP,3.2235985,5.51341,2064.8,8.7157,280.765,8904.0,4.09,2.17
1039.01,1039,APC,4.420125,,,8.5483,2864.34,,,
104.01,104,KP,4.0872956,13.6237732,2242.3605401,9.8638,316.678,6036.0,3.93359,2.2186699
1040.01,1040,FP,2.55555,11.5901,3520.68,8.3854,732.432,10037.0,,6.04
1041.01,1041,FP,8.30792,43.1068,2276.25,8.0981,305.034,9081.0,3.83,3.05
1042.01,1042,PC,0.7581018,10.0744,17894.0,9.718,792.633,9917.0,3.75,3.51
1043.01,1043,FP,1.4415577,3.61078,16861.8,9.5719,208.055,6902.0,4.25,1.52
1044.01,1044,PC,1.0085089,,,10.0031,494.689,5215.2,,
1045.01,1045,FP,3.7039994,17.57,3546.13,9.6306,300.696,7013.8,4.21,1.9
1046.01,1046,FP,1.3042553,9.36472,26944.7,10.0119,301.298,6762.0,4.11,1.75
1047.01,1047,FP,0.62627,5.72162,3235.57,10.2355,134.926,5622.0,4.5,0.93
1048.01,1048,FP,0.30412,10.417,280833.0,8.802,440.426,11892.0,4.14,2.52
1049.01,1049,KP,2.1805277,16.808853,1770.4650539,11.0657,314.995,6599.0,4.21017,1.2714601
105.01,105,KP,2.1846669,13.7028527,1362.1381428,9.4995,137.544,5630.0,4.37759,1.23824
1050.01,1050,KP,3.7354838,21.2315,1292.19,11.0261,405.908,6650.0,4.1639,1.57
1051.01,1051,FA,21.701669,2.3751494,52.095,7.1278,53.19149,5625.0,4.438,1.56486
1052.01,1052,CP,9.139804,3.0629855,243.011763,9.0197,129.804,5958.2,4.34,1.58
1053.01,1053,FP,5.742625,13.088532,,8.8849,263.729,5664.0,3.26574,3.86959
1054.01,1054,CP,15.5077855,2.43432,88.0718,8.4362,88.4343,6122.0,4.30881,1.17
1055.01,1055,CP,17.4713078,3.5766828,53.3700317,8.0888,57.2651,5783.54,4.49925,0.974669
1056.01,1056,PC,5.3079507,3.0486928,603.2401116,9.6663,168.354,6124.3,4.38,1.36963
1057.01,1057,PC,51.1701501,2.9366826,11.2148229,9.4091,98.2855,5599.0,4.46138,0.943356
1058.01,1058,PC,11.1296441,12.8402271,1255.6817164,9.3781,338.831,5785.0,4.344,3.4475601
1059.01,1059,PC,9.4496506,17.0216,38.5799,9.7825,98.8783,5509.0,4.39758,0.94
106.01,106,KP,2.8493825,16.3869,2005.83,10.3157,364.411,6900.0,4.438,1.77
1060.01,1060,APC,2.0685633,3.89739,24.409,9.6652,128.491,5687.9,4.6,1.14
1061.01,1061,FP,0.540933,2.28501,,9.7345,133.171,5525.0,4.25342,1.21935
1062.01,1062,CP,4.1150576,2.30057,77.3573,9.478,82.1733,5394.0,4.50942,0.89
1063.01,1063,PC,10.0665634,2.09966,23.8187,9.0689,61.1201,5552.0,4.61783,0.79
1064.01,1064,CP,6.4438657,2.460344,60.831305,10.0059,68.0726,4803.0,4.52079,0.737189
1064.02,1064,CP,12.2265595,2.6014766,25.8970378,10.0059,68.0726,4803.0,4.52079,0.737189
1065.01,1065,KP,2.160344,22.503541,,13.2851,639.004,5780.0,4.32928,1.2
1066.01,1066,KP,4.606184,12.962219,,11.9707,353.891,5670.0,4.3925,1.07
1067.01,1067,KP,3.1316735,9.4995191,148.6544991,13.1686,263.609,4351.0,4.438,0.76701
1068.01,1068,KP,3.180362,13.446487,,13.2887,535.383,5498.0,4.47934,0.92
1069.01,1069,KP,2.9776446,14.4339,758.324,10.4293,197.996,5703.0,4.25824,1.22
107.01,107,KP,3.9502008,20.5357,1009.38,9.6433,211.211,6153.0,4.18077,1.71
1070.01,1070,FP,2.9776152,26.88423,873.27,15.7114,,5740.0,4.29219,1.28
1071.01,1071,KP,3.553814,12.539744,,11.5803,290.198,5639.0,4.37172,1.07973
1072.01,1072,FP,12.8379689,25.4886382,374.129,11.7106,703.878,5765.0,4.34773,2.4494
1073.01,1073,CP,3.9228016,13.3368705,91.167589,13.6699,300.67,4444.0,4.438,0.6983
1074.01,1074,PC,13.9428705,2.4233421,28.0927293,10.6339,107.356,5206.0,4.63095,0.741671
1075.01,1075,CP,0.6047392,1.8625587,528.0253155,11.1186,61.4592,4046.0,4.60963,0.580337
1076.01,1076,KP,2.5495611,12.9171288,757.1284067,11.2474,248.46,5659.0,4.44653,1.03997
1077.01,1077,PC,1.6062693,12.6436029,844.2700581,13.461,463.683,5192.0,4.4617,0.984326
1078.01,1078,CP,0.5182425,1.3485121,255.1405815,10.1165,20.373,3325.0,4.88693,0.390989
1079.01,1079,PC,3.1644075,14.8814743,2206.1550476,13.1284,1179.27,6519.0,4.22068,1.7234
108.01,108,KP,3.0440541,12.1086799,315.9871326,13.163,421.855,5523.0,4.52192,0.809868
1080.01,1080,PC,3.9652485,1.2305102,5.2829448,12.7067,25.559,3296.0,4.96636,0.199988
1081.01,1081,PC,2.98278,11.467011,,11.5247,354.05,6027.0,4.29978,1.23975
1082.01,1082,PC,16.3469053,3.5059571,8.9995944,11.8835,100.248,4310.0,4.57345,0.649613
1083.01,1083,PC,12.9802953,2.4241912,4.7341229,12.0936,68.9109,3614.0,4.81257,0.491323
1084.01,1084,KP,1.3484961,15.8824638,2706.9606225,12.2851,494.182,6346.0,4.38484,1.14759
1085.01,1085,APC,3.2541181,14.9476,1436.45,11.6577,444.066,6102.0,4.28649,1.28
1086.01,1086,PC,3.7178828,14.6986197,1925.1426172,12.2303,736.397,5818.0,4.33787,2.0840001
1087.01,1087,FP,9.30992,14.2968,215.208,9.4142,416.25,6907.0,3.63,3.09
1088.01,1088,FA,1.15395,5.48364,3534.3,10.4613,240.901,6093.0,4.2,1.4
1089.01,1089,FP,4.73703,25.7144,53821.0,10.3918,778.127,11600.0,4.13,2.48
109.01,109,KP,2.76676,12.2867389,505.8840075,13.2366,513.011,5346.0,4.48823,0.984866
1090.01,1090,FP,2.19296,22.7769,31883.5,10.0196,566.502,7009.8,3.6,2.95
1091.01,1091,PC,1.725841,15.0024,50469.2,9.3529,321.671,7348.0,3.9,2.39
1092.01,1092,FP,1.1923,30.666,40771.2,9.0039,209.919,6534.0,3.95,2.04
1093.01,1093,FP,11.47606,,,10.0067,1710.22,,,
1094.01,1094,APC,0.5971314,9.08382,1596.43,9.9806,426.003,7710.0,3.98,2.28
1095.01,1095,PC,1.4821386,13.7339261,18197.1354531,10.4291,582.521,7066.0,3.78,2.6647301
1096.01,1096,FP,0.9209526,5.7349089,32740.3629399,10.11,490.288,6553.0,3.65,2.8908899
1097.01,1097,CP,9.188506,2.16591,63.4589,8.7215,79.5561,5876.0,4.48,0.98
1097.02,1097,CP,13.9028391,2.6136848,77.4841883,8.7215,79.5561,5876.0,4.48,0.983215
1098.01,1098,CP,10.1826983,3.0538057,198.394783,8.7581,105.096,6153.0,4.34814,1.14582
1099.01,1099,CP,6.441006,2.56374,87.8902,7.3661,23.606,4867.0,4.438,0.8
110.01,110,KP,3.1743504,14.9172256,718.9096994,11.6714,342.14,5943.0,4.42524,1.15706
1100.01,1100,FP,20.0731588,4.0506906,69.3993155,10.5135,205.43,6033.0,4.37,1.14849
1101.01,1101,FP,2.66903,9.36823,429.86,10.5891,262.794,5803.5,4.07,1.56
1102.01,1102,FP,6.63371,2.75375,22.9987,10.5652,58.0624,4138.1,4.54,0.63
1103.01,1103,PC,2.94308,45.3525,2533.34,10.5598,320.212,4437.0,,3.13
1104.01,1104,PC,341.2811281,4.7531892,121.1597998,7.5622,70.0154,6058.6,4.2,1.39203
1105.01,1105,CP,10.8680523,2.90726,20.7383,10.2809,79.5225,4664.0,4.55,0.76
1106.01,1106,PC,11.1149,14.7645,21.9713,10.0717,523.425,5042.0,,4.94
1107.01,1107,CP,4.0782392,13.898174,1619.0081232,10.0068,281.314,6501.0,4.08,1.74836
1108.01,1108,FP,7.14386,22.1531,,9.941,417.08,7860.0,4.15,1.91
1109.01,1109,FP,7.04083,8.46404,852.336,9.7906,102.238,5317.0,4.49,0.91
111.01,111,KP,2.1061569,13.086872,691.8428073,13.183,508.842,5380.0,4.4337,0.940697
1110.01,1110,FP,2.4545635,11.1276,2162.73,9.6789,243.838,6610.0,4.15,1.64
1111.01,1111,FP,11.4756978,14.1098,11.4585,9.3871,312.461,7262.0,4.0,2.13
1112.01,1112,FP,2.78186,4.92567,1323.21,9.5162,292.085,6819.0,3.92,2.21
1113.01,1113,FP,6.4410082,4.59203,8.2114,9.66865,23.8853,3469.0,4.71,0.53
1114.01,1114,APC,2.4887726,,773.3029498,8.1129,174.475,8048.0,4.438,
1115.01,1115,APC,4.45199,15.8858,1013.74,10.526,359.215,6708.3,4.2,1.57
1116.01,1116,PC,5.0100708,2.3107394,210.6631712,9.5268,94.4178,5551.0,4.46214,0.906282
1117.01,1117,PC,2.2281625,2.56778,702.927,10.4055,167.598,5731.0,4.43,1.02
1118.01,1118,FP,4.13812,,613.964,10.5084,,4898.4,,
1119.01,1119,APC,10.95663,23.9726,619.065,10.5024,421.518,6456.0,3.92,2.07
112.01,112,KP,2.4997996,13.8516093,907.8624196,11.6035,302.448,5650.0,4.28867,1.13732
1120.01,1120,FP,1.66226,13.3343,7149.89,10.4063,386.323,7301.0,4.23,1.64
1121.01,1121,FP,4.07611,,,11.0605,338.644,,,
1122.01,1122,FP,3.6245513,4.3503,919.571,10.2934,249.826,6317.0,,1.38
1123.01,1123,APC,1.20928,15.1764,,10.2398,161.932,5159.8,4.23,1.27
1124.01,1124,APC,3.5187707,14.0061,2000.01,7.2235,75.7145,6690.0,4.24,1.49
1125.01,1125,PC,0.7724825,4.1624907,60276.5000547,8.0465,237.593,8271.0,3.95,2.5027299
1126.01,1126,FP,1.6268695,2.36498,1946.23,10.3579,97.8115,5034.0,4.64,0.73
1127.01,1127,FP,2.32439,,68217.5,7.3163,177.741,8268.5,3.93,
1128.01,1128,FP,13.5499,6.24633,31.6652,9.7298,222.529,6209.0,4.09,1.63
1129.01,1129,FP,4.43651,19.9664,8233.41,8.7823,247.414,7101.9,3.91,2.32
113.01,113,KP,3.372877,14.201803,615.165921,12.1893,448.637,6050.0,4.45061,1.02
1130.01,1130,CP,8.34998,11.1424,19.9348,10.1429,58.2609,4236.0,4.52,0.74
1130.02,1130,CP,4.0686405,3.7548333,84.108766,10.1429,58.2609,4236.0,4.52,0.741921
1131.01,1131,PC,0.5860366,4.906408,26813.1057089,9.2872,222.74,5579.0,3.67,2.39803
1132.01,1132,FP,1.5502952,3.34528,10796.6,9.2293,286.668,7851.0,4.17,1.86
1133.01,1133,FP,1.80709,4.86242,7233.01,9.11458,233.369,6244.0,3.84,2.2
1134.01,1134,FP,18.6922101,18.1458,282.175,9.03609,170.732,6277.0,4.09,1.65
1135.01,1135,CP,8.0277331,9.08479,256.544,9.02855,114.048,5962.7,4.38,1.15
1136.01,1136,CP,12.5187279,5.58857,626.362,8.9361,84.5362,5729.0,4.47,0.98
1136.02,1136,CP,6.2586065,2.51593,232.392,8.9361,84.5362,5729.0,4.47,0.98
1136.03,1136,CP,26.3208756,2.71349,26.4328,8.9361,84.5362,5729.0,4.47,0.98
1136.04,1136,CP,18.795547,2.1597669,48.477077,8.9361,84.5362,5729.0,4.47,0.977727
1137.01,1137,PC,1.3206356,34.7561624,3652.2582486,9.00558,419.435,4919.6,,6.3070302
1138.01,1138,FP,0.64971,6.23181,83182.0,8.90601,395.12,9994.0,4.02,2.59
1139.01,1139,PC,4.4780798,11.3678,31621.7,8.86193,238.726,7947.0,4.2,1.83
114.01,114,KP,3.2887898,10.5135877,759.3373533,10.6103,216.526,5800.0,4.28004,1.24175
1140.01,1140,FP,13.7431134,12.2235,84.3134,8.88797,121.182,5941.5,,1.34
1141.01,1141,FP,16.9487087,45.2204505,78.263287,8.8523,97.3391,5894.7,4.37,1.1179
1142.01,1142,FP,3.3686634,42.2321,9856.24,8.64028,299.294,7518.0,3.82,2.68
1143.01,1143,FP,11.2071839,17.4989,813.063,8.63287,191.984,6152.0,3.84,2.24
1144.01,1144,KP,4.8878037,5.29152,71.6805,8.5077,37.7647,4757.3,4.56,0.76
1145.01,1145,FP,2.97164,,3089.18,8.5011,438.395,8562.5,,
1146.01,1146,FP,0.660179,6.1672487,252487.7638842,8.40386,411.307,8598.7,4.1,2.62432
1147.01,1147,FP,10.9278415,49.1695,270.142,8.36544,218.258,6259.0,3.59,2.92
1148.01,1148,KP,5.5514888,15.8043,802.858,7.9179,96.5173,6403.9,4.16,1.55
1149.01,1149,APC,2.3202418,,22262.0513573,7.9172,632.553,8737.5,,
115.01,115,KP,4.7423709,10.5505922,209.7699043,13.0417,453.808,5377.0,4.42476,0.877585
1150.01,1150,KP,1.4810903,20.3402421,33326.7304874,7.58204,204.455,9435.0,4.11,2.28773
1151.01,1151,KP,3.4741012,21.2912,3453.07,7.55216,136.426,8894.8,4.38,1.62
1152.01,1152,FA,6.5011911,,214.9638584,8.0348,105.334,5485.0,,
1153.01,1153,APC,6.0360758,9.86763,464.097,8.40534,147.134,6528.3,4.21,1.69
1154.01,1154,PC,21.745537,2.10208,28.2504,9.3188,93.8819,5704.0,4.51,0.93
1155.01,1155,FP,1.32003,,,9.711,,,,
1156.01,1156,FP,1.6865822,,,9.7032,6079.49,,,
1157.01,1157,FP,13.0727479,35.7944,221.343,9.6043,432.113,5709.8,3.37,3.59
1158.01,1158,FP,2.9258727,24.4055,3028.51,9.5967,,4884.5,,1.3
1159.01,1159,FP,0.73774,5.28215,,9.5937,292.83,6449.5,3.94,2.1
116.01,116,KP,2.7985802,11.9514993,332.556249,11.0443,149.942,4920.0,4.49371,0.906655
1160.01,1160,FP,2.3664127,,,9.577,2320.13,,,
1161.01,1161,KP,1.7635881,,7685.79,10.2306,519.096,7986.1,,
1162.01,1162,PC,7.3166682,,1221.82,9.65306,348.481,8730.0,,
1163.01,1163,PC,3.0771612,,2636.8654415,9.47751,148.342,9311.3,,
1164.01,1164,FP,3.2077145,,,9.329701,827.868,,,
1165.01,1165,KP,2.2552845,14.688,549.715,9.76703,126.261,5787.0,4.5,0.96
1166.01,1166,FP,1.8824539,8.29008,15173.2,9.7604,153.743,5900.4,4.39,1.13
1167.01,1167,FP,15.196,4.96345,,10.3874,209.618,5807.0,,1.14
1168.01,1168,FP,2.1358631,23.6019,1540.95,10.381,274.162,5969.0,4.17,1.5
1169.01,1169,PC,6.7075429,17.4647,225.822,10.6405,259.0,6134.3,,1.24
117.01,117,KP,3.5862962,16.4747611,1787.5955937,11.7806,603.955,5704.8,3.84,2.00441
1170.01,1170,FP,0.91397,10.9073,12286.1,10.349,880.107,7875.0,3.61,3.34
1171.01,1171,FP,11.1876137,31.8624,838.609,10.3075,482.763,7266.0,4.06,2.05
1172.01,1172,FP,7.8513734,,,10.3018,875.061,,,
1173.01,1173,CP,7.0643978,9.39131,104.311,10.2938,132.353,5429.6,4.44,0.96
1174.01,1174,PC,8.9534775,2.35888,45.5604,10.2549,94.6375,5029.5,4.61,0.76
1175.01,1175,FP,7.5022708,5.55812,129.866,10.2026,216.517,6229.0,4.31,1.27
1176.01,1176,PC,14.0077738,12.764,200.505,10.1772,295.561,6557.7,4.18,1.57
1177.01,1177,FP,1.692892,11.2371,187927.0,10.1617,602.899,9121.5,4.21,2.1
1178.01,1178,FP,2.6652139,2.32848,2660.44,10.1358,36.7224,4043.4,4.69,0.56
1179.01,1179,APC,1.2615323,8.67407,1437.18,10.1313,86.444,4927.9,4.57,0.78
118.01,118,CP,6.0344667,4.44029,64.2648,9.179,94.1719,5586.0,4.36763,1.05
1180.01,1180,PC,9.6867516,3.00336,41.6645,10.112,72.0238,4738.1,4.59,0.73
1181.01,1181,CP,2.1031647,16.7087,14140.0,10.079,302.819,6122.0,3.93,1.93
1182.01,1182,FP,7.6416041,27.538,478.683,10.0049,,6496.7,,2.05
1183.01,1183,FP,5.9294073,11.5196,456.893,9.9478,112.868,5095.6,,1.06
1184.01,1184,PC,5.7484439,2.35215,75.272,9.9469,58.5946,4534.0,4.61,0.69
1185.01,1185,FP,1.1967018,10.3239,25917.9,9.94025,246.798,5997.0,4.0,1.73
1186.01,1186,FP,11.2463935,17.7197,403.931,9.92402,294.85,6115.7,3.89,2.01
1187.01,1187,PC,2.5941968,4.47229,300.014,9.9002,221.071,6389.0,4.26,1.4
1188.01,1188,FP,8.5112,,,9.886581,347.452,8156.0,4.35,
1189.01,1189,PC,3.9687994,,,9.8744,,5286.9,,
119.01,119,PC,5.5411114,2.04482,258.843,9.2789,66.6187,5332.0,4.56429,0.82
119.02,119,PC,10.6917268,1.79811,42.2657,9.2789,66.6187,5332.0,4.56429,0.82
1190.01,1190,APC,3.6950015,14.1288,2184.62,9.80529,280.948,7106.7,4.2,1.63
1191.01,1191,FP,15.7335693,24.3218,367.588,9.7831,355.809,6800.0,3.91,2.21
1192.01,1192,APC,45.9403293,28.3312,20.4053,10.4999,283.025,6479.3,,1.28
1193.01,1193,FP,2.2219839,15.4416,7790.56,10.4813,501.963,7166.8,,1.87
1194.01,1194,PC,2.3106428,8.76741,203.685,10.4782,149.667,5339.9,4.41,0.99
1195.01,1195,FP,4.05135,14.2359,,10.4717,500.014,4974.4,,3.85
1196.01,1196,PC,5.5376617,15.6557,351.929,10.4318,424.442,6689.0,3.96,2.06
1197.01,1197,PC,4.5960377,16.2166,2340.04,10.4247,405.634,7649.0,4.04,2.12
1198.01,1198,KP,3.612771,19.3662,5011.92,10.4219,470.878,8324.0,4.28,1.71
1199.01,1199,CP,3.6714717,10.678,324.114,10.4221,248.427,5618.0,4.06,1.54
120.01,120,CP,11.535076,12.215808,,7.1062,79.5702,5479.3,3.77,2.48771
1200.01,1200,FP,0.8352406,6.4875,5021.63,10.402,224.444,6105.0,4.31,1.24
1201.01,1201,CP,2.4919771,2.2187585,39.6452664,10.9473,37.8871,3948.0,4.68962,0.482388
1202.01,1202,FP,,1.710706,9.5212941,8.386,818.829,3773.0,4.438,0.577983
1203.01,1203,CP,25.5195307,2.9641461,45.6335702,7.9995,64.9943,5742.22,4.29,1.17321
1204.01,1204,PC,1.381238,2.0216034,5767.2198906,8.004,106.505,6711.0,4.06358,1.7756799
1205.01,1205,PC,2.3922703,3.5905923,18015.5142019,8.3902,309.932,6090.0,3.29864,4.1956
1206.01,1206,FP,0.831542,1.881684,3776.6095365,8.6014,1698.55,5824.0,4.438,1.1512
1207.01,1207,PC,2.6282553,0.9817044,955.7979966,9.2397,113.758,6282.0,4.37809,1.10743
1208.01,1208,PC,3.4239436,1.7581475,294.3078003,10.5924,134.757,5626.0,4.56195,0.823019
1208.02,1208,PC,10.983042,2.5070075,62.2119369,10.5924,134.757,5626.0,4.56195,0.823019
1208.03,1208,PC,17.726449,2.261664,32.8605569,10.5924,134.757,5626.0,4.56195,0.823019
1209.01,1209,PC,40.7199388,3.2352713,47.143655,9.597,173.833,5914.0,3.98,1.55953
121.01,121,APC,14.7741056,15.3936,123.522,9.9358,182.169,6053.0,4.3135,1.23
1210.01,1210,FP,79.3739596,2.17454,3.05331,11.1762,144.133,5168.33,4.60584,0.77
1211.01,1211,PC,18.1663644,2.80447,16.6472,9.8135,133.335,5572.9,3.83,1.14
1212.01,1212,PC,105.5850893,2.5033335,8.047858,10.4016,190.986,5909.57,4.26154,1.1142
1213.01,1213,FP,27.2149622,8.3475973,25.4860381,10.6392,161.33,6270.0,4.54537,0.989667
1214.01,1214,PC,19.1807264,2.4311768,32.9407734,10.0329,107.048,5262.4,3.98,0.937973
1215.01,1215,PC,1.2124493,0.879419,336.2098533,10.42,34.6633,3751.0,4.75718,0.518
1216.01,1216,PC,4.5541831,0.8887417,54.8401357,11.546,99.5413,4280.0,4.61209,0.635812
1217.01,1217,PC,41.4856125,12.5121956,271.196017,9.6517,463.223,6354.0,4.24472,3.4868701
1218.01,1218,PC,13.7738265,1.8971927,67.2831271,10.3869,135.689,5455.96,4.46737,1.01825
1219.01,1219,PC,1.9142544,2.04421,6105.33,10.1207,301.291,6734.0,4.18582,1.59
122.01,122,CP,5.0780325,2.6347763,8.1743139,13.084,62.118,3318.0,4.9581,0.334125
1220.01,1220,APC,70.3607265,8.2807306,52.1124723,9.5298,273.698,6308.0,3.98679,2.0982201
1221.01,1221,CP,91.6827832,3.239855,5.9944903,10.0564,138.411,5802.0,4.44521,1.01814
1222.01,1222,PC,10.1944993,2.7392825,231.1087411,10.3014,226.932,6082.0,4.33287,1.32661
1223.01,1223,FP,14.64319,3.41248,391.2017546,9.3109,237.7,6516.0,3.99366,2.04178
1224.01,1224,PC,4.1782656,2.1023854,13.9295288,11.556,37.3312,3442.0,4.893,0.404403
1224.02,1224,PC,17.9453645,3.3839124,1.9952383,11.556,37.3312,3442.0,4.893,0.404403
1225.01,1225,PC,13.896396,2.4586343,52.3837065,11.7582,252.615,5522.87,4.67156,0.888163
1225.02,1225,PC,8.1213102,2.3157186,107.208941,11.7582,252.615,5522.87,4.67156,0.888163
1226.01,1226,PC,3.9287851,2.329279,376.4612937,11.5514,257.93,5668.15,4.52573,0.986943
1227.01,1227,CP,27.3613778,6.4522449,0.8345555,13.802,100.641,3050.0,4.438,0.44128
1228.01,1228,CP,29.0497517,2.84674,257.066,9.0963,272.217,8208.0,4.25979,1.8
1229.01,1229,APC,31.8132264,21.6314984,48.4375724,10.779,254.584,6028.84,3.96199,1.98893
123.01,123,CP,3.3088922,24.9862,17074.7,7.87598,161.498,6188.0,4.27166,2.62
1230.01,1230,CP,25.0571312,3.2396838,53.1389289,9.6245,143.138,5696.0,4.26563,1.15281
1231.01,1231,CP,24.2454967,3.878568,0.05273,10.2565,27.6227,3535.0,4.84874,0.465271
1232.01,1232,PC,14.2545623,10.7048234,90.0658585,11.7835,328.604,5739.0,4.28235,1.09597
1233.01,1233,CP,14.1758947,2.6231641,53.8795095,8.6522,64.5978,5723.87,4.438,0.864173
1233.02,1233,CP,19.5901578,3.0026428,35.0031418,8.6522,64.5978,5723.87,4.438,0.864173
1233.03,1233,CP,6.2036219,2.056748,162.1675094,8.6522,64.5978,5723.87,4.438,0.864173
1233.04,1233,CP,3.79589,1.553135,312.1807495,8.6522,64.5978,5723.87,4.438,0.864173
1234.01,1234,FP,2.2645386,5.1936764,34.1873897,13.7991,104.912,3443.0,4.81617,0.411471
1235.01,1235,CP,3.4447015,2.00495,231.437,9.91924,39.6345,3912.0,4.62642,0.63
1236.01,1236,KP,3.0300715,12.7529892,318.4581858,11.0248,159.658,5242.82,4.52404,0.857369
1237.01,1237,KP,12.72038,4.96046,41.1042,10.2768,243.249,6212.0,4.17664,1.48
1237.02,1237,KP,6.238755,2.9728283,587.1290759,10.2768,243.249,6212.0,4.17664,1.47768
1238.01,1238,PC,3.2947591,2.36106,44.5658,11.2582,70.7145,3853.0,4.63168,0.62
1238.02,1238,PC,0.7645787,1.33541,398.218,11.2582,70.7145,3853.0,4.63168,0.62
1239.01,1239,CP,12.6396982,4.6025162,39.6563977,10.7192,126.903,5217.0,4.59186,0.789425
124.01,124,APC,1.8428078,21.2705,1687.83,11.1311,809.252,5080.0,4.48159,4.09
1240.01,1240,KP,1.7208555,13.4646314,2259.3896676,13.8046,1086.24,5832.83,4.20893,1.33402
1241.01,1241,PC,4.7802597,7.6126429,1770.0151344,11.1634,546.522,5826.0,3.7213,2.3387201
1242.01,1242,PC,0.3814849,2.0605,931.396,11.598,110.015,4255.0,4.55641,0.71
1243.01,1243,PC,4.6595169,2.1961507,17.2664038,11.1966,43.1865,3489.0,4.74553,0.490729
1244.01,1244,PC,6.4002807,2.2730301,56.4368797,11.0157,102.551,4599.0,4.58487,0.720551
1245.01,1245,PC,4.8204512,2.36747,17.8782,12.1819,80.0982,3692.0,4.71598,0.52
1246.01,1246,CP,18.6548829,4.3869878,27.832077,11.1802,169.422,5141.0,4.49143,0.876154
1246.02,1246,CP,4.3074513,3.2819879,196.4755358,11.1802,169.422,5141.0,4.49143,0.876154
1246.03,1246,CP,5.9041278,2.4489454,129.0410781,11.1802,169.422,5141.0,4.49143,0.876154
1246.04,1246,CP,37.9251983,3.241643,10.8068346,11.1802,169.422,5141.0,4.49143,0.876154
1247.01,1247,PC,15.9234883,2.18203,48.5414,8.4724,73.8713,5711.85,4.38315,1.08
1248.01,1248,PC,4.3601536,6.9564258,202.0738994,11.1153,168.735,5227.0,4.50479,0.874131
1249.01,1249,PC,13.0791581,3.25485,48.6058,10.2108,139.49,5453.0,4.41707,1.0
125.01,125,CP,4.6517186,2.66889,540.772,10.1985,111.059,5154.0,4.47072,0.85
125.02,125,CP,9.1549418,2.62011,42.2592,10.1985,111.059,5154.0,4.47072,0.85
125.03,125,CP,19.9815709,2.54717,16.5853,10.1985,111.059,5154.0,4.47072,0.85
1250.01,1250,FA,1.4415044,3.8345209,5519.1845,6.895,66.3631,6603.0,4.438,1.58365
1251.01,1251,APC,5.9630544,10.0859,112.667,10.6479,185.952,5273.0,4.438,0.94
1252.01,1252,PC,1.1219715,3.9968417,1132.461295,12.0623,123.8346,5780.0,4.67672,0.624
1253.01,1253,FP,4.6756797,4.02964,343.911,9.89947,185.23,5779.0,4.88162,1.45
1254.01,1254,APC,1.0180114,6.5875997,2488.20146,10.794,199.039,5451.0,4.33923,1.0933
1255.01,1255,CP,10.2888871,2.73221,25.0029,9.1416,65.9501,5126.0,4.49772,0.87
1256.01,1256,FP,1.0332441,4.087988,16.7778791,13.5608,,2972.0,5.15741,0.156193
1257.01,1257,KP,5.4526479,14.5502,433.78,9.87463,249.325,6509.0,4.17233,1.57
1258.01,1258,PC,10.2613397,3.60391,372.358,9.13619,154.944,6124.0,4.15391,1.49
1259.01,1259,CP,3.4779776,12.5541925,153.1388971,11.1534,118.106,4699.0,4.54638,0.765001
126.01,126,KP,3.0353977,13.7911583,726.7569274,12.7923,573.027,5751.0,4.35036,1.07224
1260.01,1260,CP,3.1274634,2.5802896,103.2675998,10.8116,73.5977,4225.0,4.5756,0.693431
1260.02,1260,CP,7.4931613,2.7733674,32.2107098,10.8116,73.5977,4225.0,4.5756,0.693431
1260.03,1260,CP,49.825166,3.8319135,2.5760566,10.8116,73.5977,4225.0,4.5756,0.693431
1261.01,1261,PC,18.0574016,3.8092663,58.1250403,10.6965,199.964,5897.0,4.45922,1.01
1262.01,1262,PC,20.8774413,2.16145,17.8402,9.5966,93.2276,5396.0,4.50457,0.9
1263.01,1263,PC,1.0214555,1.46266,733.19,8.5325,46.5539,5098.0,4.54682,0.82
1264.01,1264,PC,2.7441672,7.84317,172.233,10.634,141.755,5040.0,4.38482,0.97
1265.01,1265,KP,2.2047452,17.9781,7992.22,10.0274,341.079,6532.23,3.96818,1.99
1266.01,1266,CP,10.8948421,2.4691414,5.5137471,11.0402,36.0118,3618.0,4.79432,0.435666
1266.02,1266,CP,18.8016111,1.9112282,2.6636757,11.0402,36.0118,3618.0,4.79432,0.435666
1267.01,1267,KP,6.7900981,9.7548481,477.5289979,11.636,,6378.0,4.438,2.00068
1268.01,1268,CP,8.157721,9.31888,91.0972,10.1495,109.557,5091.2,4.47,0.9
1269.01,1269,PC,4.2529641,2.3483383,231.2034004,10.9897,172.138,5591.0,4.38111,0.848906
1269.02,1269,PC,9.2378703,2.22995,54.6767,10.9897,172.138,5591.0,4.38111,0.85
127.01,127,CP,3.7955178,10.3261619,18.0832336,14.1266,140.225,3424.0,4.438,0.445372
1270.01,1270,FP,14.3034613,18.4949,15.38,11.463,171.138,5056.6,4.53,0.83
1271.01,1271,KP,6.1349783,13.1383,861.554,7.4556,92.2589,5828.7,3.84,2.05
1272.01,1272,CP,3.3159772,4.5947,120.595,11.0244,137.572,4972.7,4.54,0.81
1273.01,1273,CP,4.6313014,9.34848,225.013,10.418,177.118,5736.0,4.39,1.07
1274.01,1274,PC,19.3203478,9.38964,13.544,11.8994,178.141,4968.1,4.5,0.8
1275.01,1275,FA,11.3246821,4.2917226,59.1706102,10.5954,138.591,5518.0,4.59176,0.824734
1276.01,1276,FA,6.261169,1.3468319,6.9816945,12.5405,24.5209,3145.0,5.04431,0.211257
1277.01,1277,FA,,3.2287724,45.1713284,9.76775,100.772,5544.0,4.5609,0.857648
1277.02,1277,PC,14.8559691,2.72638,64.0545,9.76775,100.772,5544.0,4.5609,0.86
1278.01,1278,CP,14.4751062,8.6976173,6.5402175,11.7819,75.5759,3841.0,4.69364,0.55035
1279.01,1279,PC,9.6141636,3.2264735,74.7359105,9.99454,107.055,5477.0,4.5707,0.840608
128.01,128,PC,4.9404714,2.3216,320.012,7.9849,68.4727,6086.0,4.26269,1.13
1280.01,1280,PC,9.692636,3.21431,28.0951,10.6355,92.4381,4665.0,4.56182,0.75
1281.01,1281,PC,6.390888,2.47201,376.532,9.6635,178.259,6191.0,4.27017,1.32
1282.01,1282,KP,0.9689927,17.1331258,6992.032823,11.4373,444.586,6430.0,4.25113,1.41398
1283.01,1283,KP,10.338505,11.8729,110.512,9.7525,92.3831,5336.96,4.55466,0.84
1284.01,1284,FP,1.283251,2.558112,172.0252913,12.5313,110.246,3855.0,4.68499,0.560391
1285.01,1285,FP,1.2284388,1.866263,118.2802346,10.9313,41.9934,3526.0,4.71105,0.53023
1286.01,1286,APC,0.6166953,10.4852,12724.9,10.1653,278.771,6588.0,4.1855,1.57
1287.01,1287,PC,9.6001126,2.4070295,193.1543783,8.593,92.7225,5891.0,4.30161,1.2103699
1288.01,1288,CP,2.6998294,4.94551,1198.41,9.93119,114.865,6180.0,4.57956,0.92
1289.01,1289,FP,0.581322,2.2014886,194.5178158,12.9984,89.21544,3446.0,4.83941,0.38621
129.01,129,CP,0.980972,5.9162923,719.5629045,9.9005,61.7856,4486.0,4.49914,0.764401
1290.01,1290,KP,5.3987355,2.25345,335.249,9.50898,144.166,5875.23,4.26474,1.26
1291.01,1291,PC,7.16199,5.05452,1230.42,10.8722,428.123,6229.0,4.0,1.81
1292.01,1292,FP,1.4412175,17.0442,1160.55,9.84566,190.403,5672.9,4.13,1.46
1293.01,1293,PC,1.6849938,3.76716,342.918,10.8605,239.983,5923.0,4.38,1.11
1294.01,1294,CP,3.9152737,9.43435,311.498,10.9458,332.648,5714.0,4.05,1.58
1295.01,1295,PC,3.1968838,14.9685779,1843.1329908,10.7973,388.227,6470.0,4.15,1.59715
1296.01,1296,CP,3.9443668,14.5727196,1078.5986988,10.8041,323.265,5494.0,3.93,1.75475
1297.01,1297,FP,3.93034,14.8838,815.91,10.9873,283.32,6292.0,,1.37
1298.01,1298,CP,4.5371361,9.8153513,732.0077048,10.9585,319.036,5731.0,4.1,1.48668
1299.01,1299,FP,5.929405,,,10.451,,,,
130.01,130,CP,14.3392144,2.2963233,118.7538488,7.4371,57.5846,6295.7,4.438,1.1374201
1300.01,1300,KP,2.8716983,18.1267,4494.25,9.823,321.376,6840.0,4.05,1.91
1301.01,1301,PC,6.0964074,2.5856853,69.8633506,10.5216,90.8693,4820.4,4.6,0.731699
1301.02,1301,PC,,4.258255,0.2347069,10.5216,90.8693,4820.4,4.6,0.731699
1302.01,1302,PC,5.6666168,14.8589,442.536,10.6724,339.455,6530.0,4.23,1.47
1303.01,1303,FP,1.56029,18.4825,38412.5,9.87278,387.708,6897.0,3.89,2.29
1304.01,1304,FP,8.8735214,6.0401,1064.98,9.76577,156.338,5992.0,4.34,1.18
1305.01,1305,FP,7.8513729,,,10.3018,875.061,,,
1306.01,1306,FP,7.6869063,23.7824,655.022,10.0194,364.477,5147.3,,3.07
1307.01,1307,APC,2.534612,,336.934,10.7967,,5009.6,,
1308.01,1308,FP,1.3797091,22.2329,28702.5,10.6168,543.011,5924.0,3.68,2.67
1309.01,1309,FP,1.49861,,90202.8,10.6229,686.879,8590.0,4.12,
131.01,131,APC,6.2407826,16.0959,41.7384,9.8567,,4174.0,4.34197,0.9
1310.01,1310,FP,2.6796,11.8862,823.434,10.5742,247.975,5938.0,4.23,1.32
1311.01,1311,APC,6.1406417,26.5174686,2040.1072476,10.5819,556.813,8298.0,4.19,1.87493
1312.01,1312,FP,11.0765063,12.8076,189.348,10.1098,316.176,6460.0,4.0,1.86
1313.01,1313,FP,0.6193401,8.84136,55990.1,9.6996,303.313,7812.5,,1.79
1314.01,1314,FP,2.6400663,18.2671,7719.64,9.90482,285.36,5155.0,,2.72
1315.01,1315,FP,2.5778717,18.687,62241.5,9.14819,453.744,8321.0,3.75,3.16
1316.01,1316,FP,3.80509,8.57193,1214.11,10.3332,434.962,6555.5,3.83,2.35
1317.01,1317,FP,2.99041,24.2511,54264.3,10.2918,697.116,8542.0,3.66,3.56
1318.01,1318,PC,4.9865029,,,10.151,343.728,,,
1319.01,1319,FP,0.890967,2.89678,3225.32,9.3213,73.6326,5159.2,4.5,0.87
132.01,132,CP,2.1096849,3.5175748,644.2120132,10.8061,163.678,5673.0,4.55383,0.940806
1320.01,1320,PC,3.9729429,,,10.334,340.289,,,
1321.01,1321,FP,1.19888,20.5525,3694.96,10.0849,1139.32,7315.0,,5.46
1322.01,1322,APC,3.37644,,1059.26,10.0819,713.725,8639.7,3.96,
1323.01,1323,FP,2.03905,6.42307,26394.8,8.26618,301.421,9003.0,3.94,2.68
1324.01,1324,FP,2.9424142,9.70968,23595.1,10.1894,339.736,6854.0,4.1,1.79
1325.01,1325,FP,1.0793011,3.31116,7736.05,9.9809,52.4946,4349.3,4.62,0.67
1326.01,1326,FP,8.0428575,,6718.53,8.6746,285.587,8286.0,,
1327.01,1327,APC,3.9392211,27.6744,11779.7,8.38189,457.792,8715.0,3.55,4.12
1328.01,1328,FP,4.0157492,6.47219,669.61,10.3599,397.905,6585.0,3.94,2.07
1329.01,1329,FP,2.01976,7.3626,5926.69,10.2835,398.627,7274.6,4.18,1.72
133.01,133,PC,8.1995368,1.9226211,26.2353114,9.9762,48.6326,4028.0,4.55902,0.650533
1330.01,1330,FP,1.748054,,,9.521,,,,
1331.01,1331,FP,2.65646,12.1711,948.066,9.08409,402.661,6135.4,3.4,3.98
1332.01,1332,FP,2.65688,,,10.8823,645.841,,,
1333.01,1333,CP,4.7201912,15.2105,1112.85,9.03527,200.492,6696.0,4.08,1.8
1334.01,1334,FP,4.03349,23.4514,5512.68,9.5526,1276.26,11348.0,,6.37
1335.01,1335,FP,3.3295394,14.3988,2238.0,10.4806,624.639,7965.0,3.98,2.35
1336.01,1336,FP,3.8615978,13.8394,2320.32,10.2115,524.29,7396.0,3.89,2.45
1337.01,1337,KP,3.3448404,20.8091,4587.45,9.8787,427.678,9364.0,4.32,1.76
1338.01,1338,CP,95.174,7.8498891,0.9938316,11.4881,399.017,5723.2,3.6,1.51811
1339.01,1339,CP,8.8803247,3.19902,80.8708,8.2929,53.6089,5555.7,4.49,0.92
1339.02,1339,CP,28.5804571,2.55979,12.8234,8.2929,53.6089,5555.7,4.49,0.92
1339.03,1339,CP,38.3513495,2.6167,25.3934,8.2929,53.6089,5555.7,4.49,0.92
134.01,134,CP,1.4015183,1.4616853,149.3747543,9.22978,25.1496,3794.0,4.67812,0.597007
1340.01,1340,FP,8.5874668,5.3744721,152.0429498,10.8037,208.687,5929.0,4.48275,0.987583
1341.01,1341,FP,6.4474918,48.9878,720.601,9.53591,236.568,6477.6,4.13,1.69
1342.01,1342,FP,1.4136455,,5133.26,10.4243,,5869.0,,
1343.01,1343,FP,3.4040139,5.34279,81123.4,10.0062,400.034,9622.0,4.39,1.65
1344.01,1344,FP,13.7431164,16.0334,111.168,8.88797,121.182,5941.5,4.23,1.4
1345.01,1345,PC,8.47134,16.9325,3465.35,10.8049,788.93,5146.0,,4.88
1346.01,1346,PC,5.5025577,2.7049797,102.6644008,10.7261,115.45,4965.0,4.56,0.784109
1346.02,1346,PC,1.7622537,2.5235818,468.5415425,10.7261,115.45,4965.0,4.56,0.784109
1347.01,1347,PC,0.8474218,1.7536544,1876.1315489,10.7157,147.476,5300.0,4.56,0.846387
1347.02,1347,PC,4.8420438,1.6177405,183.6641995,10.7157,147.476,5300.0,4.56,0.846387
1348.01,1348,FP,2.14056,1.83828,316.156,10.6666,101.713,4567.0,4.39,0.84
1349.01,1349,APC,12.71672,2.7546,34.1387,9.34822,130.242,5711.1,4.24,1.27
135.01,135,CP,4.1269046,17.0952,1436.49,9.2205,196.852,6888.0,4.23416,1.59
1350.01,1350,PC,5.5402372,17.4013,2282.41,10.3589,598.635,6415.0,3.49,3.39
1351.01,1351,APC,5.92941,,,10.3267,125.308,,,
1352.01,1352,APC,5.29625,14.6325,360.497,10.4209,315.0431,5958.7,,1.93
1353.01,1353,FP,4.4350025,9.91393,6855.78,10.1503,464.209,9706.0,4.29,1.87
1354.01,1354,FP,1.4287976,9.00484,165726.0,8.78822,245.776,9224.0,4.37,1.65
1355.01,1355,PC,2.1702725,15.2590586,11706.9549101,8.65269,248.148,9218.0,4.27,1.8527499
1356.01,1356,PC,24.2544697,,1556.33,8.9468,4772.59,8381.3,,
1357.01,1357,FP,0.33759,2.96097,9164.98,10.2193,254.401,7387.0,4.39,1.37
1358.01,1358,FP,1.67346,5.10182,19786.3,8.63701,356.681,10445.0,4.09,2.45
1359.01,1359,FP,2.5152549,13.4294,4740.94,10.2732,335.203,5915.0,3.82,2.11
136.01,136,CP,0.4628844,1.3543237,64.718104,11.9238,14.8846,3043.0,5.09707,0.188624
1360.01,1360,FP,0.70902,5.18865,65312.0,10.0146,533.615,8999.0,4.05,2.36
1361.01,1361,PC,2.2374051,12.119751,4061.5979355,10.2202,339.994,7050.0,4.19,1.6635
1362.01,1362,PC,1.9173816,17.5081,1941.36,9.7736,975.533,8129.0,,7.39
1363.01,1363,FP,9.6926439,13.0906,87.6527,10.3843,615.12,6012.0,3.39,3.51
1364.01,1364,PC,1.7753644,9.49405,7558.32,9.2118,595.288,9598.0,3.81,3.23
1365.01,1365,FP,1.8286961,21.4433,18194.7,10.4849,244.318,6046.3,4.43,1.23
1366.01,1366,FP,14.8626982,26.5090911,202.6095767,8.48216,118.59,5705.0,3.97,1.73364
1367.01,1367,FP,2.0881134,5.41738,8383.12,9.24102,195.858,6255.8,4.11,1.7
1368.01,1368,FP,1.25562,2.95064,2790.4,9.1384,158.181,5717.0,3.97,1.72
1369.01,1369,FP,7.6047417,6.14418,2393.29,10.4216,516.299,9139.0,4.29,1.8
137.01,137,FA,4.8173797,1.71137,33.919,10.702,88.8838,4651.0,4.56937,0.69
1370.01,1370,FP,5.2651271,11.2446,2619.14,9.25068,275.493,8728.0,4.32,1.7
1371.01,1371,APC,5.0095595,36.2553,2088.59,9.948,302.295,6527.0,4.11,1.75
1372.01,1372,FP,6.1600888,8.22262,143.457,10.3126,244.043,5772.0,4.07,1.55
1373.01,1373,KP,3.8529962,15.6058,1669.87,9.995771,275.358,6893.4,4.22,1.57
1374.01,1374,FP,1.06884,10.3628,32361.2,9.8261,1013.56,9222.0,3.42,4.94
1375.01,1375,FP,5.4561177,5.78741,796.96,10.4568,365.168,7465.0,4.31,1.51
1376.01,1376,FP,1.7370044,4.1517239,2883.8882363,10.2566,240.012,6026.0,4.16,1.4505
1377.01,1377,FP,1.99143,,108701.0,10.1441,4984.88,9458.2,,
1378.01,1378,FP,5.7785318,42.6903,2264.51,9.624,547.399,8224.0,3.81,2.92
1379.01,1379,APC,1132.0244686,30.6957,449.947,10.3842,366.242,5984.0,3.98,2.07
138.01,138,APC,6.1982658,7.84585,234.343,9.5739,128.488,5722.0,4.35582,1.11
1380.01,1380,FP,1.41072,8.4993,2001.09,9.32845,305.674,5197.0,,3.84
1381.01,1381,PC,6.5601782,28.2675,20126.7,10.379,737.108,9976.0,4.01,2.62
1382.01,1382,FA,0.44482,10.8884,14152.2,9.62426,285.666,7184.0,4.1,1.88
1383.01,1383,FP,1.532703,10.8699,26916.4,9.5621,178.003,6023.1,4.24,1.39
1384.01,1384,FP,0.7131492,4.89712,18159.7,10.0009,235.218,5128.9,3.88,1.93
1385.01,1385,FP,4.52318,,,8.437,324.346,,,
1386.01,1386,CP,25.8386422,4.31235,32.9135,10.0618,146.858,5769.0,4.43,1.03
1387.01,1387,FP,0.78381,3.89595,9401.36,8.95861,239.688,7842.0,4.22,1.72
1388.01,1388,KP,4.4653014,14.5338,243.703,9.76031,158.979,6051.2,4.35,1.18
1389.01,1389,PC,3.062624,,204.269,9.957501,,5086.8,,
139.01,139,CP,11.0708575,2.3337648,22.4219066,9.3636,42.4061,4356.0,4.53491,0.700727
1390.01,1390,FP,2.63725,8.74081,2643.68,10.3093,523.373,7495.0,3.88,2.5
1391.01,1391,FP,2.7260173,4.98036,4788.29,10.4602,115.746,5256.0,4.59,0.79
1392.01,1392,FP,2.86876,8.48351,2571.69,10.399,594.193,8342.0,3.9,2.65
1393.01,1393,FP,0.5590256,4.22851,2015.68,10.1993,248.79,,,1.35
1394.01,1394,FP,2.958148,4.47387,4739.26,9.44275,195.022,6294.0,4.13,1.58
1395.01,1395,FP,0.98736,3.41784,2591.32,10.1277,279.953,6301.3,4.07,1.69
1396.01,1396,FP,3.99307,6.35126,1282.52,10.3217,102.931,4731.1,4.35,0.93
1397.01,1397,FP,8.6795072,24.132,578.958,10.1799,194.993,6057.0,4.43,1.14
1398.01,1398,APC,6.5560604,13.1465,1056.97,8.6291,648.398,8918.0,3.51,4.58
1399.01,1399,FP,1.3812787,5.91488,24595.6,10.2107,252.396,6483.0,4.28,1.38
140.01,140,APC,2.2813432,12.7387194,5760.9720984,9.7828,337.105,6174.0,4.27404,2.35511
1400.01,1400,FP,5.48923,11.8401,2592.62,10.938,370.791,6004.0,4.06,1.62
1401.01,1401,FP,7.3845072,23.6091,514.397,10.9828,383.166,6149.2,,1.43
1402.01,1402,FP,0.43889,6.69456,14357.3,10.5896,576.745,7111.0,3.91,2.32
1403.01,1403,FP,2.3359622,18.3852989,7363.4830838,10.7387,482.603,7577.0,4.05,2.0780001
1404.01,1404,PC,6.8674054,2.4024,297.944,10.9425,247.074,6051.5,4.48,1.03
1404.02,1404,PC,14.431887,3.73311,52.4908,10.9425,247.074,6051.5,4.48,1.03
1405.01,1405,FP,12.64001,,703.834,8.4239,,5195.1,,
1406.01,1406,CP,10.5739824,9.43898,171.146,11.4266,414.23,6519.0,4.36,1.27
1407.01,1407,KP,9.9783319,2.0515332,300.9646623,7.7275,80.8994,6073.5,4.1,1.47131
1408.01,1408,CP,4.424712,8.05593,271.896,8.82374,139.484,6594.0,4.23,1.49
1408.02,1408,KP,2.2222094,1.39527,2005.35,8.82374,139.484,6594.0,4.23,1.49
1409.01,1409,APC,4.7182888,15.2763,876.886,8.3764,83.2324,6112.0,,2.74
141.01,141,CP,1.0082361,1.7202,1882.94,7.384,48.0883,5795.29,4.438,1.13
1410.01,1410,PC,1.2168732,3.43106,153.719,10.1917,72.7512,4634.6,4.51,0.78
1411.01,1411,CP,1.4520486,1.404,266.85,9.1043,32.4778,4184.0,4.57376,0.69
1412.01,1412,APC,4.731977,6.97384,3.01841,11.0997,81.0643,4223.45,4.61744,0.66
1413.01,1413,PC,6.1182129,6.1579891,149.0299553,10.1188,115.417,5427.0,4.51461,0.890109
1414.01,1414,APC,3.0197807,17.9176077,2558.7198805,11.029,460.951,7128.0,4.23768,1.58815
1415.01,1415,PC,14.4193583,4.7835825,186.8992158,8.39816,112.152,6383.0,4.24518,1.41048
1416.01,1416,CP,1.0697621,1.60037,1061.92,9.0739,55.0135,4946.0,4.53834,0.8
1417.01,1417,CP,3.0726434,19.9197757,2446.8848714,8.51017,151.528,7164.0,4.25661,1.55831
1418.01,1418,FA,0.6763235,1.700035,42572.1587375,6.76754,161.067,8475.0,3.82228,2.9486499
1419.01,1419,KP,2.8997405,10.0433,176.587,10.7164,134.554,5224.0,4.55801,0.82
142.01,142,PC,0.8533534,12.600718,262.1025386,14.7109,320.237,3658.0,4.438,0.608076
1420.01,1420,PC,6.9561134,12.090823,136.9557694,11.2287,201.918,5387.0,4.46259,0.940037
1421.01,1421,APC,2.8879675,,634.2192374,10.5998,74.2281,5780.0,4.438,
1422.01,1422,CP,13.001789,3.84805,90.515093,10.1308,155.141,5914.0,4.46,1.00826
1423.01,1423,FP,2.7556532,6.4145519,207.2386368,10.9243,112.383,4993.0,4.66918,0.696945
1424.01,1424,PC,4.8962484,3.5246468,95.080851,10.5152,86.8203,4528.99,4.48318,0.799965
1425.01,1425,APC,1.0318213,28.2906,8422.18,9.25755,153.904,5810.6,4.13,1.49
1426.01,1426,FP,0.78999,1.99,5497.38,9.76952,129.284,5558.0,4.43,1.1
1427.01,1427,FP,12.80758,11.4222,28.4034,10.0526,72.6157,5094.4,,0.63
1428.01,1428,FP,11.35626,12.9372,1493.65,10.8475,504.976,6314.0,3.87,2.14
1429.01,1429,FP,0.6412558,4.841202,10373.5192117,11.6459,435.255,5854.65,4.1262,1.47292
143.01,143,KP,2.3109689,17.30428,4324.0354536,9.77486,298.109,6371.0,3.94807,1.95411
1430.01,1430,CP,7.4341456,1.97737,48.0098,8.3879,41.1706,5064.0,4.57887,0.78
1431.01,1431,CP,2.650232,15.9327,1454.53,7.79824,148.925,7400.0,4.11,1.94
1432.01,1432,PC,6.1095756,2.19963,117.102,9.4653,95.1757,5587.0,4.51,0.91
1433.01,1433,APC,12.4379715,24.6478297,3.4868062,12.4647,67.9631,3275.0,4.75761,0.476997
1434.01,1434,PC,29.902663,2.0294563,12.0207983,8.0621,37.7873,5393.86,4.67802,0.735511
1435.01,1435,PC,0.6858278,1.216,1568.58,9.9802,92.8659,5142.0,4.54622,0.82
1436.01,1436,PC,0.8675883,1.4302423,1118.0589981,11.0906,131.601,5011.22,4.6136,0.74524
1437.01,1437,PC,18.84101,2.11414,104.735,8.69378,103.297,6093.0,4.32207,1.22
1438.01,1438,PC,5.1396634,3.08154,53.8627,10.3237,110.513,5374.0,5.96065,0.82
1438.02,1438,PC,9.4280907,2.37465,13.1589,10.3237,110.513,5374.0,5.96065,0.82
1439.01,1439,CP,27.6439059,3.9949468,84.2986281,9.98671,230.306,5873.0,4.043,1.62481
144.01,144,CP,6.267832,1.99779,203.434,5.1054,18.2702,5950.0,4.438,1.15
1440.01,1440,PC,15.5174519,2.43592,207.048,9.80972,237.152,5780.0,4.438,1.34
1440.02,1440,PC,4.6274206,1.43332,557.8163511,9.80972,237.152,5780.0,4.438,1.34
1441.01,1441,PC,22.092974,2.33525,64.932,9.48477,141.133,5885.0,4.27782,1.24
1442.01,1442,CP,0.4090681,1.1833779,207.0242436,12.4934,41.1659,3328.0,4.91612,0.308799
1443.01,1443,PC,23.5406962,2.13419,16.1306,9.9377,85.8034,5236.0,4.63898,0.75
1444.01,1444,CP,0.4702801,1.5890513,5028.509646,10.1522,125.463,5466.0,4.48625,0.92499
1445.01,1445,PC,9.8130697,2.67352,175.261,10.6074,215.246,6240.0,4.46607,1.06
1445.02,1445,PC,4.7842093,2.14401,428.772,10.6074,215.246,6240.0,4.46607,1.06
1446.01,1446,PC,6.3170657,2.4720516,108.3220651,10.7502,133.863,5180.0,4.54308,0.83031
1446.02,1446,PC,4.5057387,1.7133121,169.9741138,10.7502,133.863,5180.0,4.54308,0.83031
1447.01,1447,FA,1.2273079,3.6075647,10396.9641276,8.1033,309.2709,6906.0,4.438,4.12041
1448.01,1448,PC,8.0970819,2.6354043,5.3632275,13.1717,73.3345,3391.0,4.84373,0.381586
1449.01,1449,FA,,3.492429,1.3124685,10.745,56.3228,5780.0,4.64751,0.604385
1449.02,1449,PC,2.3691849,1.614201,427.9831307,10.745,56.3228,5780.0,4.64751,0.604385
145.01,145,PC,5.13002,8.86428,842.866,11.6789,438.421,5430.7,4.4,1.58
1450.01,1450,PC,2.0439268,1.0924808,44.9492524,10.0306,22.4467,3407.0,4.7606,0.473603
1451.01,1451,PC,16.5379864,2.51948,53.0216,8.9989,91.9362,5781.0,4.43068,1.03
1452.01,1452,CP,11.0619937,1.6184944,2.0225025,12.295,30.5212,3248.0,4.95407,0.275364
1453.01,1453,PC,6.5886848,2.14386,26.1706,10.1426,78.7415,4920.0,4.64,0.71
1453.02,1453,PC,4.3135259,1.12982,87.5472,10.1426,78.7415,4920.0,4.64,0.71
1454.01,1454,PC,2.6794168,13.6925582,1027.9022729,11.1612,289.372,6075.0,4.38,1.14394
1455.01,1455,APC,3.6231429,18.4111,485.19,10.1543,245.692,6458.8,4.32,1.35
1456.01,1456,CP,18.712253,10.3984,171.765,8.0417,80.6665,6125.0,4.29,1.27
1457.01,1457,APC,6.3768548,,774.775,7.1145,41.2482,6393.0,,
1458.01,1458,KP,2.7759225,14.235101,1186.3541868,10.374,226.637,6140.0,4.32,1.24182
1459.01,1459,FA,9.155934,2.4949092,66.1504006,10.1583,101.358,5219.0,4.55718,0.82204
146.01,146,FP,6.30556,,,10.7124,739.632,,,
1460.01,1460,FP,6.8424983,16.4578474,215.5002138,9.9176,150.102,5766.0,4.438,1.1282001
1461.01,1461,APC,3.5686777,20.2503751,876.963913,11.3805,359.959,6046.0,4.26929,1.28529
1462.01,1462,CP,2.1779407,1.28228,759.183,5.8961,27.0498,5801.89,4.25132,1.26
1463.01,1463,KP,2.8791023,12.0920506,693.2320081,12.0401,367.658,5583.0,4.33946,1.1145999
1464.01,1464,PC,11.3125266,2.686447,56.1140618,10.8597,151.654,5290.0,4.53286,0.854841
1465.01,1465,KP,1.4200248,12.5242,382.328,11.8478,185.615,4910.0,4.57248,0.77
1466.01,1466,PC,1.8718991,2.40733,167.099,11.0278,86.5783,4201.0,4.5079,0.75
1467.01,1467,PC,5.9711357,1.8721145,18.0882455,10.5977,37.4418,3834.0,4.74552,0.490737
1468.01,1468,CP,15.5324385,2.013576,2.1399188,10.8858,24.7399,3382.0,4.85532,0.369306
1468.02,1468,CP,1.880531,1.4548629,35.7280633,10.8858,24.7399,3382.0,4.85532,0.369306
1469.01,1469,KP,3.0929674,1.3536173,192.9278761,4.6278,6.53127,4884.29,4.59034,0.750598
1469.02,1469,KP,6.7650278,1.27931,32.4433,4.6278,6.53127,4884.29,4.59034,0.75
147.01,147,FP,3.4231002,35.4084057,3086.1129325,11.8999,820.079,5620.9,3.6,2.6126101
1470.01,1470,CP,2.5272822,2.2007181,45.3608214,11.4752,51.9503,3624.0,4.74607,0.49012
1471.01,1471,CP,20.7724316,3.91576,209.722,8.5725,67.5478,5625.56,4.46798,0.97
1471.02,1471,CP,52.5637056,3.28372,14.3711,8.5725,67.5478,5625.56,4.46798,0.97
1472.01,1472,PC,6.3634106,4.4784698,110.0200699,10.5508,121.84,5103.0,4.50257,0.859483
1473.01,1473,PC,5.254492,2.16083,317.956,8.297,67.6203,5958.0,4.48217,0.99
1474.01,1474,FP,5.222621,3.7216015,2.7908584,14.1431,83.8106,3453.0,4.95337,0.275946
1475.01,1475,PC,8.4953513,5.2961699,2555.3062468,8.77994,294.237,10012.0,4.29876,1.88016
1476.01,1476,KP,1.2175089,12.1383898,5879.5644468,10.2242,268.43,6596.04,4.2467,1.46216
1477.01,1477,KP,2.7324809,18.2785375,2531.1335542,10.6496,370.284,6695.0,4.17494,1.61271
1478.01,1478,CP,10.1802014,12.3422,261.013,10.2042,152.892,5623.0,4.4,1.04
1479.01,1479,FP,16.6828999,17.1854,15.2595,10.364,531.96,6423.0,3.74,2.63
148.01,148,CP,4.86709,7.42915,435.152,11.7835,395.257,5814.3,4.34,1.15
1480.01,1480,FP,3.354053,,11694.6627862,8.7514,893.093,8181.0,,
1481.01,1481,FP,2.1853174,14.8742,2412.11,10.3209,1026.12,8332.0,3.54,4.02
1482.01,1482,PC,5.7121916,15.4584,1009.66,10.0687,318.277,6720.0,4.09,1.79
1483.01,1483,FP,5.0037857,6.77338,2812.53,10.4935,209.69,6109.0,4.42,1.09
1484.01,1484,FP,1.1623941,8.21669,1464.16,10.2108,368.134,5843.7,3.82,2.23
1485.01,1485,FA,2.9551881,5.60201,158.866,8.8052,386.266,5054.0,,6.17
1486.01,1486,FP,0.2666485,1.30468,3064.12,9.9592,44.3531,4154.0,4.53,0.71
1487.01,1487,FA,23.28798,14.6492,11.0443,5.28906,110.923,5047.0,,8.95
1488.01,1488,FA,0.4721054,1.3988866,47943.4214221,8.07023,160.832,7269.0,4.08,1.93752
1489.01,1489,FA,6.98301,13.6402,148.818,8.2285,411.532,5118.0,,8.4
149.01,149,PC,3.3399432,,522.4427099,10.8727,380.81,5095.6,,
1490.01,1490,APC,3.9943,11.9767,746.666,8.39511,247.112,4939.0,,5.11
1491.01,1491,PC,4.4902667,5.56985,322.83,10.3996,204.881,5899.0,4.29,1.23
1492.01,1492,FP,0.86673,3.54647,1519.96,9.76119,163.083,5904.0,4.31,1.25
1493.01,1493,CP,5.14124,18.0411,1594.76,9.7116,371.414,6064.0,3.57,2.9
1494.01,1494,CP,5.0267996,12.9814741,853.1354811,10.3002,278.514,6434.0,4.21,1.4782799
1495.01,1495,FP,2.6277641,,1344.6,8.706101,1610.79,3294.0,,
1496.01,1496,FP,10.82661,11.5303,760.667,10.0478,78.3164,5113.0,4.71,0.68
1497.01,1497,FP,0.8165295,4.12435,136662.0,9.95717,405.174,8911.0,4.26,1.85
1498.01,1498,FP,1.4014167,11.8932,81940.9,9.6788,265.402,8014.0,4.32,1.6
1499.01,1499,FP,4.95898,,12.992,7.8165,2509.86,3295.0,,
150.01,150,CP,5.8574075,13.8892762,750.9220273,10.9031,336.267,5982.9,4.03,1.67987
1500.01,1500,FP,1.4147363,,1283.11,10.1871,89.156,4980.0,,
1501.01,1501,FP,1.077774,10.1773,61535.5,10.4089,351.079,7274.0,4.25,1.58
1502.01,1502,FP,2.7536237,11.1685,529.9,10.4824,387.982,5647.0,3.68,2.41
1503.01,1503,FP,1.6534102,6.07704,58331.7,10.2347,289.116,6928.0,4.29,1.46
1504.01,1504,FP,1.2456423,3.80598,1370.47,9.98645,231.273,6194.0,4.16,1.5
1505.01,1505,FP,3.4272549,7.7503736,2690.6140029,9.27116,236.734,6338.0,3.9,2.0707099
1506.01,1506,FP,10.9115374,18.4382,17372.4,9.8115,705.851,9195.0,3.75,3.37
1507.01,1507,FP,0.46741,7.77804,137211.0,8.41718,195.542,7960.5,4.23,1.77
1508.01,1508,FP,2.1575124,11.8527,4213.12,10.471,852.233,8326.0,3.58,3.87
1509.01,1509,FP,1.577609,9.73924,2982.64,9.42218,431.14,7856.0,3.78,2.91
151.01,151,FP,1.59782,3.59995,955.676,11.0264,137.504,5037.6,4.72,0.79
1510.01,1510,FP,1.23852,7.11712,9304.06,10.1975,500.543,6524.0,3.5,3.4
1511.01,1511,FP,1.1025238,15.8737,132458.0,10.381,544.233,9218.0,4.21,2.0
1512.01,1512,FP,1.597226,,1397.0143195,10.262,,,,
1513.01,1513,FP,1.76589,4.06597,6579.97,10.2866,275.906,6221.0,4.13,1.55
1514.01,1514,FP,1.36991,11.8886,18625.3,7.5586,242.006,7339.8,3.56,3.64
1515.01,1515,FP,3.66505,7.19016,555.083,10.4433,337.288,6370.0,3.81,2.32
1516.01,1516,CP,2.0560153,17.2767,1899.83,10.377,247.054,6485.0,4.37,1.24
1517.01,1517,FP,2.25505,,,9.599,184.762,,,
1518.01,1518,CP,1.902606,19.576504,17123.005499,8.75127,225.888,9918.0,4.32,1.82241
1519.01,1519,FP,1.0960111,9.05714,14474.6,10.1914,294.851,6083.0,,1.58
152.01,152,FP,7.00776,8.1288,302.511,11.3569,376.849,6347.0,4.23,1.22
1520.01,1520,PC,6.1461734,6.96236,8177.52,9.68805,196.55,6153.0,4.15,1.5
1521.01,1521,FP,4.1812866,15.448,1049.28,9.78876,317.752,6146.0,3.78,2.31
1522.01,1522,FP,2.9798592,4.92227,8878.81,9.39575,303.976,9024.0,4.24,1.89
1523.01,1523,FP,6.72694,5.19273,264.81,10.3197,305.758,6745.0,4.23,1.53
1524.01,1524,FP,10.9554897,22.7316,20081.6,9.1325,792.79,8522.0,,6.79
1525.01,1525,FP,0.6171788,7.26341,18771.3,10.3202,799.447,9603.0,3.83,3.14
1526.01,1526,FP,1.5309799,6.01061,1124.09,9.693811,320.06,6298.0,3.77,2.38
1527.01,1527,PC,5.0625891,15.2343,1582.94,9.6968,482.203,7664.0,3.81,2.76
1528.01,1528,APC,9.9385448,,,9.716,392.878,,,
1529.01,1529,FP,0.8229,,59083.0,10.4049,969.594,8078.0,3.8,
153.01,153,APC,7.6316384,12.4425,212.617,11.7349,436.225,6338.3,4.16,1.49
1530.01,1530,FP,0.50261,6.28067,15525.5,9.9475,257.461,6941.0,,1.67
1531.01,1531,APC,0.5175204,,6277.4912154,8.3593,,5095.6,,
1532.01,1532,PC,8.905407,12.3602,236.656,10.1786,259.563,6659.0,4.29,1.41
1533.01,1533,PC,3.6458046,2.93272,173.908,10.1128,100.051,5053.0,4.48,0.88
1533.02,1533,PC,8.0637954,9.29431,25.9007,10.1128,100.051,5053.0,4.48,0.88
1534.01,1534,FP,1.41853,3.93221,6293.46,9.867621,241.204,6329.0,4.08,1.68
1535.01,1535,FP,6.5344463,15.3823,982.822,10.4397,694.491,7715.3,3.96,2.67
1536.01,1536,FP,2.013653,9.0269074,38859.7127334,10.3654,795.905,10310.0,4.01,2.67713
1537.01,1537,PC,6.4902646,3.24146,159.69,10.473,165.589,5999.0,4.52,0.96
1538.01,1538,PC,6.54692,5.62882,483.652,9.8931,160.251,6034.0,4.39,1.12
1539.01,1539,FP,2.590266,9.54526,13184.6,10.4116,530.347,5855.0,3.45,3.22
154.01,154,FP,6.74657,16.2785,80.0277,10.0704,402.734,5910.7,3.59,2.57
1540.01,1540,FP,5.2273176,,19.367,10.4234,2537.64,3593.0,,
1541.01,1541,FP,3.7983639,13.7263,2113.11,9.7436,581.487,9500.0,,2.36
1542.01,1542,FA,8.2916,6.71582,109.067,8.40348,161.65,5119.0,,3.1
1543.01,1543,FP,5.13664,7.04152,5106.92,10.06,605.832,9238.0,4.08,2.32
1544.01,1544,PC,1.2918411,,409.541,10.4143,454.3057,4630.4,,
1545.01,1545,FP,1.5166573,7.73846,2422.33,9.83204,355.69,6905.3,4.03,2.0
1546.01,1546,PC,1.13345,3.03424,3611.25,9.87731,210.101,6223.0,4.23,1.4
1547.01,1547,FP,0.71933,3.45648,3964.33,10.3973,241.296,5758.0,4.21,1.44
1548.01,1548,FA,12.6017,3.34292,135.068,8.7282,96.5232,5861.6,4.3,1.21
1549.01,1549,FP,2.5798051,25.2815,7814.19,10.3959,282.833,6116.5,4.18,1.49
155.01,155,PC,5.4499753,5.28759,839.203,9.0284,187.131,6220.5,3.99,1.79
1550.01,1550,FP,1.62315,20.948,1004.5,10.2936,816.238,6628.0,3.43,4.06
1551.01,1551,PC,1.67546,6.44889,855.787,9.967,313.229,6745.5,4.09,1.78
1552.01,1552,FP,7.57193,10.2119,795.635,8.19,519.941,9146.0,3.45,4.72
1553.01,1553,APC,5.9382147,18.7642,622.074,10.3478,441.44,6775.5,3.97,2.09
1554.01,1554,KP,9.4341589,6.3734064,96.5333103,11.0579,194.033,5450.4,4.48,0.938168
1555.01,1555,FP,2.09989,10.1564,422.491,10.1688,169.788,6025.3,4.46,1.04
1556.01,1556,FP,1.44127,9.20279,22433.7,9.79455,315.386,8009.0,4.29,1.65
1557.01,1557,FP,1.08697,4.98445,2889.01,10.4925,285.876,5751.0,4.0,1.69
1558.01,1558,FP,0.68601,,,10.485,,,,
1559.01,1559,PC,3.4648951,9.72728,374.648,10.3978,685.251,8455.3,3.95,2.54
156.01,156,FP,14.152,10.6751,288.531,10.294,234.138,5823.9,4.6,1.28
1560.01,1560,PC,0.2580006,6.2776081,238125.9359212,10.1942,560.222,9035.0,4.16,2.08687
1561.01,1561,FP,2.27456,13.266,21521.5,10.2948,551.666,6777.0,3.55,3.35
1562.01,1562,FP,0.98999,3.95137,7729.29,9.10226,184.69,6208.0,3.99,1.84
1563.01,1563,PC,1098.2258586,5.13949,0.0125876,9.4397,51.0409,4582.0,4.55,0.74
1564.01,1564,APC,0.5596701,23.3403843,59920.890318,10.2845,574.869,8368.0,,2.2978599
1565.01,1565,PC,1099.2560385,23.8658,,9.2085,328.658,8494.0,,2.18
1566.01,1566,FP,3.01106,7.20703,1281.74,10.5907,377.17,6516.0,,1.63
1567.01,1567,FP,,21.0557,,10.374,86.1112,4503.5,4.42,0.86
1568.01,1568,FP,1.35932,10.3751,15609.5,9.74734,104.358,5421.0,4.46,0.94
1569.01,1569,APC,1.71614,14.1349,958.34,10.424,755.795,5511.5,3.28,4.92
157.01,157,CP,2.0845434,13.4432705,1085.4942586,12.0166,355.683,5638.0,4.35,1.10646
1570.01,1570,FP,1.74626,5.62786,17804.9,9.4883,294.123,8348.0,4.24,1.8
1571.01,1571,FP,1.2427,6.05271,1263.34,10.2353,317.968,5624.8,3.92,2.14
1572.01,1572,FP,8.66698,27.4804,2647.36,10.4562,505.331,6322.2,3.77,2.52
1573.01,1573,KP,21.216464,13.1431,18.9464,7.6353,78.0863,5925.0,4.1,1.55
1574.01,1574,FP,,11.3282,,10.2978,186.665,5791.0,4.29,1.21
1575.01,1575,FP,2.4611008,12.3334,8632.97,10.3775,248.563,5429.5,4.01,1.63
1576.01,1576,FP,0.783879,9.6813253,6087.0682501,9.7828,493.702,4975.0,,5.3874698
1577.01,1577,FP,0.99837,5.29489,2465.96,9.60027,143.575,6082.0,4.39,1.13
1578.01,1578,FP,1.97741,17.5768,46143.6,10.1042,341.514,6742.0,3.95,2.11
1579.01,1579,FP,9.07768,,1012.12,9.7745,524.755,8393.7,4.01,
158.01,158,FP,2.51266,13.3617,793.471,11.2314,601.367,5988.0,4.08,2.3
1580.01,1580,KP,4.7947729,18.5565,1006.54,9.17925,233.22,6333.0,3.86,2.18
1581.01,1581,PC,,18.6201,,9.76978,124.547,5865.0,4.49,0.97
1582.01,1582,FP,1.89253,26.7733,28527.4,10.0188,386.181,6904.3,4.05,2.05
1583.01,1583,FP,3.77188,10.0329,5181.65,9.5425,867.296,10097.0,3.52,4.62
1584.01,1584,FP,0.88654,24.9348,64431.5,9.27904,479.659,6919.0,3.36,4.27
1585.01,1585,FP,1.83641,10.6176,9124.8,8.9676,670.885,9542.0,,5.03
1586.01,1586,PC,1.80794,20.9267,550.041,10.4396,800.464,4628.0,,8.61
1587.01,1587,FP,12.5343031,8.71775,463.57,10.2543,563.997,7275.0,3.91,2.51
1588.01,1588,PC,3.581083,17.1017,6158.1,8.951,742.441,9503.0,,5.96
1589.01,1589,FP,35.4028219,21.7639,57.342,9.87542,278.829,7455.0,4.17,1.78
159.01,159,PC,3.7628372,17.3305867,1797.8272074,10.5132,347.593,6979.2,4.22,1.58746
1590.01,1590,FP,3.10315,,50910.7,10.2146,749.127,9050.3,3.96,
1591.01,1591,FP,,10.4319,,9.64805,282.1,7519.0,4.22,1.7
1592.01,1592,FP,5.6318074,4.8217692,474.4919122,9.76636,170.592,5669.9,4.16,1.38826
1593.01,1593,FP,2.06313,11.9118,1866.39,9.1222,550.183,6716.5,3.24,4.77
1594.01,1594,FP,1.51233,11.1245,18303.0,9.7479,831.907,9447.0,3.54,4.35
1595.01,1595,FP,1.74903,9.17868,2080.28,10.4511,295.452,6222.3,4.15,1.53
1596.01,1596,FP,1.9734615,16.6678,17275.6,10.0888,710.919,7962.9,3.6,3.62
1597.01,1597,FP,0.73772,4.68288,1958.84,10.1342,226.234,6001.0,4.14,1.49
1598.01,1598,PC,1.1020719,4.33066,958.145,8.6344,143.239,6011.0,4.04,1.73
1599.01,1599,KP,1.2198382,18.2179311,9392.0471009,7.87611,121.944,7398.5,4.25,1.60242
160.01,160,FP,4.608,7.99698,724.001,11.2901,341.854,5935.0,4.29,1.28
1600.01,1600,FP,0.36113,6.69136,2677.39,9.66027,252.419,6056.9,3.99,1.95
1601.01,1601,CP,5.33155,14.6101,1071.42,10.1035,336.608,5917.0,3.78,2.22
1602.01,1602,FA,6.15952,3.90515,487.519,10.4375,208.771,6175.9,4.44,1.09
1603.01,1603,KP,4.7321727,15.0238,740.466,10.1868,282.096,6739.0,4.21,1.56
1604.01,1604,FP,3.46608,20.8363,23536.1,9.08054,380.062,7249.8,3.69,3.02
1605.01,1605,CP,8.7094632,20.9625,327.472,9.62924,159.748,5597.0,4.03,1.59
1606.01,1606,APC,4.7126743,6.97602,38.0033,9.08995,143.312,5626.5,,1.55
1607.01,1607,FP,1.0357235,15.828,1358.51,8.4107,329.591,4963.0,,7.83
1608.01,1608,APC,2.4727289,13.9005086,4007.660673,7.42812,100.635,6057.7,3.84,2.12802
1609.01,1609,FA,13.3118,2.67981,109.875,10.2572,165.808,6011.0,4.5,0.98
161.01,161,PC,2.7684331,4.61938,1330.16,11.4964,333.651,5388.0,,0.98
1610.01,1610,PC,2.5287981,2.29951,228.804,10.3727,191.957,5740.2,4.3,1.19
1611.01,1611,CP,16.2017137,2.3594,14.4646,7.5825,28.2938,5071.0,4.58,0.78
1612.01,1612,KP,2.8641388,15.5276,591.067,10.0521,234.149,6082.0,4.13,1.53
1613.01,1613,FP,5.2469991,5.46087,604.151,10.4641,304.76,6651.0,4.27,1.44
1614.01,1614,FP,0.7438074,9.77911,1705.03,10.2351,423.272,5182.0,,4.04
1615.01,1615,FP,3.9401791,25.3897,1090.26,9.68708,260.494,7170.0,4.31,1.51
1616.01,1616,PC,1.3433022,4.72169,365.857,10.4505,304.408,6713.0,4.27,1.45
1617.01,1617,FP,1.4013505,3.7143,1975.13,10.2505,133.496,5521.0,4.48,0.94
1618.01,1618,FP,2.1679,5.32848,10508.5,9.9272,451.796,10596.0,4.27,2.0
1619.01,1619,FP,2.3866952,9.72386,2334.78,10.0552,396.201,5017.0,,4.73
162.01,162,APC,7.764691,15.6068,86.3134,11.6834,274.733,5404.7,4.4,0.99
1620.01,1620,PC,1.5982014,2.28827,5992.53,9.53523,207.505,6594.0,4.23,1.49
1621.01,1621,PC,6.453624,1.35756,680.81,9.97595,161.088,7257.0,4.64,1.02
1622.01,1622,FP,1.7126115,2.01928,4528.0,9.39435,113.845,5932.2,4.48,1.0
1623.01,1623,FP,0.7522775,6.75509,13651.7,9.5287,280.381,7325.2,,1.77
1624.01,1624,FP,5.80783,3.06399,1025.36,10.2763,234.455,6406.0,4.34,1.27
1625.01,1625,FP,1.49446,4.21366,3024.1,10.2918,269.476,6587.0,4.27,1.43
1626.01,1626,KP,3.3326189,15.6399082,1512.9973764,12.0545,610.176,5768.2,4.0,1.6948299
1627.01,1627,KP,5.0172146,13.5478019,404.711186,11.2311,290.404,5930.0,4.4,1.10013
1628.01,1628,KP,2.1436364,18.0537588,3410.2601185,11.1541,454.144,6148.0,4.01,1.77061
1629.01,1629,KP,4.5421594,17.3816,821.405,11.191,435.156,5939.3,4.0,1.73
163.01,163,CP,4.2311173,14.6260711,1489.1126253,10.8719,411.719,6671.0,4.14,1.6640199
1630.01,1630,PC,12.0557352,2.4063,19.919,8.9943,66.0929,5504.0,4.58,0.83
1631.01,1631,APC,15.2521892,2.8346585,129.6204972,10.4289,140.065,5473.0,4.46488,0.949022
1632.01,1632,FP,8.2491871,8.0476984,1.1552603,14.9885,41.5305,2990.0,5.13581,0.165066
1633.01,1633,FA,12.1582804,1.9160277,2.6741524,12.5441,48.049,3429.0,4.90092,0.3232
1634.01,1634,CP,0.98933,1.8303854,122.2150262,11.0136,35.2736,3455.0,4.76798,0.465258
1635.01,1635,FP,34.9270483,18.8285063,0.8171218,13.4447,89.6716,3496.0,4.9,0.389199
1636.01,1636,FP,1.7729239,14.9468862,317.7796355,11.9056,152.983,4769.0,4.64845,0.687841
1637.01,1637,APC,4.076684,17.5223182,1443.0883389,10.6479,374.442,6531.44,4.13711,1.64302
1638.01,1638,PC,0.9150623,5.386904,357.9484179,12.1312,126.283,3810.0,4.56875,0.701237
1639.01,1639,FP,0.901465,3.4348127,325.5470241,12.974,153.986,3896.0,4.64192,0.611023
164.01,164,FP,7.31898,8.79673,468.718,11.407,360.131,5926.0,4.27,1.3
1640.01,1640,CP,1.9495403,1.3929217,23.3722044,11.0548,18.2276,3414.0,4.97292,0.260187
1641.01,1641,PC,1.8646725,12.8352,3903.88,9.616,769.138,9898.0,3.77846,3.4
1642.01,1642,APC,37.4590076,20.3559,15.6505,11.1169,338.948,5730.0,4.09817,1.5
1643.01,1643,PC,20.0795217,2.7170462,15.8594327,8.6628,40.6988,4763.0,4.54306,0.777584
1644.01,1644,FP,1.8497201,11.2477,2139.72,9.8203,163.49,6019.0,4.438,1.24
1645.01,1645,FP,2.1721416,18.0850347,1872.5289135,9.25319,146.653,6198.0,4.27912,1.30937
1646.01,1646,FA,3.623909,6.9347137,4.6168393,13.0367,82.1294,3514.0,4.81377,0.414101
1647.01,1647,FP,6.9744232,37.9891,245.906,10.249,306.502,5821.7,3.97,1.86
1648.01,1648,PC,7.3315684,2.77433,27.4026,9.5831,69.835,4871.6,4.48,0.84
1649.01,1649,APC,3.4557842,20.5846,5261.78,9.17041,267.683,8170.0,4.24,1.78
165.01,165,FP,7.7576444,13.3028,445.472,9.6686,210.311,6038.0,3.96,1.45
1650.01,1650,FP,9.1505,11.1497,272.763,10.0106,463.156,7719.0,3.74,3.02
1651.01,1651,KP,3.7649949,17.8182,580.386,9.88278,235.479,6724.0,4.29,1.42
1652.01,1652,PC,0.6664948,3.217,2681.48,8.68013,130.942,5329.0,3.8,1.99
1653.01,1653,PC,10.9568574,,867.782,9.353,408.36,7106.5,,
1654.01,1654,PC,1.8347892,,,10.1556,304.865,5286.9,,
1655.01,1655,PC,3.2786557,3.63296,447.627,10.3309,165.314,5411.0,4.29,1.15
1656.01,1656,APC,1112.7562924,20.062,617.103,8.54941,106.477,6324.0,4.34,1.26
1657.01,1657,FP,5.6309047,7.00844,2320.13,9.5668,78.7137,5304.0,4.6,0.79
1658.01,1658,FP,0.6803433,8.1888041,71174.0244493,10.2674,506.864,7325.5,3.71,2.97877
1659.01,1659,PC,5.8775548,2.1822904,267.1706249,9.56906,122.494,5977.0,4.47,1.00568
1659.02,1659,PC,3.3985674,1.18609,456.908,9.56906,122.494,5977.0,4.47,1.01
166.01,166,PC,5.0611315,9.1484302,239.1418795,10.7258,172.157,5254.0,4.45,1.00217
1660.01,1660,FP,1.3561596,4.12493,11881.9,9.00007,187.823,6375.0,4.0,1.86
1661.01,1661,FP,2.0492064,,,10.1283,4488.38,,,
1662.01,1662,FP,2.6093167,11.4272,526.719,9.7053,294.292,7235.0,,1.78
1663.01,1663,FP,2.37532,13.5855,24634.5,9.84095,402.261,7895.7,4.06,2.11
1664.01,1664,PC,11.8350822,2.51934,50.3213,9.17708,143.031,6225.0,5.06078,1.34
1665.01,1665,FP,1.76406,12.3762,40901.7,6.4018,66.5241,6481.7,,2.03
1666.01,1666,FP,1.69433,5.20733,3651.29,10.3693,428.948,7185.0,4.04,2.0
1667.01,1667,FP,3.32125,25.5824,12389.8,9.7229,225.941,7174.0,,1.76
1668.01,1668,FP,2.363311,2.74038,1379.02,10.0233,130.543,5420.0,4.38,1.04
1669.01,1669,PC,2.6800572,2.36311,415.617,9.52906,111.276,5550.0,4.37,1.07
167.01,167,PC,4.4531846,,184.842,11.6349,310.951,5766.0,,
1670.01,1670,CP,40.7501028,10.1271,14.5514,9.4682,168.067,6453.0,5.20004,1.31
1670.02,1670,CP,10.9836724,2.35616,196.694,9.4682,168.067,6453.0,5.20004,1.31
1670.03,1670,PC,123.0586028,2.9538423,9.1430897,9.4682,168.067,6453.0,5.20004,1.31225
1671.01,1671,FA,8.13664,11.75,29.5076,8.71289,221.791,4913.0,,3.96
1672.01,1672,FP,3.8954139,5.15915,566.299,10.045,281.902,6064.0,3.94,1.89
1673.01,1673,FP,1.08625,4.65122,4081.88,10.2851,222.358,5562.6,,1.4
1674.01,1674,FP,7.45494,15.1922,479.468,9.46925,201.645,5029.7,,2.45
1675.01,1675,PC,3.133084,10.3743,2269.81,9.9944,399.401,7478.0,4.05,2.06
1676.01,1676,KP,3.1915241,16.3994,1033.99,9.441,213.053,6673.0,4.13,1.69
1677.01,1677,PC,0.6435807,4.8452813,10949.2435224,10.1089,197.14,5919.7,4.12,1.49305
1678.01,1678,FP,13.7058173,20.2141,350.05,10.3614,391.546,8001.0,,2.05
1679.01,1679,FP,0.6565741,5.01154,4719.59,9.9021,299.399,5235.5,,2.68
168.01,168,PC,2.31446,3.40668,176.692,11.5147,130.977,4801.5,,0.73
1680.01,1680,CP,4.8026561,1.4202459,4.4510969,13.3081,37.2209,3231.0,5.04064,0.213459
1681.01,1681,PC,1.5379289,8.379,1075.86,10.4445,153.896,5672.5,4.51,0.93
1682.01,1682,KP,2.7347659,17.7592,1793.88,8.14847,136.681,6767.9,4.1,1.77
1683.01,1683,PC,3.057524,2.4878486,122.3379291,9.794,51.1884,4402.0,4.59,0.695095
1684.01,1684,PC,1.1549928,9.37111,763.37,7.3543,87.5878,4815.0,,2.99
1685.01,1685,CP,0.6691449,1.9200407,204.6910522,11.1117,37.6153,3457.0,4.7705,0.462408
1686.01,1686,PC,6.705326,3.7294648,505.3065595,9.86671,209.153,6141.0,4.17616,1.45858
1687.01,1687,PC,10.2596322,3.9130735,106.7468895,9.83739,124.854,5734.0,4.4674,0.978325
1688.01,1688,APC,6.7171913,22.875658,1148.7011293,10.8001,472.704,5843.0,3.7177,2.3529
1689.01,1689,FA,9.1238101,2.0471844,148.7455904,6.3196,26.9148,5470.16,4.30008,1.1485
169.01,169,CP,2.2554459,11.0535293,1472.0095217,11.788,407.84,5817.0,4.23,1.29661
1690.01,1690,CP,1.4079369,,1652.8943345,16.338,24.7359,5780.0,4.438,
1691.01,1691,PC,16.7368995,2.88015,80.3869,9.52636,111.445,5759.0,4.44767,1.0
1692.01,1692,PC,17.7286608,4.9572307,161.7433903,10.741,341.119,6554.0,4.24316,1.45796
1692.02,1692,PC,32.2079698,7.3178089,72.9642265,10.741,341.119,6554.0,4.24316,1.45796
1693.01,1693,CP,1.766692,1.5574734,57.0208084,10.6714,30.7947,3474.0,4.77152,0.46126
1694.01,1694,CP,3.7701296,5.4800266,195.2881696,10.7424,124.68,5058.0,4.53907,0.81833
1695.01,1695,CP,3.1342946,1.7992966,34.5537033,11.0294,45.1309,3575.0,4.72334,0.516105
1696.01,1696,CP,2.5005291,3.1713853,13.8080731,13.9664,64.9172,3181.0,4.94798,0.280475
1697.01,1697,PC,10.716524,2.34185,19.7169,11.1744,83.7441,4067.0,4.50609,0.65
1698.01,1698,PC,17.04198,,236.097,11.1018,756.791,7697.2,,
1699.01,1699,PC,4.5470055,3.0070741,341.4514343,10.8756,205.283,5654.4,4.41,1.03909
170.01,170,PC,3.7115129,13.941,399.006,11.9692,428.915,5973.0,4.31,1.22
1700.01,1700,FP,1.12355,3.49799,2963.42,10.8219,189.762,5524.0,4.41,1.01
1701.01,1701,PC,1.33418,4.94538,470.116,10.9263,123.643,4685.1,4.42,0.88
1702.01,1702,FP,0.40312,2.95177,1215.98,10.9894,103.107,4252.9,4.37,0.89
1703.01,1703,PC,1.2016105,5.3210497,2266.0772453,10.6414,198.501,5747.6,4.39,1.07532
1704.01,1704,FP,3.929983,6.51515,398.651,10.8508,343.469,6621.9,4.33,1.34
1705.01,1705,FP,13.2054538,3.74642,193.559,10.3042,335.518,6653.0,4.14,1.67
1706.01,1706,PC,4.5156165,2.0572,348.196,10.486,161.185,5617.0,4.47,0.97
1706.02,1706,PC,7.4058178,1.57897,136.205,10.486,161.185,5617.0,4.47,0.97
1707.01,1707,FP,2.02365,5.96472,2411.54,10.3135,291.007,6582.0,4.24,1.48
1708.01,1708,APC,11.44192,9.64245,170.262,10.388,235.782,6259.0,4.34,1.24
1709.01,1709,PC,7.6288424,18.0261,338.345,10.2061,268.655,6157.0,4.1,1.6
171.01,171,PC,1.2386034,13.5831,757.302,11.6626,256.345,5237.0,4.2427,1.11
171.02,171,FP,1.8135767,10.2776168,1028.1397977,11.6626,256.345,5237.0,4.2427,1.10723
1710.01,1710,CP,24.2833782,5.21152,30.5138,8.9134,81.2271,5675.0,4.46,0.98
1711.01,1711,FP,10.2558,7.44683,126.859,9.92871,112.978,5326.0,4.43,0.97
1712.01,1712,FP,3.566276,20.2251,1949.16,9.9841,574.264,6831.4,3.61,3.17
1713.01,1713,PC,0.5572565,3.2761782,3415.3727761,10.618,138.371,5097.6,4.42,0.946
1714.01,1714,KP,3.4744763,19.6131,1701.38,10.7131,396.11,6642.3,4.14,1.67
1715.01,1715,FP,2.8269356,4.8112209,2458.6277073,9.01249,182.907,7072.0,4.28,1.50581
1716.01,1716,PC,8.0823313,2.77252,160.826,8.82897,104.158,5878.6,4.28,1.24
1717.01,1717,PC,4.0524036,12.6674,354.083,9.52339,188.086,6578.0,4.31,1.36
1718.01,1718,PC,5.5870396,4.24332,134.155,8.2558,52.3044,5378.0,4.46,0.94
1719.01,1719,PC,2.7552586,9.65945,799.261,7.7649,227.754,6096.4,3.26,4.17
172.01,172,CP,9.47686,9.80856,161.969,10.7379,342.831,5801.8,4.32,1.79
1720.01,1720,KP,2.6158597,13.1204,428.036,10.4467,154.273,5267.0,4.32,1.08
1721.01,1721,KP,4.1250429,15.3479,1112.27,10.1653,272.655,6304.0,4.11,1.62
1722.01,1722,PC,9.6052235,3.86469,136.86,9.52682,136.419,6137.0,4.43,1.09
1723.01,1723,PC,13.7270395,2.95921,68.9542,9.09942,100.727,5777.0,4.38035,1.09
1724.01,1724,FP,0.6850808,1.9806358,170.8295335,12.507,58.3171,3541.0,4.8452,0.380019
1725.01,1725,KP,1.0914304,22.6154555,8220.5839513,11.0967,427.246,6154.0,4.02046,1.74942
1726.01,1726,CP,7.107934,2.2881711,145.5706555,6.2683,22.4035,5694.11,4.53108,0.902932
1726.02,1726,CP,20.5438153,2.5734283,35.3582059,6.2683,22.4035,5694.11,4.53108,0.902932
1727.01,1727,PC,1.8308782,2.1988321,990.6913333,9.75149,115.362,5566.0,4.44006,0.98869
1728.01,1728,CP,3.4913952,4.9395,44.3221,10.7921,60.798,3907.0,4.62346,0.63
1729.01,1729,FP,0.5732087,,,18.3324,151.383,5780.0,4.438,
173.01,173,PC,29.7537451,11.9868976,86.5625631,8.8784,152.023,6409.0,4.20097,1.46863
173.02,173,PC,9.1702265,2.6317754,415.7946307,8.8784,152.023,6409.0,4.20097,1.46863
1730.01,1730,PC,6.2262315,2.75524,114.271,10.3595,35.6917,3691.0,4.70931,0.53
1730.02,1730,PC,2.1555232,1.47809,132.347,10.3595,35.6917,3691.0,4.70931,0.53
1730.03,1730,PC,12.5739572,2.4359,6.20302,10.3595,35.6917,3691.0,4.70931,0.53
1731.01,1731,KP,3.9228042,15.8493,583.697,11.7946,455.203,6193.0,4.2858,1.3
1732.01,1732,PC,4.1192231,2.2236629,44.2458262,11.3266,74.7599,3876.0,4.62394,0.632571
1733.01,1733,FP,5.80322,6.3744,61.8583,10.379,251.27,5846.0,4.11,1.5
1734.01,1734,PC,28.8745078,2.7122882,28.0202951,10.2713,156.571,5773.0,4.46229,0.988898
1735.01,1735,PC,10.3857602,2.37414,110.973,8.3412,99.4495,6439.0,4.35142,1.26
1736.01,1736,CP,7.0731184,2.73682,265.406,8.3302,88.9482,5656.0,4.1408,1.41
1737.01,1737,PC,14.4479443,2.79779,268.305,8.57502,177.63,6669.0,4.01,1.95
1738.01,1738,PC,3.6985817,4.3816478,59.7654849,12.4851,142.042,3948.0,4.59404,0.6692
1739.01,1739,PC,8.3032978,1.8472693,53.6867533,9.812,70.9819,4814.0,4.54519,0.780707
174.01,174,CP,17.6671687,1.87042,7.60884,8.7513,39.0341,4813.0,4.38,0.69
174.02,174,CP,29.7975205,1.60982,3.2713,8.7513,39.0341,4813.0,4.38,0.69
174.03,174,CP,12.1623316,1.15643,27.5458,8.7513,39.0341,4813.0,4.38,0.69
174.04,174,CP,3.9766833,0.757588,89.0886,8.7513,39.0341,4813.0,4.38,0.69
174.05,174,CP,7.9076222,0.969819,44.8107,8.7513,39.0341,4813.0,4.38,0.69
1740.01,1740,PC,19.428419,2.4616462,27.1745153,10.4274,114.046,5366.0,4.56253,0.835173
1741.01,1741,PC,10.9406641,1.36492,10.665,10.5783,61.9251,4324.0,4.697,0.61
1742.01,1742,PC,21.269127,1.89435,60.764,8.2865,72.8871,5707.0,4.31886,1.16
1743.01,1743,PC,4.2660553,3.30511,10.8837,12.4251,41.2758,3281.0,4.90415,0.32
1744.01,1744,PC,22.3417026,2.77807,61.1181,9.01932,114.39,6179.0,4.3969,1.14
1745.01,1745,PC,5.984871,3.4443503,13.8196717,12.7963,84.0287,3759.0,4.80439,0.424468
1746.01,1746,PC,2.5253323,1.4761503,26.1017752,11.9589,62.55347,3340.0,4.81708,0.410465
1746.02,1746,PC,3.8776815,1.365807,14.7343811,11.9589,62.55347,3340.0,4.81708,0.410465
1747.01,1747,PC,2.7546556,2.17262,106.318,10.4302,70.1306,4435.0,4.58929,0.7
1748.01,1748,PC,1.8318623,1.5299007,404.9227459,10.5657,101.084,4837.0,4.51662,0.768226
1749.01,1749,CP,4.4891367,1.9980298,36.1538988,12.2574,99.5561,3959.0,4.68416,0.561356
1749.02,1749,CP,9.0447039,2.2493746,14.2073509,12.2574,99.5561,3959.0,4.68416,0.561356
1749.03,1749,KP,2.3889051,1.3399401,83.8378977,12.2574,99.5561,3959.0,4.68416,0.561356
175.01,175,CP,3.6906795,1.36751,8.77401,9.41242,10.6194,3469.0,4.9401,0.31
175.02,175,CP,7.4507305,3.04528,1.96064,9.41242,10.6194,3469.0,4.9401,0.31
175.03,175,CP,2.2531134,1.01428,82.284,9.41242,10.6194,3469.0,4.9401,0.31
1750.01,1750,PC,11.3373614,2.619494,33.3520232,11.7077,162.46,4765.0,4.55138,0.768675
1751.01,1751,CP,37.4686602,2.3352,40.5679,8.80616,113.335,6114.0,4.293,1.27
1752.01,1752,PC,0.9351891,1.8032935,194.1728744,12.7463,103.021,3652.0,4.71387,0.526987
1752.02,1752,PC,32.7135406,2.4202837,1.6972705,12.7463,103.021,3652.0,4.71387,0.526987
1753.01,1753,PC,5.3846239,2.6170633,237.9959598,11.2078,226.671,5700.0,4.48088,0.959022
1754.01,1754,PC,16.2143217,2.8235075,6.3061639,11.7229,81.5511,3849.0,4.65688,0.593295
1755.01,1755,APC,60.1849546,17.6582,10.432,9.90051,205.933,6499.0,4.35362,1.27
1756.01,1756,PC,2.7830114,1.7104603,55.5823764,12.0948,86.7159,3756.0,4.68309,0.562607
1757.01,1757,PC,2.125687,1.6780073,209.8814988,11.2906,104.346,4428.0,4.57977,0.707159
1757.02,1757,PC,5.0097113,1.6316574,66.920057,11.2906,104.346,4428.0,4.57977,0.707159
1758.01,1758,PC,20.7051499,3.39245,13.1989,10.0907,96.6215,5169.0,4.57,0.81
1759.01,1759,CP,18.8500438,3.09094,5.95531,9.92838,40.0654,3960.0,4.62853,0.63
176.01,176,FP,16.155373,10.424281,1.8460086,13.4004,65.9528,3270.0,4.98242,0.271
1760.01,1760,FP,11.062666,2.6437021,1.7628857,12.4989,30.5373,3212.0,4.98029,0.254522
1761.01,1761,PC,11.5922513,2.4230886,174.3466841,10.5951,242.537,6311.0,4.37813,1.19407
1762.01,1762,PC,24.141229,4.0770689,38.9416122,10.5949,174.195,6156.0,4.55262,0.94842
1763.01,1763,PC,3.797872,1.9296055,22.3746156,12.8123,88.0677,3520.0,4.76125,0.472869
1764.01,1764,PC,47.3860753,9.77368,0.636581,11.2018,87.2876,4415.0,4.69831,0.62
1765.01,1765,PC,3.493958,5.65971,156.241,11.7176,229.44,5203.4,4.47,0.9
1766.01,1766,KP,2.7033942,16.72,1704.57,9.43351,210.252,6518.0,4.15,1.61
1767.01,1767,KP,4.3532339,16.2509,617.309,9.98111,227.537,5914.0,4.07,1.59
1768.01,1768,PC,7.3377236,3.2807,998.435,9.91008,157.597,5994.0,4.4,1.1
1769.01,1769,APC,0.6097554,3.5774,1086.19,9.4819,90.6965,5493.0,4.52,0.89
177.01,177,CP,2.8531016,2.02068,23.0419,9.49275,22.4751,3703.0,4.76229,0.52
1770.01,1770,FP,1.0924536,6.5935026,5898.9818226,9.22437,163.438,6273.0,4.2,1.4487799
1771.01,1771,KP,3.2122302,13.0356,325.569,9.007,81.7647,5357.7,4.37,1.04
1772.01,1772,PC,8.0542207,2.8337706,140.2332705,9.3523,97.7562,5583.1,4.44,0.995254
1772.02,1772,PC,,4.7263644,102.5780334,9.3523,97.7562,5583.1,4.44,0.995254
1773.01,1773,KP,0.7365463,2.0231121,2657.8322415,5.2058,12.5855,5250.0,4.42,0.963515
1774.01,1774,CP,16.7100422,2.7396616,73.7609475,7.6474,53.974,5853.7,4.38636,1.09271
1775.01,1775,PC,10.2405483,8.69623,55.4426,10.9184,149.234,5251.0,4.54337,0.84
1776.01,1776,PC,2.8009915,1.4033915,560.3349224,7.6586,44.647,5723.87,4.49543,0.945408
1777.01,1777,PC,14.6503935,1.81908,18.7938,8.737001,79.7665,5859.45,4.4776,0.98
1778.01,1778,PC,6.5159507,2.8299713,414.0679194,8.4594,99.451,6023.0,4.23995,1.32944
1779.01,1779,KP,1.8817191,10.9698,22.5072,12.4368,33.928,3138.0,4.91873,0.31
178.01,178,CP,6.5578513,2.54474,24.9125,10.42,62.699,4111.0,4.55528,0.66
178.02,178,CP,20.708504,3.751004,19.4977725,10.42,62.699,4111.0,4.55528,0.701202
178.03,178,CP,9.9616347,2.2807327,21.8201851,10.42,62.699,4111.0,4.55528,0.660806
178.04,178,KP,3.2384253,1.5148369,97.6159379,10.42,62.699,4111.0,4.55528,0.660806
1780.01,1780,KP,1.7063264,10.1999,235.772,12.212,262.706,4974.0,4.44059,0.9
1781.01,1781,KP,2.9720774,15.6498,1939.51,12.5119,935.456,6101.12,3.92024,1.95
1782.01,1782,PC,4.9877056,2.4703077,56.0452278,11.3069,95.2649,4336.0,4.62012,0.668693
1782.02,1782,PC,1.8290294,2.1268375,213.5233995,11.3069,95.2649,4336.0,4.62012,0.668693
1782.03,1782,PC,18.7559765,2.9737536,9.5841474,11.3069,95.2649,4336.0,4.62012,0.668693
1783.01,1783,PC,1.4198659,2.2822776,1263.1832531,9.2742,88.3983,5406.0,4.42475,0.984511
1784.01,1784,APC,2.0937563,6.75578,175.656,9.61433,171.945,6435.69,4.3758,1.23
1785.01,1785,PC,11.0023133,4.25882,261.664,9.6746,384.225,6264.0,4.25903,2.87
1786.01,1786,FP,9.573548,15.6118,275.837,9.5173,248.695,6505.0,4.04,1.83
1787.01,1787,PC,8.7046669,28.8458,313.381,10.3774,327.863,6427.0,4.11,1.67
1788.01,1788,FP,5.34326,10.4171,52.9343,10.1883,191.532,5776.0,4.25,1.26
1789.01,1789,CP,3.2087149,12.3921,455.479,9.1824,229.067,5971.4,3.77,2.26
179.01,179,CP,4.1374379,2.6757659,168.3361754,8.1796,38.5653,5058.0,4.51761,0.802633
1790.01,1790,FA,9.62517,2.03371,170.739,10.2728,164.178,6149.0,4.57,0.93
1791.01,1791,FA,48.4808217,2.36501,36.5063,9.05769,247.435,6153.0,3.72,2.47
1792.01,1792,PC,8.8164887,1.28915,149.167,8.676,69.3223,5502.5,4.43,0.99
1793.01,1793,CP,55.087,4.36639,16.5899,7.8436,36.9941,5175.0,4.51,0.87
1794.01,1794,PC,8.765603,2.96768,134.543,9.69924,155.791,5707.0,4.21803,1.3
1795.01,1795,FP,2.7917911,6.0002066,1003.8358436,10.0721,183.175,6071.0,4.36,1.16271
1796.01,1796,KP,2.6438856,3.812114,29.4322068,8.40346,9.75321,3456.0,4.8,0.425432
1797.01,1797,CP,3.6451549,2.99324,283.719,8.6259,82.3432,5922.0,4.43,1.05
1797.02,1797,CP,1.0376109,1.53671,2287.71,8.6259,82.3432,5922.0,4.43,1.05
1798.01,1798,PC,8.0215043,2.25689,86.0527,10.5191,113.181,5165.2,4.59,0.78
1798.02,1798,PC,0.4378069,1.499704,3369.4751047,10.5191,113.181,5165.2,4.59,0.784618
1799.01,1799,PC,7.093853,1.6277147,163.4661355,8.3662,62.1274,5690.0,4.48062,0.956941
180.01,180,APC,0.8353899,10.0508253,17113.247799,9.5183,264.72,6082.0,3.77654,2.0701201
1800.01,1800,KP,4.1244833,12.4249,459.542,11.1065,277.278,5634.0,4.24009,1.26
1801.01,1801,CP,10.6439385,1.98891,10.7276,9.85623,30.6796,3815.0,4.69775,0.55
1802.01,1802,PC,16.7961107,2.5066457,5.9204002,11.1341,60.6931,3859.0,4.66612,0.582436
1803.01,1803,PC,12.8858629,4.21693,18.3406,11.1476,119.24,4868.61,4.6604,0.69
1803.02,1803,PC,6.2932111,2.98555,58.2524,11.1476,119.24,4868.61,4.6604,0.69
1804.01,1804,PC,4.9246365,2.74529,210.206,10.1345,139.11,5428.81,4.3631,1.06
1805.01,1805,PC,24.0509437,2.87107,10.5047,10.7939,142.849,5232.43,4.52455,0.86
1806.01,1806,PC,15.1512051,2.8411799,2.1462129,12.6196,55.5211,3272.0,4.82521,0.401575
1806.02,1806,PC,8.1960758,2.7663658,4.8692389,12.6196,55.5211,3272.0,4.82521,0.401575
1806.03,1806,PC,0.5019031,1.8451862,201.7325126,12.6196,55.5211,3272.0,4.82521,0.401575
1807.01,1807,CP,0.54937,1.53904,1407.22,9.0363,42.5775,4612.99,4.56172,0.74
1808.01,1808,FP,2.1075001,11.7706128,3058.1088297,11.6735,556.917,6351.66,4.13453,1.59204
1809.01,1809,KP,4.6170519,12.4681,447.82,11.5384,321.084,5797.0,4.36164,1.11
181.01,181,CP,4.5320502,7.0590799,123.9023995,10.4654,96.2338,4983.0,4.61445,0.805573
1810.01,1810,KP,1.3273482,15.4709,1378.13,11.6281,294.419,5555.05,4.36832,1.07
1811.01,1811,CP,3.7130701,11.7215,55.9743,11.1237,128.23,4719.0,4.49738,0.81
1812.01,1812,PC,,7.0430812,25.1551128,11.6463,172.534,5059.36,4.62542,0.738692
1812.02,1812,PC,11.6098182,2.7371461,35.6962064,11.6463,172.534,5059.36,4.62542,0.738692
1812.03,1812,PC,48.3320223,5.0923959,2.1152872,11.6463,172.534,5059.36,4.62542,0.738692
1813.01,1813,FP,0.798,2.95586,898.537,9.91892,285.002,6194.2,4.0,1.84
1814.01,1814,PC,6.3684627,5.1407901,216.0619339,10.8247,362.522,4971.0,,2.3894999
1815.01,1815,FP,2.555332,20.5128,4328.46,10.8946,617.233,6454.0,3.77,2.48
1816.01,1816,FA,22.7873,2.42982,57.1127,9.303001,117.652,5845.0,,1.16
1817.01,1817,PC,13.398256,5.93967,87.625,10.4966,276.417,6131.3,4.18,1.45
1818.01,1818,PC,5.5115037,9.63687,642.257,10.9901,401.96,6236.9,4.09,1.63
1819.01,1819,FA,3.09374,1.72207,936.396,8.98018,160.295,6610.0,4.24,1.47
182.01,182,APC,1.76918,11.6236,1670.21,9.683,107.399,5569.0,4.32065,0.96
1820.01,1820,CP,4.860673,11.4272,292.245,10.5268,248.504,5778.2,4.16,1.4
1821.01,1821,KP,9.4893231,2.4304,41.924,6.9859,21.5618,5120.0,4.6,0.77
1822.01,1822,APC,9.6136615,14.5701,192.623,10.7184,312.52,5637.7,3.97,1.71
1823.01,1823,PC,38.8135498,8.20695,9.29717,9.7722,71.6456,4760.0,4.49,0.82
1824.01,1824,PC,22.8085719,2.45459,14.6287,8.9754,59.4314,5182.0,4.55,0.82
1825.01,1825,PC,10.1824299,10.7723,57.9125,11.7204,285.509,5450.0,4.42,1.01
1826.01,1826,CP,4.1419805,12.9812632,462.8529919,11.2086,265.471,5418.3,4.31,1.15614
1827.01,1827,CP,1.467119,1.3241394,39.492214,8.8223,8.07426,3297.0,4.89,0.331472
1828.01,1828,CP,9.0941239,8.09838,180.272,11.1315,369.986,5759.8,4.07,1.56
1829.01,1829,PC,6.2895835,15.9901,124.221,12.8784,479.529,5565.0,4.41544,1.02
183.01,183,FP,3.4307565,29.7749124,4956.2460141,8.3291,213.024,6270.0,3.61332,2.72192
1830.01,1830,FP,9.7815625,18.205,225.192,7.0166,50.3098,6327.16,4.37297,1.21
1831.01,1831,APC,0.5553244,4.4033839,44853.3980885,7.43229,128.273,6864.0,3.89932,2.2681701
1832.01,1832,PC,4.1508569,7.61178,81.7443,12.9233,270.313,4652.0,4.52358,0.78
1833.01,1833,KP,3.6935997,17.0086591,1639.1071763,9.87229,251.303,6097.47,3.99566,1.78076
1834.01,1834,APC,1.2164402,16.0243,3477.13,11.4951,265.941,5610.0,4.42006,1.02
1835.01,1835,PC,5.6419598,1.8245844,119.4171181,7.6621,32.1585,5297.0,4.61016,0.782479
1835.02,1835,PC,,2.5398986,48.4006234,7.6621,32.1585,5297.0,4.61016,0.782479
1836.01,1836,CP,20.3807063,6.34261,233.577,9.29416,191.649,6351.0,4.12,1.62
1836.02,1836,PC,1.7727505,2.73549,2981.98,9.29416,191.649,6351.0,4.12,1.62
1837.01,1837,APC,5.8182239,7.8231031,1053.479741,8.70842,159.375,5961.28,3.87842,1.99038
1838.01,1838,KP,2.1747062,14.231871,1622.2528254,12.423,575.889,6046.76,4.28918,1.2561899
1839.01,1839,PC,1.4238067,2.6855348,921.846663,10.2173,116.086,5382.69,4.55152,0.848099
184.01,184,FP,4.8170684,24.4342674,952.2769628,10.0433,247.441,6380.0,4.24852,1.44956
1840.01,1840,KP,7.8456075,14.2866,718.188,9.8469,240.726,6266.0,4.08874,1.65
1841.01,1841,KP,4.3011975,15.3684,185.119,12.4474,347.85,5115.16,4.34437,1.03
1842.01,1842,CP,9.5739531,12.4956,354.639,9.26733,223.465,6115.0,3.87646,2.05
1843.01,1843,FP,9.1469122,12.7002634,235.6892132,12.6445,627.627,5954.0,4.26,1.2752
1844.01,1844,KP,3.2130578,11.0975,118.075,11.7551,142.751,4652.87,4.61265,0.7
1845.01,1845,PC,3.6610026,13.3480688,305.2117259,12.889,418.239,5271.0,4.44,0.943402
1846.01,1846,PC,3.9306746,1.7902006,17.7418678,11.8467,47.2496,3512.0,4.81618,0.411452
1847.01,1847,KP,35.4557945,8.9807,9.24196,11.6235,190.422,5076.0,4.53,0.83
1847.02,1847,PC,12.7645811,4.21676,15.1947,11.6235,190.422,5076.0,4.53,0.83
1848.01,1848,FP,5.4809161,8.64837,856.944,10.5038,296.945,5923.0,4.05,1.62
1849.01,1849,APC,9.862756,8.40839,130.902,10.4985,189.09,5595.0,4.32,1.14
185.01,185,KP,0.9414525,15.342,4266.74,8.8287,123.483,6400.0,4.36583,1.35
1850.01,1850,APC,7.39143,16.4641,59.8747,10.626,171.205,5224.6,4.28,1.14
1851.01,1851,APC,6.0179742,10.0342,16.6492,13.1369,274.942,4567.0,4.53,0.76
1852.01,1852,PC,2.3601883,13.4654,505.623,13.4891,543.277,5356.0,4.49,0.9
1853.01,1853,CP,1.2436239,3.89334,435.33,11.3719,165.105,4968.8,4.5,0.84
1854.01,1854,PC,2.5267353,12.697976,333.0417477,13.0383,346.457,4836.0,4.45,0.871731
1855.01,1855,PC,1.3641482,19.5876,852.162,10.6503,176.833,5347.0,4.33,1.08
1856.01,1856,FP,197.0336254,12.0713,1.65744,10.9374,210.486,5616.4,4.44,1.0
1857.01,1857,APC,0.7759895,10.4239,5149.47,9.2427,317.527,7218.0,3.94,2.26
1858.01,1858,PC,2.0912089,18.3695,126.014,12.8777,205.385,4220.9,4.49,0.77
1859.01,1859,CP,63.4839358,11.1495,23.786,9.93689,224.385,6415.0,4.26,1.4
186.01,186,CP,35.6134391,3.12194,10.8612,6.9934,16.32,4628.53,4.32239,0.71
186.02,186,CP,7.7897726,1.00084,144.765,6.9934,16.32,4628.53,4.32239,0.71
1860.01,1860,CP,1.0662082,1.0883,876.703,7.7885,45.864,5668.0,4.51,0.93
1861.01,1861,PC,742.5142746,11.1888239,11.1474457,9.9486,135.758,5490.0,4.45,1.06113
1862.01,1862,CP,5.6442112,11.4462895,854.7074229,11.5429,527.995,6310.0,4.1,1.63591
1863.01,1863,FP,1.42611,9.21032,11388.0,11.2542,383.432,6404.0,4.31,1.32
1864.01,1864,KP,1.6453265,19.0536,1816.48,12.2856,559.068,6023.0,4.25,1.32
1865.01,1865,APC,1.2239134,7.38849,861.54,11.871,757.572,6618.5,3.99,1.92
1866.01,1866,PC,2.1863095,10.9791817,4908.3013736,12.6557,1152.5,6728.0,4.03,1.92153
1867.01,1867,FP,18.10671,19.3734,199.63,12.2339,775.054,6615.0,4.14,1.65
1868.01,1868,PC,8.8263579,12.1777996,381.1216482,12.6053,766.271,6016.0,4.1,1.56043
1869.01,1869,PC,1.6024387,5.5640916,2819.6338493,10.9679,305.601,5435.9,4.2,1.39294
187.01,187,APC,0.5125807,19.2342563,22324.2050264,9.109901,184.529,6725.0,4.19532,1.55195
1870.01,1870,PC,2.7633917,16.4097207,1824.5880178,12.8079,876.378,6511.0,4.25,1.43103
1871.01,1871,FP,3.40612,8.60495,985.653,11.5906,526.243,5955.3,4.06,1.67
1872.01,1872,PC,2.2349708,11.1799,3419.38,11.9414,608.57,6305.2,,1.57
1873.01,1873,PC,24.9341884,3.93465,34.0216,10.7447,182.014,5699.0,4.47,0.97
1873.02,1873,PC,900.1930987,3.6185236,0.2651017,10.7447,182.014,5699.0,4.47,0.971675
1873.03,1873,PC,7.0056805,3.1039232,171.8935756,10.7447,182.014,5699.0,4.47,0.971675
1874.01,1874,APC,17.8683999,19.3843075,242.7182138,11.5816,639.003,7013.0,4.2,1.63559
1875.01,1875,PC,11.3091849,15.4356,26.4473,12.9417,677.874,5817.0,4.27,1.25
1876.01,1876,PC,6.4827647,11.487382,941.0164562,12.8182,1119.32,6748.0,4.12,1.73025
1877.01,1877,FP,3.801591,14.4297,395.697,12.8746,565.519,6051.0,4.48,1.01
1878.01,1878,PC,3.2351013,6.9705803,662.3022648,12.9737,603.015,5976.0,4.43,1.06446
1879.01,1879,PC,13.7045951,17.0437214,237.5404319,12.9935,982.768,6531.0,4.22,1.49611
188.01,188,APC,1.1619531,3.4842503,7309.4764762,9.4668,210.812,6340.3,4.18,1.66089
1880.01,1880,PC,1.7262631,8.4380757,46.8560783,13.0614,102.608,3631.4,4.69,0.556058
1881.01,1881,PC,1.1203828,5.96207,4388.96,10.2761,294.281,6564.4,4.26,1.47
1882.01,1882,PC,3.0898836,18.4456585,6037.4156662,11.2394,708.598,8828.7,4.39,1.63132
1883.01,1883,PC,4.5063838,5.5521734,17.943561,13.3462,115.369,3477.0,4.74303,0.493576
1884.01,1884,PC,6.7822781,9.0508641,114.1304957,12.6183,340.55,5225.0,4.5,0.882285
1885.01,1885,CP,6.5440665,14.1513,318.224,11.9742,560.901,6232.0,4.03,1.76
1886.01,1886,PC,2.5128483,12.8342008,623.3463235,13.0934,529.373,5744.0,4.51952,0.924044
1887.01,1887,PC,2.2001583,2.5006782,164.3262502,12.2415,138.272,4250.0,4.58048,0.705729
1888.01,1888,FP,5.547485,11.48,3368.08,10.4748,521.829,7397.0,4.1,2.04
1889.01,1889,APC,0.9134495,5.4104686,831.1895877,12.5093,211.794,4791.0,,0.771805
189.01,189,APC,2.1940608,8.0065,523.7,10.2638,181.879,6054.0,4.39416,1.04
1890.01,1890,PC,19.9676936,10.0136343,78.6890952,11.6819,372.335,5857.0,4.26,1.26949
1891.01,1891,APC,15.3617729,14.7142,51.0242,9.3059,135.265,5984.0,4.30752,1.22
1892.01,1892,PC,1837.8897313,2.231604,22.7830749,9.9312,97.4697,5256.0,4.55251,0.795285
1893.01,1893,PC,,3.9646898,95.4170227,8.43389,134.912,6996.0,4.29542,1.46151
1894.01,1894,PC,739.2389832,6.2876421,0.362353,10.7519,178.372,5611.0,4.37718,1.0692
1895.01,1895,PC,748.0739416,9.5710516,1.0296947,9.7556,206.229,6762.0,4.39031,1.37387
1896.01,1896,PC,,8.9556287,254.6407802,8.88374,169.851,6750.0,4.18569,1.60572
1897.01,1897,FP,48.5340395,26.827,0.0730269,10.1374,158.493,5937.0,4.44855,1.03
1897.02,1897,FP,48.5338626,7.9008,2.2453,10.1374,158.493,5937.0,4.44855,1.03
1898.01,1898,CP,45.5221456,9.7055757,51.0073705,7.4098,79.6682,6303.91,4.11765,1.61034
1899.01,1899,CP,29.0902271,12.1826517,2.600601,12.5826,128.438,3854.0,4.63619,0.617863
190.01,190,KP,10.0205998,11.7679183,211.7916534,9.6411,157.963,6038.0,4.35513,1.27527
1900.01,1900,KP,3.0566277,12.5182693,606.6634527,13.2554,623.232,5735.0,4.41,1.03865
1901.01,1901,KP,1.3666563,15.437,1310.22,13.1758,555.134,5790.4,4.44,1.02
1902.01,1902,KP,1.6091845,16.7675,1054.66,13.174,960.109,6393.0,4.24,1.43
1903.01,1903,KP,3.8404319,12.3434,1599.92,11.8831,715.383,5909.0,4.42,2.04
1904.01,1904,KP,4.3247708,17.0257,1080.87,11.1138,564.409,6457.0,3.9,2.13
1905.01,1905,KP,5.72226,12.8433,37.0251,10.418,64.7414,4233.2,4.64,0.73
1906.01,1906,KP,9.6246665,12.3182,121.918,11.5688,310.841,5473.0,4.26,1.2
1907.01,1907,KP,5.4774433,20.3433,1506.5,10.7316,538.11,6942.0,3.94,2.09
1908.01,1908,KP,3.65688,12.8031,903.013,11.7083,524.993,6239.0,4.15,1.53
1909.01,1909,KP,4.1536624,12.7595,278.886,11.3187,303.941,5818.8,4.24,1.09
191.01,191,KP,8.1587261,12.7393,209.118,9.1468,89.9606,5600.0,4.50501,1.0
1910.01,1910,KP,5.4161129,13.3752,232.397,13.2958,642.884,5652.0,4.36,1.1
1911.01,1911,KP,7.8181434,9.95177,266.851,12.5757,679.761,5549.0,4.0,1.64
1912.01,1912,KP,5.4053583,13.4237,857.119,10.5579,343.08,6410.0,4.14,1.59
1913.01,1913,KP,3.3489038,13.011038,740.224566,11.8656,389.57,5711.0,4.27,1.2295901
1914.01,1914,KP,4.1933422,11.5425702,1300.3125192,12.2309,737.668,6405.0,4.13,1.6277601
1915.01,1915,KP,2.2920348,13.2497142,1637.2058065,13.1472,800.377,6208.0,4.31,1.26526
1916.01,1916,KP,1.888231,14.4776426,14536.662674,12.4539,1458.83,8549.0,4.11,2.12128
1917.01,1917,KP,1.82069,15.6593,2440.7,12.0457,514.555,6155.0,4.24,1.35
1918.01,1918,FP,3.39829,7.06633,662.808,12.2876,477.322,6271.0,4.45,1.09
1919.01,1919,KP,4.2337078,19.6222,822.444,11.3287,410.149,6333.7,4.21,1.46
192.01,192,KP,3.9227122,7.23153,235.573,10.2499,87.5953,4800.0,4.53527,0.64
1920.01,1920,KP,2.5441537,10.5577,476.965,13.2755,748.585,5652.0,4.2,1.31
1921.01,1921,KP,5.17958,14.829,669.018,12.1577,663.231,6116.0,4.07,1.65
1922.01,1922,KP,4.5768651,19.1571223,1547.1013862,12.3213,878.521,6687.0,4.09,1.78295
1923.01,1923,KP,4.2041585,12.1025,355.909,12.9264,609.838,6781.0,4.54,1.07
1924.01,1924,KP,2.8240691,17.7861,4913.69,8.0552,170.696,8004.2,4.2,1.84
1925.01,1925,KP,2.3447752,13.4487,320.327,11.9397,305.603,5515.0,4.39,1.04
1926.01,1926,KP,1.3372349,3.0265786,886.9841113,12.3686,280.555,5111.9,4.5,0.860256
1927.01,1927,KP,4.1117731,15.4112805,268.7176151,12.3353,325.377,5424.8,4.49,0.916164
1928.01,1928,KP,2.278575,14.7731999,775.8848566,12.3119,355.513,4879.0,4.5,1.21163
1929.01,1929,KP,3.8537616,14.7144,471.61,13.1648,585.77,5697.0,4.39,1.06
193.01,193,CP,0.7920646,12.9674,1013.69,9.1031,80.4373,5422.0,4.42223,0.98
1930.01,1930,KP,2.8786641,12.863,471.142,12.1014,508.885,6017.0,4.22,1.35
1931.01,1931,KP,3.8186276,11.3749,1200.24,12.0233,757.84,6090.0,3.88,2.03
1932.01,1932,KP,5.6107737,18.3701736,1486.8578958,11.3299,627.066,6013.5,4.17,2.21327
1933.01,1933,KP,3.2633165,15.0902486,3163.3762217,12.941,1342.29,6561.0,3.93,2.08347
1934.01,1934,KP,4.5111234,18.5483,1085.35,10.5288,356.391,6540.6,4.26,1.71
1935.01,1935,KP,4.4352884,11.2110231,196.663,12.2682,609.128,6245.0,4.24,1.38
1936.01,1936,KP,2.3506186,12.801,570.233,11.7076,279.485,5593.0,4.46,0.97
1937.01,1937,CP,0.9466787,14.6661,1220.35,12.4933,415.135,5707.0,4.39,1.07
1938.01,1938,PC,12.7060866,11.4460032,131.9890966,10.7347,245.295,6200.5,4.33,1.10563
1939.01,1939,FP,2.8970202,,631.5687933,8.2376,3847.17,8862.0,4.1,
194.01,194,KP,4.8996461,15.9746,259.864,10.248,211.877,5940.0,4.23158,1.5
1940.01,1940,PC,3.4158668,19.3376794,2831.3869926,9.46381,264.051,5986.0,3.66,2.19052
1941.01,1941,FP,1.13305,2.16887,925.999,8.5122,153.896,5883.8,3.77,2.1
1942.01,1942,FP,1.6563738,1.42047,1000.88,9.8146,130.335,5614.1,4.34,1.02
1943.01,1943,PC,1.742564,2.86502,782.573,10.1598,129.892,5309.7,,0.95
1944.01,1944,FP,6.0988471,24.9943945,1423.581832,10.9572,525.922,7023.2,4.11,1.82219
1945.01,1945,FP,1.57363,7.59717,18801.9,10.6707,279.155,5342.5,4.01,1.66
1946.01,1946,FP,10.8458712,21.6846,878.752,8.4672,230.033,6670.3,4.29,2.56
1947.01,1947,FP,12.0077462,,115.384,8.9301,,4990.7,,
1948.01,1948,FP,3.6473383,1.9083777,1104.8893752,10.1302,219.482,5928.0,4.24,1.47579
1949.01,1949,PC,4.6211026,15.4381,948.955,9.4306,200.156,6531.7,4.29,1.45
195.01,195,KP,2.0727598,14.2954,1414.87,9.9696,151.068,5640.0,4.43703,1.13
1950.01,1950,FP,1.41144,,20094.8,8.4215,362.573,9208.0,3.85,
1951.01,1951,PC,4.829406,19.9103402,1628.9232666,9.8722,278.462,5877.5,4.18,1.95583
1952.01,1952,FP,6.89132,11.3151,673.704,10.5,241.981,5488.0,4.14,1.41
1953.01,1953,FP,0.6923563,10.6207,14950.4,9.5187,253.478,6422.1,3.86,1.85
1954.01,1954,PC,4.9064175,9.7548163,1908.1975034,8.9718,232.276,7119.5,4.14,1.98083
1955.01,1955,FP,16.3152,2.23088,26.312,11.1825,22.4731,3625.0,4.81,0.31
1956.01,1956,FP,0.88958,3.8492,4433.23,10.4877,191.877,5586.2,4.21,1.11
1957.01,1957,FP,14.5187891,3.60283,43.2598,9.4845,206.826,5844.8,4.13,1.79
1958.01,1958,PC,14.6483913,33.3954,93.0211,9.9055,496.731,4851.6,,5.42
1959.01,1959,FP,3.2242808,8.5752112,527.6121099,11.0897,407.801,4866.2,,2.62415
196.01,196,PC,1.1630372,8.4237328,49141.0122425,8.0674,292.32,6495.0,3.32048,4.0595698
1960.01,1960,PC,5.3418199,5.7387,1467.54,9.1962,400.718,6466.2,3.7,3.28
1961.01,1961,PC,6.7018963,5.02216,109.429,10.0032,240.34,6231.8,4.21,1.52
1962.01,1962,FP,1.76447,27.921,17578.1,7.185,326.628,8049.0,3.3,5.08
1963.01,1963,PC,12.6534664,20.5105778,106.7171624,10.163,158.09,5394.6,3.77,1.18915
1964.01,1964,PC,0.6467049,6.88932,7773.82,10.7892,405.208,6308.3,4.0,1.71
1965.01,1965,FP,2.2778177,,95451.3,8.177301,401.097,9096.5,,
1966.01,1966,PC,0.6227257,6.3159749,35846.7581896,9.0492,254.169,6390.7,3.83,2.30849
1967.01,1967,APC,0.4262195,5.09474,3290.2,9.9666,186.789,5343.0,4.1,1.5
1968.01,1968,APC,3.97195,13.8556,1605.22,10.52,357.686,6535.3,4.2,1.55
1969.01,1969,FP,2.6855915,3.5729712,1856.700481,8.5941,106.955,5796.0,4.14,1.51715
197.01,197,CP,14.278122,8.3566078,91.6541814,7.3566,95.5483,5105.0,3.39182,2.90324
1970.01,1970,PC,2.5599662,17.4735,1362.9,11.0048,421.946,6432.2,4.11,1.57
1971.01,1971,FP,3.217824,5.84702,227.191,10.3345,247.145,5418.0,4.17,1.67
1972.01,1972,PC,4.7631,4.06445,184.105,9.7472,202.033,6105.1,4.12,1.48
1973.01,1973,PC,3.9194733,,132.064,10.7565,204.984,5149.0,4.35,
1974.01,1974,APC,5.438218,14.7798,157.789,10.5833,238.426,5342.0,4.09,1.49
1975.01,1975,FP,2.8319354,4.18335,914.113,10.2081,205.367,5408.7,,1.48
1976.01,1976,APC,7.6943096,,925.441,8.8681,201.2072,4956.8,,
1977.01,1977,FP,17.0614756,17.1048027,425.8669904,9.5918,437.902,9184.7,4.09,2.14183
1978.01,1978,FP,6.0783344,16.9877965,235.1310083,5.666,2503.46,8719.5,4.08,1.0
1979.01,1979,FP,1.30924,,52079.9,9.8678,395.582,8832.5,4.26,
198.01,198,CP,10.2150168,1.4777754,7.4195034,9.92801,23.7262,3763.0,4.83739,0.447336
1980.01,1980,FP,9.27898,15.0807,1058.72,10.9805,343.388,5898.8,4.08,1.45
1981.01,1981,PC,2.4763492,4.72716,14633.4,10.001,540.252,8749.3,,2.14
1982.01,1982,PC,17.1725007,9.89011,107.942,10.1919,266.509,6617.0,4.21,1.41
1983.01,1983,FP,6.1110945,5.873208,249.203041,10.3349,162.148,5725.0,4.54,1.07235
1984.01,1984,FP,0.5646193,3.01498,8493.1,10.361,252.81,6237.0,4.24,1.3
1985.01,1985,APC,30.7864669,23.8125,112.151,9.9681,332.321,6101.8,,2.05
1986.01,1986,APC,7.5043829,,177.5290293,8.135,,8613.8,,
1987.01,1987,APC,2.5861465,11.9748,271.803,9.62418,273.491,5635.4,3.71,2.33
1988.01,1988,FP,2.2818488,7.2854,2351.9,10.1854,299.378,5368.0,,2.15
1989.01,1989,FP,3.4551479,,499.3447666,10.2581,1541.16,8046.5,4.12,
199.01,199,CP,104.8729635,10.223,2.75278,10.0391,102.27,5350.0,4.52347,0.88
1990.01,1990,FP,3.7899524,11.7871267,602.1590809,10.1574,171.127,5579.5,4.22,1.10456
1991.01,1991,FP,6.6570835,14.8934,528.884,10.1405,268.254,5805.6,4.13,1.73
1992.01,1992,FP,4.31224,12.3576,664.873,10.5287,375.933,,,1.72
1993.01,1993,FP,3.9416903,19.6321,1460.48,10.248,290.78,6190.4,4.15,1.48
1994.01,1994,PC,4.0337201,11.5159,1910.26,10.2396,515.603,7369.0,4.27,2.22
1995.01,1995,PC,3.1056464,13.2277,949.504,9.8153,873.401,7804.8,3.78,4.44
1996.01,1996,FP,7.72433,20.0285,1173.53,10.2372,422.884,6249.4,4.19,2.32
1997.01,1997,PC,1.8359766,5.11603,573.168,9.8916,254.439,6311.5,4.17,1.61
1998.01,1998,FP,1.10833,4.58274,4415.23,10.186,218.438,5972.0,4.08,1.4
1999.01,1999,APC,7.2133579,21.2234,271.595,10.4109,183.691,5843.0,4.33,1.16
200.01,200,CP,8.1382222,6.1757682,115.8275563,7.8541,44.0622,5414.0,4.438,0.951985
2000.01,2000,CP,9.1270425,8.36201,167.221,10.3579,175.713,5400.0,4.43,1.18
2000.02,2000,CP,3.098367,2.47118,328.067,10.3579,175.713,5400.0,4.43,1.18
2001.01,2001,PC,2.7434565,24.4152818,22630.8684044,8.9578,500.027,7896.3,3.6,3.9611499
2002.01,2002,FP,2.3330349,15.6213,12107.6,10.4879,296.179,5986.5,4.32,1.56
2003.01,2003,PC,,15.7171,194.656,9.6569,379.972,7043.2,3.98,2.46
2004.01,2004,FP,1.79988,3.32197,6540.68,9.0607,258.885,6136.9,3.85,2.46
2005.01,2005,PC,17.30714,12.2024,110.956,9.4916,328.475,6995.5,4.1,2.23
2006.01,2006,FA,6.40938,10.1474,50.0267,9.2225,485.257,4650.0,2.54,8.3
2007.01,2007,PC,,3.1563904,1.4952399,10.199,115.409,5249.0,4.48682,0.895408
2008.01,2008,FP,723.8345008,13.1361697,1.3572621,8.64807,139.212,5463.0,3.77778,1.94771
2009.01,2009,PC,1071.0898448,2.2407785,1.3880259,7.3551,20.5272,4755.33,4.62683,0.701499
201.01,201,CP,52.9781419,11.4471492,30.2653161,8.5822,113.825,6461.8,4.35,1.33031
201.02,201,PC,5.8492379,1.18919,389.669,8.5822,113.825,6461.8,4.35,1.33
2010.01,2010,PC,1134.6723963,11.7582195,8.6347102,9.26693,109.19,5842.0,4.39929,1.0735199
2011.01,2011,KP,11.5778362,1.5422129,99.9013415,5.0494,14.682,5739.0,4.51,1.02607
2011.02,2011,KP,27.5920718,2.7050278,31.3830711,5.0494,14.682,5739.0,4.51,1.02607
2011.03,2011,KP,,1.6208326,335.6075222,5.0494,14.682,5739.0,4.51,1.02607
2012.01,2012,KP,3.0565259,15.1633,1438.0,10.6506,320.451,5981.0,4.07,1.6
2013.01,2013,CP,2.6162769,1.0972867,19.1060128,10.2705,15.8095,3352.0,4.8984,0.325635
2014.01,2014,KP,4.8099755,22.6223,2029.17,9.63331,371.686,6417.0,3.7,2.65
2015.01,2015,PC,3.3491408,5.37673,31.0153,12.8387,47.3444,3223.0,4.89993,0.32
2016.01,2016,PC,6.8161231,3.03305,97.7178,10.408,115.834,5175.0,4.54,0.84
2016.02,2016,PC,2.4590369,2.74738,301.374,10.408,115.834,5175.0,4.54,0.84
2016.03,2016,PC,25.3369848,3.23582,25.3267,10.408,115.834,5175.0,4.54,0.84
2017.01,2017,FP,5.49826,16.2801,232.345,8.2057,115.605,6362.6,,1.34
2018.01,2018,CP,7.4355709,2.2761564,26.0757607,8.962,27.9956,4218.9,4.67,0.622512
2019.01,2019,CP,15.3468182,3.99579,126.052,9.6087,198.007,5588.0,3.92293,1.8
202.01,202,PC,1.7386695,9.455763,418.9214934,14.6723,627.339,4746.0,4.52746,0.820258
2020.01,2020,KP,5.633477,13.2583,588.518,8.27468,127.774,6412.8,4.09,1.7
2021.01,2021,KP,3.9415041,13.8352,321.85,10.5484,163.553,5729.0,4.52,0.92
2022.01,2022,FP,0.4487349,5.8054498,928.877466,11.6484,89.3047,3975.0,4.62844,0.627144
2023.01,2023,APC,11.1900486,1.6608182,31.192573,8.5049,36.9284,4958.0,4.66667,0.695992
2024.01,2024,KP,2.8758831,8.33267,1095.91,7.6262,75.8643,6084.0,4.17,1.46
2025.01,2025,CP,8.8720542,11.9849813,343.7177625,10.9461,335.985,6042.0,4.15,1.47996
2026.01,2026,PC,7.1925327,2.5719,75.7071,10.5782,108.076,5050.0,4.59,0.77
2027.01,2027,FP,1.46329,3.54656,3541.21,10.5027,238.061,6168.0,4.29,1.28
2028.01,2028,FP,0.77871,6.16036,10057.7,10.9141,609.996,7751.0,4.0,2.25
2029.01,2029,FP,2.57134,10.7406,5344.87,10.9415,910.693,7125.0,3.54,3.56
203.01,203,FA,51.94509,0.705818,4.34593,12.2423,24.7894,3203.0,5.01682,0.23
2030.01,2030,APC,1.3254567,14.4076,776.933,10.8489,367.355,5778.0,3.74,2.29
2031.01,2031,PC,5.7156075,13.6015651,503.1185454,10.7609,276.105,6664.0,4.44,1.18444
2032.01,2032,APC,17.0096703,13.5294,63.3708,10.9293,293.0,6542.0,,1.5
2033.01,2033,PC,18.8243063,8.51397,90.9855,9.46221,281.184,7014.0,4.05,1.95
2034.01,2034,FP,2.89453,6.20845,9411.16,10.5682,909.511,9714.0,3.98,2.68
2035.01,2035,PC,8.51226,5.90105,872.772,9.1196,359.404,9387.0,,2.35
2036.01,2036,PC,1.261045,4.24615,1770.66,8.97913,231.827,6549.0,3.89,2.18
2037.01,2037,PC,11.1518929,2.91771,206.982,10.67,263.958,6319.0,4.38,1.19
2038.01,2038,APC,3.7321195,19.158,5711.67,10.5352,603.172,6570.0,3.68,2.8
2039.01,2039,PC,11.2479927,4.96692,106.719,10.4719,276.053,6308.0,4.19,1.48
204.01,204,PC,43.8297863,2.8243863,15.6569489,9.2182,95.3428,5605.0,4.39973,1.03654
2040.01,2040,PC,3.8608551,11.2224,163.361,10.8407,144.717,5019.0,4.43,0.92
2041.01,2041,FP,1.37477,3.0101,1122.82,10.4608,177.331,5825.0,4.44,1.02
2042.01,2042,FP,2.41872,7.23529,1660.52,10.9518,511.22,6535.0,3.9,2.16
2043.01,2043,PC,12.0135752,3.7307,143.432,10.1976,203.562,6178.0,4.33,1.23
2044.01,2044,FP,4.1207509,7.46471,2466.19,10.4887,664.006,9953.0,4.09,2.38
2045.01,2045,PC,9.07763,12.6842,388.441,10.7799,366.962,6125.9,4.03,1.72
2046.01,2046,CP,1.4971447,16.2528494,2643.654975,10.996,289.668,6081.0,4.31,1.2431901
2047.01,2047,FP,7.4072589,14.4456,75.7231,10.4708,196.538,5887.0,4.35,1.14
2048.01,2048,CP,13.7905315,2.60168,29.035,10.7545,116.567,5021.6,4.6,0.76
2049.01,2049,PC,5.30329,11.7443,473.142,10.6568,571.487,6054.7,3.41,3.48
205.01,205,PC,4.2529842,2.26991,636.914,9.4525,177.759,6222.5,4.06,1.45
2050.01,2050,PC,13.5970194,2.03572,41.8338,9.70362,113.725,5985.0,4.59,0.88
2051.01,2051,PC,1.1633325,5.5717234,102177.3532273,10.6234,809.88,11265.0,4.07,2.61707
2052.01,2052,FP,1.62263,4.33692,713.443,10.0943,115.724,5016.1,,1.01
2053.01,2053,FP,4.27808,17.8096125,528.551257,10.5008,583.511,4772.0,,5.2787499
2054.01,2054,FP,3.5684459,5.87762,2297.53,10.7633,,8124.0,,2.08
2055.01,2055,APC,4.6981739,31.434,1344.6,10.6526,376.423,6782.0,,1.61
2056.01,2056,APC,10.2207,2.95608,226.74,7.3307,92.8913,6748.7,4.13,1.72
2057.01,2057,PC,5.5986627,9.34167,724.387,10.7165,255.849,6081.3,,1.84
2058.01,2058,FP,1.51567,14.18,1102.82,10.5365,550.191,4963.0,,4.96
2059.01,2059,FP,3.7543552,4.6716,931.407,10.1731,385.274,8398.0,4.27,1.75
206.01,206,CP,0.7363132,1.5332682,117.7581671,12.4312,47.7465,3358.0,4.438,0.351676
2060.01,2060,FP,2.2657506,8.00485,18671.1,9.8722,914.062,10125.0,3.62,4.14
2061.01,2061,FP,1.45655,1.83776,436.167,10.636,78.9495,4475.0,4.59,0.7
2062.01,2062,FP,4.04163,13.1608,304.098,10.155,419.142,6895.0,3.87,2.36
2063.01,2063,PC,21.07626,11.6504,31.6166,10.3499,514.968,7577.0,3.9,2.46
2064.01,2064,KP,8.8036803,8.9006,72.699,11.5906,246.353,5701.0,4.47,0.94
2065.01,2065,APC,,10.443271,352.5989492,9.0024,234.294,5701.43,3.56597,2.7564499
2066.01,2066,FP,1.76442,23.0,17176.2,8.522,326.04,9277.7,,2.26
2067.01,2067,PC,8.8128067,2.33219,52.4568,10.4547,138.308,5491.0,4.5359,0.88
2068.01,2068,PC,7.768982,1.77405,11.3921,11.1806,52.9328,3700.0,4.70036,0.54
2069.01,2069,PC,5.9214229,1.0470381,122.1004834,7.9726,38.6215,5268.0,4.56138,0.823126
207.01,207,FP,5.6492853,26.5608527,405.0881542,13.4734,969.506,5963.0,4.31132,1.21025
2070.01,2070,PC,6.3838817,2.30075,69.7857,9.74428,148.003,5849.0,4.33017,1.16
2071.01,2071,PC,5.6739336,2.587582,265.3024804,11.04,231.311,5873.3,4.46212,1.00286
2072.01,2072,PC,3.167981,,31.7519,11.6434,39.1185,3546.0,4.93943,
2073.01,2073,PC,53.1991439,2.8396233,16.568599,9.45253,123.946,5729.0,4.32178,1.15632
2074.01,2074,PC,177.5830512,3.5953731,9.1603487,8.38689,131.275,6594.0,4.16825,1.59978
2075.01,2075,PC,4.7981694,2.3133532,47.3415434,11.1345,74.1469,4065.0,4.59496,0.667797
2076.01,2076,CP,10.3563596,2.4103206,48.1191014,8.3745,41.9091,5149.6,4.6,0.772148
2076.02,2076,CP,35.1257472,3.17021,3.78846,8.3745,41.9091,5149.6,4.6,0.77
2076.03,2076,CP,21.0153047,3.78219,28.033,8.3745,41.9091,5149.6,4.6,0.77
2077.01,2077,PC,6.1155829,1.56167,152.993,9.7807,91.8282,5284.0,4.54246,0.85
2078.01,2078,FA,6.2772478,2.5385441,105.278027,11.0372,151.103,5244.0,4.58339,0.800741
2079.01,2079,PC,1.4923242,1.21108,81.9599,10.8515,37.066,3577.0,4.75448,0.48
2079.02,2079,PC,9.3174072,1.93397,3.60844,10.8515,37.066,3577.0,4.75448,0.48
208.01,208,PC,22.4586196,2.1229458,33.8973151,10.3539,148.372,5493.0,4.43001,0.978381
2080.01,2080,PC,63.5809449,3.0597346,3.1507778,11.4547,141.436,4868.0,4.61964,0.72252
2081.01,2081,CP,10.5054362,1.947929,8.2567001,11.642,62.3446,3742.0,4.72382,0.515547
2081.02,2081,PC,5.1097197,1.3996848,21.5855207,11.642,62.3446,3742.0,4.72382,0.515547
2082.01,2082,PC,30.2004765,2.6056,33.1236,7.8206,63.7194,6004.0,4.36245,1.15
2083.01,2083,PC,17.969639,3.0570342,14.1574455,11.8737,146.594,4410.0,4.507,0.767286
2084.01,2084,CP,6.0784031,2.07448,15.739,13.3257,114.549,3630.0,4.76664,0.47
2084.02,2084,FP,8.1490285,2.5781465,8.990204,13.3257,114.549,3630.0,4.76664,0.466766
2085.01,2085,PC,,3.4610442,1.4046835,9.8499,84.5772,5134.0,4.57244,0.799051
2086.01,2086,PC,41.7540004,2.75297,7.9761,11.316,202.265,5337.0,4.48036,0.91
2086.02,2086,PC,20.261655,2.4206095,30.2935939,11.316,202.265,5337.0,4.48036,0.914083
2087.01,2087,PC,,2.2664482,7.6309448,10.0537,131.542,5647.0,4.48001,0.953815
2088.01,2088,PC,124.72987,3.5130935,1.7337719,10.8812,126.46,4902.0,4.5026,0.831423
2089.01,2089,PC,49.9950015,2.65286,5.92112,11.5509,187.927,5274.27,4.61038,0.78
209.01,209,APC,4.3794298,2.3149088,120.9359556,10.8545,113.387,4892.0,4.50955,0.742779
2090.01,2090,PC,230.92212,3.6785805,10.5095659,8.80613,203.217,6395.0,3.89312,2.1204
2091.01,2091,PC,177.2188871,2.0323111,3.4452852,8.1529,70.2105,5809.0,4.33351,1.15025
2092.01,2092,PC,4.3032437,2.66568,195.793,10.6375,176.759,5468.73,4.37458,1.05
2093.01,2093,PC,53.8108713,2.2249096,3.0646979,10.6699,82.7982,4455.0,4.55621,0.730261
2094.01,2094,PC,18.7931749,1.7151271,1.8563658,12.2669,50.0248,3457.0,4.84825,0.376775
2095.01,2095,CP,17.664866,1.2984859,3.5982457,11.0788,41.9176,3746.0,4.76979,0.463205
2095.02,2095,CP,28.1722501,1.4475246,1.9311199,11.0788,41.9176,3746.0,4.76979,0.463205
2096.01,2096,CP,3.1190716,1.6229796,10.0845871,13.4764,48.4809,3285.0,4.98992,0.247331
2096.02,2096,CP,6.3878202,2.041471,3.8775285,13.4764,48.4809,3285.0,4.98992,0.247331
2097.01,2097,FP,1.7890217,1.6741803,554.8261181,11.6685,198.345,5264.0,4.59586,0.791524
2098.01,2098,PC,,2.4661884,13.8234959,8.20773,148.944,7788.0,4.32577,1.5457799
2099.01,2099,FP,19.5078657,3.92839,61.4917,11.2011,95.3985,4316.0,4.56,0.71
210.01,210,PC,9.0105414,2.1513682,3.3568205,12.5395,42.8091,3275.0,4.438,0.330146
2100.01,2100,PC,23.6573994,3.0681221,23.5564568,10.8676,163.982,5535.0,4.57126,0.846615
2101.01,2101,PC,9.0753271,2.5831328,122.8680194,10.6397,178.427,5619.0,4.44,0.997589
2102.01,2102,PC,6.7060238,2.12647,100.7791488,11.4106,183.737,5292.0,4.58201,0.807811
2102.02,2102,PC,,3.219425,0.4927756,11.4106,183.737,5292.0,4.58201,0.807811
2103.01,2103,PC,2.6620728,1.2172175,267.4349792,10.3366,95.5156,4884.0,4.54,0.799716
2103.02,2103,PC,20.2926468,1.7004976,17.826244,10.3366,95.5156,4884.0,4.54,0.799716
2104.01,2104,PC,3.2723118,1.46772,133.517,10.0556,76.7418,4907.0,4.62,0.72
2104.02,2104,PC,5.904369,1.35959,85.3357,10.0556,76.7418,4907.0,4.62,0.72
2104.03,2104,PC,15.1808746,1.86864,18.1396,10.0556,76.7418,4907.0,4.62,0.72
2104.04,2104,PC,1.9803146,1.16969,301.491,10.0556,76.7418,4907.0,4.62,0.72
2104.05,2104,PC,9.56111,1.6790876,40.5800926,10.0556,76.7418,4907.0,4.62,0.723757
2105.01,2105,PC,15.9152686,2.2277479,23.4115602,9.8565,72.9091,4718.0,4.49012,0.821067
2106.01,2106,FP,0.6332593,5.3027904,4030.7512475,9.85649,121.167,5590.0,4.45374,0.976212
2107.01,2107,PC,2.45457,14.183,508.468,11.3819,236.705,5565.0,4.45,0.97
2108.01,2108,APC,6.8019625,29.3148832,501.9413628,10.223,251.884,6300.0,4.22,1.42268
2109.01,2109,CP,0.67249,15.7288,14429.0,9.78569,262.041,6647.0,4.12,1.7
211.01,211,APC,6.5638575,7.6270781,239.5709931,9.4906,121.321,5873.97,4.35182,1.08871
2110.01,2110,FA,32.76639,3.20531,38.3962,9.69902,182.323,6073.0,4.21,1.39
2111.01,2111,FP,1.2680452,2.24707,504.879,9.1597,83.1749,5477.0,4.46,0.95
2112.01,2112,PC,14.0120582,4.4835127,335.0295174,7.1776,86.1058,7184.0,4.25,1.58046
2112.02,2112,PC,155.8237,5.5521957,156.5032302,7.1776,86.1058,7184.0,4.25,1.58046
2113.01,2113,FP,5.24612,5.61881,368.522,10.5163,250.755,5286.9,,1.76
2114.01,2114,PC,6.2099619,14.369,1293.02,9.8251,317.845,6382.0,3.9,2.1
2115.01,2115,FP,3.6944323,3.05838,5824.87,8.29254,213.097,8153.0,4.09,2.11
2116.01,2116,FP,5.309031,3.29096,2058.62,9.68129,239.945,6927.0,4.18,1.65
2117.01,2117,FP,28.6620782,12.4971,119.851,9.98272,255.917,6280.0,4.05,1.72
2118.01,2118,FP,2.34483,4.2647,580.577,8.63532,186.825,6398.0,3.89,2.13
2119.01,2119,CP,7.2008611,12.0629,9.67439,10.3978,31.4006,3606.0,4.74,0.5
212.01,212,APC,0.3352715,4.4688,11198.5149308,12.5595,,3332.0,4.94964,0.3
2120.01,2120,PC,5.7998189,2.6346124,3.7367095,12.8233,32.1755,3179.0,4.99978,0.240233
2121.01,2121,APC,2.3195654,12.4030722,195.4879901,11.9441,,4325.66,4.438,0.628365
2122.01,2122,KP,3.5852284,14.5431829,547.1719916,12.658,511.388,5852.0,4.40684,1.06725
2123.01,2123,PC,10.3088372,3.80877,71.1658,9.5373,86.2732,5432.0,4.56341,0.84
2124.01,2124,KP,3.5539283,21.2028076,2276.2950187,11.1116,515.98,6184.0,3.9042,2.0085199
2125.01,2125,KP,5.0316347,15.3999,1248.65,10.1213,368.03,6350.0,3.87,2.16
2126.01,2126,KP,1.306188,16.758883,1025.5021895,11.7213,231.337,5489.0,4.59342,0.820181
2127.01,2127,KP,5.5080682,10.7299795,82.2406616,11.733,161.4,4790.0,4.58765,0.740113
2128.01,2128,PC,16.3413889,2.629079,86.231465,6.6813,36.578,5991.11,4.37711,1.12506
2129.01,2129,KP,4.627664,14.3694,1038.78,9.54417,222.663,6727.6,4.22,1.55
213.01,213,PC,23.5199045,2.30502,10.453,9.7806,54.3256,4566.4,4.93,0.67
213.02,213,PC,7.7565534,1.1359985,37.2050274,9.7806,54.3256,4566.4,4.93,0.672062
2130.01,2130,KP,5.0052605,13.6314528,746.902456,11.0269,344.05,6115.0,4.16703,1.46701
2131.01,2131,KP,1.8468345,16.4012,1845.3,10.1058,231.161,6352.0,4.27,1.36
2132.01,2132,KP,3.2440454,21.0498466,983.3097556,10.2025,197.572,5703.0,4.16,1.38951
2133.01,2133,PC,3.8266587,2.4536347,81.1071602,10.8571,75.1973,4175.0,4.54,0.716312
2134.01,2134,PC,9.2292078,3.21883,37.6631,7.7945,22.6202,4406.0,4.50428,0.77
2134.02,2134,PC,95.8531625,5.95763,2.69104,7.7945,22.6202,4406.0,4.50428,0.77
2135.01,2135,KP,2.7884723,13.9432645,850.6754194,11.3998,303.336,5833.0,4.35385,1.12956
2136.01,2136,CP,7.8519082,2.1705803,4.8904688,11.7371,33.3631,3384.0,4.87998,0.34388
2137.01,2137,APC,14.1502269,18.6317683,34.4595552,12.2186,244.755,4882.0,4.45655,0.873952
2138.01,2138,FP,1.4821845,27.5079498,4005.675856,12.5466,772.026,6835.31,4.37191,1.31284
2139.01,2139,KP,1.4013784,13.9977478,917.4100949,12.4197,298.214,4984.0,4.41028,0.934977
214.01,214,PC,18.5537012,1.57606,25.0891,8.0089,38.96,5346.2,4.6,0.8
214.02,214,PC,9.695961,0.808552,66.2914,8.0089,38.96,5346.2,4.6,0.8
2140.01,2140,KP,2.4706114,13.7703405,817.5658193,10.854,215.32,5854.0,4.45,1.01613
2141.01,2141,CP,18.2616878,2.85973,57.4643,8.8975,77.682,5674.0,4.49483,0.94
2142.01,2142,PC,9.3004351,1.5550304,4.6279256,11.0768,27.7525,3472.0,4.86042,0.363966
2143.01,2143,PC,5.5899401,12.1202,1816.63,10.1041,378.684,7437.0,4.09,1.95
2144.01,2144,PC,37.3413179,2.16854,12.6376,9.90667,105.806,5452.0,4.53224,0.88
2145.01,2145,CP,10.2611329,12.2521,515.939,8.55942,224.731,6202.0,3.63,2.78
2146.01,2146,FP,5.8924856,17.4655,1958.56,9.9094,402.908,7272.0,4.0,2.13
2147.01,2147,PC,26.2049782,10.15497,68.292759,10.7047,282.108,6115.0,4.25,1.3363301
2148.01,2148,FP,23.48522,14.0152,62.0856,10.6746,299.668,5930.0,4.11,1.51
2149.01,2149,PC,0.5842495,5.50799,1217.74,10.1099,222.25,6020.0,4.18,1.34
215.01,215,PC,26.2851404,3.082863,29.1144876,10.5011,166.485,5821.0,4.44094,0.96445
2150.01,2150,FP,2.2263798,6.51393,2064.9,10.4288,370.536,6446.3,4.03,1.84
2151.01,2151,FP,15.64643,16.1126,323.367,10.142,277.934,5660.0,3.86,1.95
2152.01,2152,CP,3.3772835,15.3058361,2195.7879328,10.7053,303.006,6688.0,4.11,1.73235
2153.01,2153,FP,2.7180835,4.2423946,3009.1075587,9.54581,238.675,5668.0,3.76,2.1805999
2154.01,2154,CP,3.8240826,16.0547024,1005.8946259,10.6611,296.46,6243.0,4.24,1.38719
2155.01,2155,PC,3.7246883,10.8811,686.503,10.9939,416.077,6144.0,4.02,1.74
2156.01,2156,FP,0.67554,15.6973,7493.17,9.87437,253.011,4872.0,,2.74
2157.01,2157,APC,8.4249043,15.0361,92.8193,10.7033,178.43,5756.0,4.51,0.93
2158.01,2158,CP,8.6007557,10.7988,81.4989,10.1669,198.473,5389.0,4.06,1.5
2159.01,2159,APC,10.0509704,13.5943,263.046,10.8595,294.398,5844.0,4.16,1.41
216.01,216,CP,34.5059318,10.4625162,9.5814512,11.5748,177.945,5025.77,4.66348,0.801736
216.02,216,CP,17.3890454,6.4840125,23.8921547,11.5748,177.945,5025.77,4.66348,0.801736
2160.01,2160,PC,2.2390502,2.73215,640.033,10.6071,244.804,6021.0,4.29,1.25
2161.01,2161,FP,1.5873866,1.09083,466.553,9.5998,73.1018,5028.0,4.55,0.81
2162.01,2162,FP,12.9774853,4.66514,103.437,10.2182,315.323,6610.0,4.14,1.66
2163.01,2163,PC,5.2132496,3.72907,657.521,10.235,261.045,6318.0,4.2,1.47
2164.01,2164,FP,1.09333,12.2642,2102.07,10.879,529.49,5274.0,,3.39
2165.01,2165,APC,0.9499997,14.0337,14232.8,10.8207,557.364,7421.0,4.0,2.16
2166.01,2166,PC,5.1354577,3.3405,882.558,10.0788,348.554,6515.0,3.97,1.99
2167.01,2167,FP,23.0531698,9.12613,7.85406,10.7791,232.304,5752.0,4.3,1.19
2168.01,2168,FP,37.83633,13.5094,80.1971,10.9591,310.885,6641.0,4.38,1.26
2169.01,2169,PC,8.2148505,10.4375,216.17,10.5527,351.487,6183.0,4.0,1.81
217.01,217,FP,3.1385875,4.70639,17444.7,8.735,142.018,6278.0,4.08153,1.55
2170.01,2170,PC,9.2786686,2.23168,240.688,10.4679,206.368,6018.0,4.39,1.12
2171.01,2171,FA,1.78166,13.9111,2772.81,10.8181,420.268,6528.0,,1.49
2172.01,2172,FA,1.78252,18.6528,4451.36,10.8642,600.502,5085.0,,3.7
2173.01,2173,FP,0.6856225,3.35129,2492.49,10.4929,185.849,5829.0,4.41,1.06
2174.01,2174,PC,2.9601848,4.21067,463.247,10.5817,262.427,6069.0,4.24,1.33
2175.01,2175,KP,4.4379727,20.3565337,944.8725135,12.9614,881.386,5967.0,4.08,1.5696599
2176.01,2176,KP,7.8914271,12.9299942,278.9767986,12.9934,722.795,5883.0,4.25,1.27992
2177.01,2177,KP,3.5224751,15.9014832,1423.8679407,13.1448,1021.87,6179.0,4.11,1.5817
2178.01,2178,KP,3.024111,12.0899079,1227.3844251,13.4633,1005.84,6041.0,4.22,1.36388
2179.01,2179,CP,15.1689723,11.7952966,83.3855897,11.4864,306.063,5713.0,4.34,1.12898
218.01,218,PC,0.4384814,0.6505972,155.7120176,13.3292,52.3428,3146.0,4.438,0.284538
218.02,218,PC,8.3522143,1.8017268,3.0609406,13.3292,52.3428,3146.0,4.438,0.284538
2180.01,2180,CP,260.1740061,11.3192423,3.9769164,8.56854,116.685,5739.0,4.03,1.62762
2181.01,2181,PC,8.379057,4.97002,85.2468,12.1625,322.09,5574.0,4.51,0.91
2182.01,2182,KP,3.5484481,15.2165016,1875.0117415,12.7655,899.777,6295.0,4.03,1.78185
2183.01,2183,PC,6.5011256,,388.818,8.0348,105.334,5485.0,,
2184.01,2184,CP,6.9067783,9.36468,821.834,11.4057,788.317,5731.8,3.65,3.15
2185.01,2185,PC,7.2147718,10.1239555,191.6045333,12.7421,493.871,5440.3,4.4,1.08637
2186.01,2186,PC,4.476922,14.3955457,636.8120268,13.0654,771.822,5772.2,4.4,1.37148
2187.01,2187,PC,2.7492277,12.683,271.924,13.0769,587.277,5344.0,4.4,1.14
2188.01,2188,PC,3.735051,14.2690959,830.1076146,13.0943,780.137,5829.0,4.3,1.36818
2189.01,2189,PC,4.4343277,11.8751226,261.8830502,13.458,542.659,4979.4,,1.00254
219.01,219,FP,4.4617755,31.9660922,2086.0189812,12.7222,1131.15,6354.0,4.24472,2.23892
2190.01,2190,PC,5.3160704,19.5006469,621.3098726,12.5965,677.662,5477.0,4.4,1.5522701
2191.01,2191,PC,4.0115394,15.3487909,550.5706841,12.8641,596.389,5741.0,4.3,1.13908
2192.01,2192,PC,6.2643442,11.6261491,223.3157822,12.5625,426.477,5262.0,4.4,1.12916
2193.01,2193,CP,2.1223673,12.9814367,1534.9059997,11.3996,337.064,6079.0,4.33912,1.19653
2194.01,2194,CP,15.3419095,1.7005,14.2526,7.4259,19.5711,4669.0,4.63,0.69
2195.01,2195,PC,4.164514,8.9598265,254.5595417,10.9916,174.267,5101.7,,0.933443
2196.01,2196,CP,1.1953968,3.5030245,2072.5203184,11.3643,259.947,5728.0,4.4217,1.02917
2197.01,2197,KP,4.954648,13.0889,612.686,9.0532,162.303,6562.0,4.24,1.47
2198.01,2198,KP,4.9549631,18.4504689,1489.5542795,11.117,523.756,6282.4,3.92936,1.99207
2199.01,2199,KP,3.3771114,8.6110106,756.2609502,11.4513,327.602,5614.86,4.21917,1.28017
220.01,220,CP,10.6953083,2.84818,66.8553,9.6878,90.7402,5272.71,3.98846,0.88
2200.01,2200,PC,2.9360281,7.18912,288.087,12.3181,251.245,4983.6,0.2,0.83
2201.01,2201,PC,1.3477642,6.61528,6992.14,10.2001,252.501,6252.0,4.19,1.47
2202.01,2202,CP,11.9124942,11.3754057,42.7254261,12.173,235.933,5064.0,4.53576,0.823883
2203.01,2203,APC,3.05631,20.0727443,1530.297116,12.3775,701.717,6344.0,4.21787,1.44638
2204.01,2204,KP,2.2250514,10.0926189,470.7466523,13.191,414.537,5103.0,4.48023,0.883426
2205.01,2205,PC,0.8891392,14.2531082,280.5749642,15.0804,409.034,3653.0,4.60969,0.649887
2206.01,2206,KP,1.7690121,10.5045599,313.4011658,10.7218,91.299,4683.0,4.62,0.701795
2207.01,2207,CP,8.0016656,11.0757082,455.0553754,10.9651,373.345,6146.0,4.12,1.55738
2208.01,2208,PC,0.6743453,12.4716613,98.7994686,15.7438,181.731,3228.0,4.90232,0.321846
2209.01,2209,PC,3.4391152,13.6350253,688.3062667,13.3304,626.478,4955.0,4.4,1.21438
221.01,221,FP,0.62425,1.671618,353.894099,12.1535,50.1632,3765.0,4.75169,0.525
2210.01,2210,PC,12.7846809,11.7994875,49.2454527,13.4669,483.235,5077.7,4.4,0.836244
2211.01,2211,PC,3.0911721,1.666703,295.0992437,9.2551,70.2932,5253.0,4.54958,0.834386
2212.01,2212,PC,5.1293855,8.9112749,181.6592422,12.4235,324.412,5116.3,4.45,0.920804
2213.01,2213,PC,5.179282,9.3730831,430.1391198,13.2598,762.655,5784.0,4.3,1.21172
2214.01,2214,PC,2.4156482,,1169.2,12.6562,571.376,5727.0,4.3,
2215.01,2215,CP,5.7772122,2.8693434,75.3605118,9.977,70.9015,4882.7,4.6,0.729818
2216.01,2216,PC,5.6807412,6.2844217,601.257159,12.0253,563.621,6295.0,4.3,1.38612
2217.01,2217,PC,3.8300359,11.7278481,810.4382547,12.8172,698.996,5916.0,4.3,1.3126301
2218.01,2218,APC,0.3456911,10.1929,18378.3,11.5547,330.15,6282.0,4.3,1.05
2219.01,2219,PC,10.1688722,12.8424534,258.7751983,12.9901,687.409,5161.7,4.3,1.3986
222.01,222,FP,,8.85869,86.1510668,8.7635,84.0311,5709.0,4.438,1.0929
2220.01,2220,PC,1.3926549,13.3635819,2439.8676565,11.6659,356.5,5615.0,4.39,1.2094899
2221.01,2221,CP,,4.0269258,76.6379132,6.755,9.7221,3588.0,4.60198,0.698009
2222.01,2222,PC,2.2456869,17.5083,2366.82,12.7427,859.449,6381.0,4.2,1.5
2223.01,2223,PC,6.9309657,13.513657,586.1868131,12.0599,601.919,5847.0,4.3,1.59136
2224.01,2224,PC,0.5055105,4.9709812,4944.3687757,11.9987,290.755,4996.3,4.5,1.01489
2225.01,2225,PC,3.5775562,,476.6809228,13.3639,842.388,5823.3,4.3,
2226.01,2226,PC,0.9017685,4.77441,446.986,9.6968,164.418,5828.0,3.9,1.36
2227.01,2227,APC,4.2217717,2.81922,305.107,10.0106,165.441,5763.48,3.99846,1.21
2227.02,2227,APC,11.5472009,3.1457403,141.4530508,10.0106,165.441,5763.48,3.99846,1.20847
2228.01,2228,FP,3.36296,2.69668,414.8,10.8911,167.24,5420.0,4.5,0.9
2229.01,2229,PC,4.98668,5.51463,339.923,10.6658,329.989,6046.0,4.06,1.64
223.01,223,FA,14.445918,3.290507,37.1099416,10.2733,365.053,5063.0,4.48439,0.87237
2230.01,2230,FP,1.79217,21.4342,436.663,10.9198,713.6,4884.0,,4.7
2231.01,2231,FA,5.46278,19.5752,281.499,8.565,,,,1.69
2232.01,2232,PC,11.45959,,,8.776,,,,
2233.01,2233,APC,2.50876,18.7769,324.413,10.9896,193.007,5226.0,4.28,1.13
2234.01,2234,APC,2.91615,13.4791,253.391,10.7837,558.211,6103.0,3.64,2.69
2235.01,2235,APC,17.14012,8.14257,5.93171,10.8988,405.817,6378.0,4.1,1.67
2236.01,2236,CP,3.5315897,14.2116,551.242,10.8673,355.59,6209.0,4.09,1.62
2237.01,2237,FP,0.49642,5.57222,2758.3,10.9987,416.129,7000.0,4.33,1.41
2238.01,2238,PC,3.3904897,2.40673,764.344,10.7188,285.78,6113.8,4.19,1.43
2239.01,2239,FP,92.1950921,18.9408,1.49663,10.7891,454.103,5030.6,,3.0
224.01,224,APC,705.5844658,17.179547,16.720729,11.1427,64.77016,3689.0,4.78104,0.487
2240.01,2240,FP,3.06555,5.41363,1605.05,10.9931,123.796,5285.0,4.7,0.71
2241.01,2241,PC,3.3243,21.7252,181.989,10.1738,,4779.7,,5.76
2242.01,2242,PC,6.53144,6.77621,808.553,9.9279,349.478,6037.2,3.66,2.58
2243.01,2243,APC,5.41418,,816.558,10.8068,128.552,6664.0,,
2244.01,2244,PC,5.46377,12.894,23.3924,9.1984,174.318,5286.9,,1.95
2245.01,2245,PC,3.7981107,4.13478,911.152,10.8366,264.842,5042.0,4.04,1.51
2246.01,2246,FP,2.9663437,2.02837,2291.32,9.9676,226.06,5807.0,4.14,1.59
2247.01,2247,FA,5.41402,15.9563,694.699,10.787,325.492,6394.3,,1.75
2248.01,2248,PC,62.1624516,10.3408,10.4285,10.4653,380.513,7546.0,4.24,1.66
2249.01,2249,FP,1.27349,13.6856,891.053,10.3486,502.103,4982.0,,4.35
225.01,225,PC,,5.5237367,3.1063855,11.0316,115.742,4658.0,4.53096,0.710768
2250.01,2250,FP,0.8153098,1.19041,2785.3,10.1583,142.086,5729.0,4.47487,0.97
2251.01,2251,PC,11.5743561,18.1309835,205.6631556,12.7778,711.751,5776.0,4.13,1.4578
2252.01,2252,PC,12.379649,8.6993926,962.3125052,10.8841,713.878,6582.0,3.69,2.7841101
2253.01,2253,FA,85.4244796,4.4208054,10.9176682,9.9558,172.284,5697.0,4.21712,1.29609
2254.01,2254,PC,26.4579842,2.90965,66.2935,9.34244,139.078,5706.0,4.84423,1.37
2255.01,2255,PC,11.9526103,11.4014,48.2015,12.0836,394.556,6049.0,4.438,1.25
2256.01,2256,PC,13.961418,2.2841549,46.7589836,10.446,117.892,5270.9,4.438,0.813544
2257.01,2257,CP,35.1896444,2.2253696,0.6703132,12.9672,57.7911,3446.0,4.89707,0.326932
2258.01,2258,FP,9.6799809,14.6081,31.1433,12.2169,455.408,5980.0,4.39,1.11
2259.01,2259,PC,16.5899263,5.4428798,266.9749353,7.97758,122.859,6690.0,4.1059,1.7449
226.01,226,FP,,4.214299,1.3025049,12.4253,51.3563,3396.0,4.91468,0.334
2260.01,2260,CP,0.3524597,1.76224,1844.98,9.75874,101.251,5432.0,4.51,0.9
2261.01,2261,PC,1.9011452,5.7647423,831.1124236,12.4841,368.055,5392.0,,0.986402
2262.01,2262,PC,1.4937444,1.62102,2431.71,10.4267,250.998,6328.0,4.32136,1.28
2263.01,2263,PC,,1.6330887,0.8574118,9.7115,99.9023,5599.0,4.57217,0.852643
2264.01,2264,PC,121.3342908,4.1767182,4.5797413,10.5653,189.22,6140.0,4.54184,0.957395
2265.01,2265,PC,0.8294084,2.4799192,4983.6132078,9.1021,88.0815,5951.67,4.438,1.52424
2266.01,2266,PC,2.326343,1.9763187,15.1203939,13.5042,51.6004,3244.0,4.97167,0.261162
2267.01,2267,PC,3.4950422,1.2734423,6.0694989,12.2591,,3022.0,4.99625,0.242745
2267.02,2267,PC,2.0344366,0.901106,12.4881234,12.2591,,3022.0,4.99625,0.242745
2267.03,2267,PC,2.2891027,0.9131404,10.6709326,12.2591,,3022.0,4.99625,0.242745
2268.01,2268,PC,7.1566025,3.1263063,253.7528508,10.1338,173.996,5910.35,4.35957,1.13489
2269.01,2269,FA,1.4206036,1.1974247,148.490368,11.9521,82.1896,3872.0,4.69525,0.548484
2269.02,2269,PC,2.8411415,1.42162,35.9524,11.9521,82.1896,3872.0,4.69525,0.55
2269.03,2269,PC,10.4029111,1.8465904,10.4421274,11.9521,82.1896,3872.0,4.69525,0.548484
227.01,227,FA,,2.432614,0.2909982,13.8409,52.3436,2808.0,5.20628,0.128
2270.01,2270,PC,,2.7599934,5.4579122,7.7293,94.2106,6380.43,4.1278,1.61077
2271.01,2271,APC,26.5456672,29.1697,28.3073,11.8248,543.564,6180.0,4.06,1.68
2272.01,2272,APC,32.8236817,5.1519952,206.9642192,8.1526,179.828,6258.0,3.68336,2.63025
2273.01,2273,PC,46.5710978,2.1305645,27.1915284,8.75584,110.177,6495.0,4.43957,1.15083
2274.01,2274,PC,2.6796164,1.8334769,83.7078249,10.3543,48.876,3943.0,4.62547,0.63072
2274.02,2274,PC,1.1188024,1.44009,247.175,10.3543,48.876,3943.0,4.62547,0.63
2275.01,2275,PC,20.1546939,2.3244125,14.1253091,11.4208,138.034,4863.0,4.63136,0.712388
2276.01,2276,PC,76.8663962,1.9249103,5.1039406,8.9072,68.1461,5482.02,4.5343,0.877042
2277.01,2277,PC,,3.3789105,40.7166029,7.98614,156.777,6358.0,3.76624,2.43663
2278.01,2278,PC,1.4663344,1.87124,40.7842,12.4199,43.5829,3412.0,4.9014,0.32
2279.01,2279,PC,3.1434463,2.34132,301.599,10.2455,94.186,4962.0,4.55115,0.79
228.01,228,KP,2.6865041,13.7470239,994.8105653,13.2576,757.044,5738.0,4.23836,1.18274
2280.01,2280,PC,18.6016754,9.1300283,845.8744041,8.44143,282.689,6175.0,3.37301,3.7007
2281.01,2281,PC,210.668358,2.8961818,17.3175389,9.13648,179.493,6683.0,4.22146,1.52592
2282.01,2282,PC,12.5520766,2.8228669,495.3032121,9.29735,242.63,7020.0,4.09526,1.84505
2283.01,2283,FA,0.4018586,0.5525072,568.7058283,11.2076,49.7627,3621.0,4.7197,0.520283
2284.01,2284,FP,4.9707023,2.38733,328.783,9.88372,174.932,6109.0,4.33438,1.21
2285.01,2285,CP,27.2672016,1.5781136,1.6051398,11.3078,42.409,3546.0,4.77262,0.460014
2286.01,2286,PC,179.4031712,3.7472354,8.4378703,9.85236,233.507,6863.0,4.27882,1.4648
2287.01,2287,PC,11.8120707,1.7481305,154.3200348,8.5709,94.9685,6037.0,4.32817,1.20105
2288.01,2288,PC,8.9172211,2.7931797,17.1075621,12.709,132.907,4066.0,4.67766,0.605243
2289.01,2289,PC,63.39545,3.3507179,10.0390505,10.0011,139.616,5717.0,4.43377,1.0149601
229.01,229,KP,3.1260778,10.9257115,328.1564535,11.5005,211.196,5100.0,4.4651,0.874706
2290.01,2290,PC,0.3862197,1.1988782,873.6229278,11.1079,58.0924,3863.0,4.67991,0.566304
2291.01,2291,PC,9.405877,1.977596,9.8226818,11.9959,69.3787,3869.0,4.75875,0.475701
2292.01,2292,PC,7.0767314,2.4422,106.205,10.8746,204.888,5781.0,4.45679,1.0
2293.01,2293,PC,6.0683318,2.1199939,15.1794104,11.814,62.7576,3668.0,4.73795,0.499376
2294.01,2294,PC,340.3877311,3.6888424,2.3021148,9.78288,191.396,6424.0,4.33722,1.27808
2295.01,2295,PC,60.06632,7.64759,42.0912,9.00772,126.279,5660.0,4.10485,1.47
2296.01,2296,PC,139.2632286,1.8388146,2.3286226,10.4431,135.723,5373.01,4.49164,0.90717
2297.01,2297,PC,22.048775,1.9509885,15.3309639,11.6702,168.911,4836.0,4.53282,0.794435
2298.01,2298,PC,,2.8951165,0.4779984,11.1919,84.1738,4239.0,4.61861,0.659937
2299.01,2299,FA,165.0031583,4.5170453,1.8560976,9.863,,5780.0,4.56973,0.699973
230.01,230,FA,13.340145,3.929267,268.2186408,8.7435,140.941,6467.0,4.16063,1.57943
2300.01,2300,PC,4.8566656,3.2987328,179.2788125,11.8231,221.705,5607.0,4.63178,0.796892
2300.02,2300,PC,15.4432661,5.7063938,38.3407878,11.8231,221.705,5607.0,4.63178,0.796892
2300.03,2300,PC,,7.6712645,0.245228,11.8231,221.705,5607.0,4.63178,0.796892
2301.01,2301,PC,6.0541622,4.01623,11299.9,8.36872,120.221,6187.0,4.09624,1.61
2302.01,2302,APC,1.3103832,9.8603222,1134.2779729,11.0075,171.909,5228.0,4.45189,0.928507
2303.01,2303,FP,0.7196291,12.2917419,14474.6698966,11.8199,643.988,6454.0,4.3,1.69458
2304.01,2304,PC,9.4070515,3.9938238,237.6137635,10.2356,218.091,6223.0,4.33525,1.2331001
2305.01,2305,APC,0.918902,15.2109193,3475.7112909,12.8483,568.299,5382.0,4.4,1.1659
2306.01,2306,PC,2.9905745,13.2344892,679.8798081,13.3456,694.32,5535.6,4.4,1.10305
2307.01,2307,PC,2.6820061,14.1985341,1028.0946298,12.2294,470.156,5465.0,4.4,1.285
2308.01,2308,PC,3.86866,13.9784675,957.9449856,12.2397,613.155,6373.5,4.2,1.3337801
2309.01,2309,PC,20.2656358,4.03042,108.2477155,10.0596,223.516,6276.1,4.25063,1.37617
231.01,231,KP,3.3610013,12.7400071,273.0272959,11.4779,197.119,5375.0,4.49371,0.817705
2310.01,2310,PC,2.9432073,13.6531,328.976,12.9565,,5266.7,,1.18
2311.01,2311,APC,1.5933772,9.012542,785.5954321,12.0892,264.874,5289.4,4.5,0.885125
2312.01,2312,PC,3.1856867,,556.4403323,12.526,490.314,5590.5,4.4,
2313.01,2313,PC,1.8905304,,1115.7780219,11.449,330.949,5816.0,4.3,
2314.01,2314,PC,15.937546,11.9220549,180.2682649,11.7493,540.268,6093.1,4.1,1.55033
2315.01,2315,APC,1.4408228,9.7835563,2629.0467231,11.0675,290.436,5941.2,4.3,1.16489
2316.01,2316,FP,3.0958985,19.2443952,1246.3528431,12.0516,539.486,6764.0,4.3,1.25844
2317.01,2317,FP,,11.625865,49.504685,11.8831,448.143,5635.75,4.12397,1.43565
2318.01,2318,APC,,6.5071192,9.1909015,8.6512,45.0103,4968.0,4.438,0.844548
2319.01,2319,CP,,4.1844083,0.9694479,8.40302,107.898,6329.0,4.24509,1.39619
2319.02,2319,KP,11.6207544,3.207554,239.281495,8.40302,107.898,6329.0,4.24509,1.39619
232.01,232,KP,1.3382314,14.8542602,1188.6218545,11.8295,267.206,5436.0,4.46024,0.894974
2320.01,2320,FP,,18.0,82.7545001,9.85317,167.542,5879.0,4.28122,1.23623
2321.01,2321,PC,716.3497402,2.90826,0.0174179,9.84325,120.535,5645.84,4.46148,0.97
2322.01,2322,PC,20.2254946,1.9090249,10.4016117,10.0534,59.861,4465.0,4.6,0.697547
2322.02,2322,PC,11.3071786,1.02968,18.9311,10.0534,59.861,4465.0,4.6,0.7
2323.01,2323,FP,0.98656,3.78687,574.294,10.3338,238.68,5522.0,3.99,1.64
2324.01,2324,PC,1.0361758,2.62395,18869.1,9.14425,165.158,6413.0,4.2,1.5
2325.01,2325,APC,4.26991,8.95578,667.336,9.5103,223.852,6580.0,4.16,1.62
2326.01,2326,PC,58.9970907,,,9.456,154.124,,,
2327.01,2327,PC,82.7899763,3.1369358,6.459129,9.4088,100.351,6115.0,4.5616,0.957772
2328.01,2328,PC,17.1019622,10.1067,20.0982,11.584,231.782,5302.3,4.4,0.93
2329.01,2329,PC,6.5346715,10.7773,121.853,11.7944,333.701,5424.0,3.35,1.33
233.01,233,PC,11.6700285,2.0205499,4.0210338,11.3018,33.773,3644.0,4.79912,0.380272
233.02,233,PC,7.2011383,1.7056002,7.6541813,11.3018,33.773,3644.0,4.79912,0.380272
2330.01,2330,KP,2.2088214,11.6656,1052.08,11.8699,416.784,5960.4,4.27,1.26
2331.01,2331,PC,4.7150942,7.48939,118.46,13.3666,163.356,3798.0,4.67,0.57
2332.01,2332,PC,7.4972297,11.9137,143.814,12.2015,360.478,5596.2,4.43,1.0
2333.01,2333,PC,14.2197641,8.78678,215.552,12.3462,817.874,6115.0,3.97,1.83
2334.01,2334,PC,7.9980831,10.9403,97.3629,12.1385,593.163,5556.0,3.97,1.7
2335.01,2335,APC,1.4492052,6.15666,551.777,12.1323,439.747,6004.9,4.39,1.12
2336.01,2336,CP,7.7119328,10.9933,305.979,10.1757,297.716,6458.0,4.03,1.83
2337.01,2337,CP,2.994263,11.5655979,619.5809037,11.2347,536.046,4784.0,,3.22859
2338.01,2338,CP,22.6539607,12.2765,13.8485,11.7024,313.996,5523.0,4.33,1.12
2339.01,2339,PC,9.7728388,12.0232332,670.6896654,11.9507,753.745,5636.8,3.66,2.43731
234.01,234,PC,2.8392793,10.4761821,45.5594673,14.6253,249.345,3642.0,4.438,0.54933
2340.01,2340,FP,1.6471574,6.06894,362.237,11.8012,178.999,5027.0,4.64,0.73
2341.01,2341,PC,0.87741,8.59148,26.3008,12.722,121.433,3495.0,4.64,0.62
2342.01,2342,FP,3.9471567,3.86968,71.367,11.1581,139.546,4794.0,4.47,0.84
2343.01,2343,PC,3.2553185,6.72917,362.749,12.2539,511.208,5927.0,4.28,1.25
2344.01,2344,PC,8.3129806,10.7065,237.935,12.2766,802.875,5929.0,3.86,2.03
2345.01,2345,PC,1.0526157,1.4203085,706.2654804,10.3759,81.6541,4621.0,4.54,0.758575
2345.02,2345,PC,42.1289893,2.3404732,5.1588515,10.3759,81.6541,4621.0,4.54,0.758575
2346.01,2346,PC,3.3311975,14.877,1437.43,11.5584,437.484,6605.0,4.33,1.33
2347.01,2347,APC,1.1736318,8.1147,1505.41,11.6751,587.369,6033.7,3.92,1.93
2348.01,2348,PC,1.2043785,4.985,1124.6,11.6884,487.854,6595.0,4.3,1.38
2349.01,2349,APC,11.5738497,22.4042,210.056,11.8929,528.869,5782.0,4.04,1.61
235.01,235,PC,10.090259,,94.864241,9.4688,104.301,5454.42,3.44247,
2350.01,2350,PC,8.6251769,7.55444,161.98,10.6477,185.506,5484.0,4.35,1.08
2350.02,2350,PC,4.8714085,3.8394,350.476,10.6477,185.506,5484.0,4.35,1.08
2351.01,2351,APC,5.2524792,20.7884,132.072,12.1103,457.57,5728.0,4.24,1.27
2352.01,2352,PC,1.6804461,5.37039,833.25,11.0863,231.907,5695.0,4.41,1.04
2353.01,2353,PC,5.7517969,6.2303216,1308.6880472,11.895,723.392,6510.3,3.97,1.97616
2354.01,2354,FP,0.5109902,9.54792,4048.85,11.9951,569.651,6095.0,4.13,1.53
2355.01,2355,PC,1.2709769,4.10761,4096.84,11.7959,418.251,6296.0,4.39,1.17
2356.01,2356,PC,3.66275,3.52758,782.333,11.7118,415.04,6150.0,4.33,1.22
2357.01,2357,PC,7.0924883,12.2608,200.057,11.4586,503.535,6493.0,4.17,1.58
2358.01,2358,PC,1.1258127,13.1558,570.852,11.5137,395.046,6423.0,4.36,1.24
2359.01,2359,PC,5.1858,18.5118,1753.41,11.0331,594.265,6130.0,3.64,2.7
236.01,236,FP,4.534451,23.183789,1003.7032593,11.2932,502.927,6421.5,4.19,1.47459
2360.01,2360,FP,22.84518,15.1752,91.9765,11.9961,580.188,5963.1,4.08,1.57
2361.01,2361,PC,8.71546,12.1387,103.489,11.9196,314.877,5395.0,4.36,1.06
2362.01,2362,PC,6.9444047,13.4708551,449.6608267,12.3715,634.033,6104.5,4.19,1.41945
2363.01,2363,PC,5.5436298,13.5659,702.661,12.1046,721.25,6510.0,4.05,1.81
2364.01,2364,CP,4.0197555,9.57594,211.813,11.5521,219.614,5216.0,4.44,0.94
2365.01,2365,FP,0.659752,6.07841,376.585,11.9732,415.137,5832.0,4.26,1.25
2366.01,2366,APC,17.1869882,12.9307,97.2728,11.8402,439.569,6049.7,3.87,2.05
2367.01,2367,PC,5.74984,14.4892,329.499,12.3193,467.516,6046.0,4.42,1.08
2368.01,2368,PC,5.1750108,10.7741,71.7931,11.6955,210.915,5177.0,4.48,0.89
2369.01,2369,PC,3.36376,10.7493,705.699,12.1227,418.29,5713.3,4.24,1.27
237.01,237,CP,5.433729,1.741587,3.3240075,13.4102,38.0749,3139.0,5.04944,0.214
2370.01,2370,PC,12.6826724,5.24953,76.8372,11.4878,294.752,5851.0,4.43,1.04
2371.01,2371,PC,4.8984239,12.907,409.667,12.2036,471.152,5774.0,4.23,1.29
2372.01,2372,FP,1.1792344,26.9739777,16257.6914094,12.2186,1092.91,6127.1,3.67,2.6058199
2373.01,2373,CP,13.3368173,11.2448,69.8726,12.5882,508.686,5517.0,4.26,1.2
2374.01,2374,PC,4.31362,8.01917,54.2011,11.2057,134.655,4929.5,0.1,0.8
2375.01,2375,PC,6.1600755,17.7265,64.3828,12.6389,521.117,5669.0,4.29,1.19
2376.01,2376,PC,3.1821969,9.3708418,1042.5767464,12.7119,665.583,5672.5,4.4,1.3954
2377.01,2377,APC,1.6766585,16.6532667,180.6590045,14.1858,288.642,4155.0,4.66247,0.622666
2378.01,2378,PC,3.4972769,11.5840209,192.6704823,13.3921,390.618,4940.0,4.53,0.80797
2379.01,2379,PC,5.4693888,11.5779216,27.5364506,13.6521,211.247,3770.0,4.61871,0.638902
238.01,238,CP,1.2730965,1.57925,660.277,9.926601,80.5407,5024.0,4.5685,0.77
2380.01,2380,KP,5.2153618,17.7519701,1843.4632721,9.4834,275.587,6067.2,3.73,2.3901401
2381.01,2381,PC,5.0451188,18.0229867,319.7861956,12.3643,422.151,5337.0,4.5,1.16636
2382.01,2382,PC,4.6612025,12.7709747,823.9647363,11.4408,434.92,5884.5,4.3,1.52373
2383.01,2383,APC,3.1353607,22.286,459.818,10.459,174.593,5503.0,4.4,1.06
2384.01,2384,PC,2.1357026,11.6264152,96.5817843,13.3147,191.51,3678.2,,0.666652
2385.01,2385,PC,3.1581288,13.5726225,242.6938695,13.5445,401.837,4367.6,,1.02417
2386.01,2386,KP,2.7567395,13.8044661,1225.5263733,10.5853,252.759,6034.0,4.26998,1.28427
2387.01,2387,APC,5.6601098,12.3816484,361.1289137,11.8933,396.308,5859.8,4.4,1.1873699
2388.01,2388,PC,1.3442724,,1758.0840398,8.115,,,,
2389.01,2389,PC,2.3372423,10.5103504,550.1159381,13.3922,526.591,5335.0,4.5,0.910484
239.01,239,KP,4.1567834,9.8517709,941.6088632,10.9774,353.539,6362.5,4.59,1.38831
2390.01,2390,PC,2.1192866,8.4965052,5317.3634661,11.3641,659.201,7022.0,4.2,1.99761
2391.01,2391,PC,7.8369842,21.4721115,434.3612918,12.937,859.509,5774.8,4.4,1.75826
2392.01,2392,PC,5.9123675,3.28952,697.86,10.3998,325.608,6187.3,3.87,1.76
2392.02,2392,PC,3.4072141,2.96344,2770.93,10.3998,325.608,6187.3,3.87,1.76
2392.03,2392,PC,9.1696498,2.4628421,505.9586098,10.3998,325.608,6187.3,3.87,1.76167
2393.01,2393,PC,18.84184,9.05304,30.3347,12.0585,372.18,5603.0,4.35,1.1
2394.01,2394,PC,3.4977868,3.47575,248.389,11.9522,236.363,5356.0,4.59,0.81
2395.01,2395,PC,7.8686762,11.8276114,273.0364186,11.7622,413.22,6394.0,4.43,1.13572
2396.01,2396,APC,1.5099302,8.891,1087.82,11.4944,469.613,5735.0,3.96,1.76
2397.01,2397,PC,6.00327,7.59354,271.529,12.0749,330.684,5527.0,4.37,1.06
2398.01,2398,PC,19.4061437,8.75357,4.19986,11.6701,195.153,5099.0,4.55,0.82
2399.01,2399,PC,5.4681892,11.2463,251.65,11.738,611.359,6597.0,4.16,1.61
240.01,240,PC,19.4723016,3.6117414,9.9883786,10.7011,74.881,4333.0,4.5109,0.702945
2400.01,2400,FP,1.0339,5.37338,2619.59,10.7961,465.461,6444.0,3.84,2.28
2401.01,2401,PC,5.8681984,18.1157,1402.27,9.0982,323.506,6294.0,3.55,3.1
2402.01,2402,PC,5.5094951,8.55825,165.972,12.2668,345.003,5519.0,4.45,0.97
2403.01,2403,KP,1.8098811,21.9555549,5139.026625,9.02706,194.459,6278.2,3.97,1.89121
2404.01,2404,PC,20.362741,4.2523478,75.428916,11.1464,295.737,6142.0,4.35874,1.18003
2404.02,2404,PC,74.6068965,9.1295659,13.3540875,11.1464,295.737,6142.0,4.35874,1.18003
2404.03,2404,PC,74.6065192,9.5163991,13.3541775,11.1464,295.737,6142.0,4.35874,1.18003
2405.01,2405,PC,1.9792573,4.1930997,189.6799154,12.5515,153.332,4001.0,4.47278,0.756551
2406.01,2406,CP,3.0766835,2.722618,6.6976166,14.3109,55.419,3163.0,5.0701,0.1966
2407.01,2407,PC,2.7029187,3.7942392,44.0592242,12.5264,92.4366,3596.0,4.71597,0.524573
2408.01,2408,PC,9.4636148,5.45543,63.7261,11.9205,186.328,4935.0,4.59823,0.75
2409.01,2409,FA,12.9696927,6.1709882,52.0502944,11.2711,187.553,5017.0,4.38114,0.972753
241.01,241,KP,1.3866519,12.9811619,1879.9347662,10.9571,232.98,6286.0,4.438,1.07661
2410.01,2410,APC,0.7988525,4.00703,512.916,12.2478,232.822,4785.0,4.45252,0.86
2411.01,2411,CP,0.782765,1.7472713,651.9082071,10.4238,59.5362,4099.0,4.52,0.727642
2412.01,2412,FA,15.29859,,10.3396,11.9755,57.6851,4131.3,,
2413.01,2413,FP,13.4190392,12.4259675,165.23271,11.3882,340.766,5184.9,3.9254,1.69269
2414.01,2414,KP,1.7771109,12.9084635,1043.2121756,12.003,327.506,5627.0,4.45645,0.97906
2415.01,2415,PC,0.5153654,12.0910878,484.4555527,14.9333,341.299,3558.0,4.63662,0.617346
2416.01,2416,CP,8.2754608,11.5451,130.93,12.4333,557.733,5515.2,4.24,1.39
2417.01,2417,FP,4.83266,4.9031,161.807,10.2589,257.337,5485.4,3.9,1.83
2418.01,2418,FP,25.86696,7.41184,100.989,10.9166,135.101,5095.0,4.56,0.8
2419.01,2419,PC,18.8812961,3.61081,103.276,10.4354,245.495,5924.0,4.14,1.35
242.01,242,FP,6.340315,20.517917,400.7201062,12.5766,577.489,6083.0,4.28983,1.2666
2420.01,2420,PC,5.84259,11.8252,307.599,10.8285,435.174,5707.0,3.76,2.2
2421.01,2421,CP,4.3474,10.753,786.037,10.6918,327.927,5618.0,3.93,1.79
2422.01,2422,APC,18.23603,10.0179,411.58,9.4843,100.804,6159.7,,0.88
2423.01,2423,PC,,14.2836,40.1659,9.5137,133.354,6057.0,4.41,1.1
2424.01,2424,FP,12.3750537,17.1909846,592.6032964,10.2845,410.945,6173.5,3.76326,2.36235
2425.01,2425,PC,50.6939885,8.48837,2.93192,11.2415,159.676,5216.0,4.6039,0.78
2426.01,2426,PC,4.08165,2.38239,376.072,9.97008,138.301,5716.0,4.42,1.02
2427.01,2427,CP,1.30613,1.99844,62.7136,9.0138,28.5147,4072.0,4.58,0.68
2428.01,2428,APC,7.57017,,,9.966,,,,
2429.01,2429,PC,7.0846226,2.5663216,115.4012565,9.4752,87.0852,5517.8,4.57,0.842833
243.01,243,APC,3.4373093,25.668105,2497.4850189,11.681,709.175,6046.0,4.29639,1.94932
2430.01,2430,PC,1.10071,4.67495,1082.9,10.3682,297.858,6409.0,4.14,1.59
2431.01,2431,PC,0.224195,5.59553,2649.15,9.5209,36.0559,4079.0,4.58,0.68
2432.01,2432,PC,1.82738,8.96794,727.6,10.1849,463.05,6130.5,3.58,2.89
2433.01,2433,PC,,1.8103101,0.3819803,12.0349,32.6094,3323.0,4.91599,0.308919
2434.01,2434,APC,1.3808138,7.5531443,98886.497136,9.06657,594.987,9431.0,3.64947,3.83824
2435.01,2435,PC,,3.7761104,29.6935087,10.5142,150.086,5650.08,4.55536,0.874994
2436.01,2436,PC,,2.4101533,43.914471,8.55595,102.97,6291.0,4.34633,1.2336
2437.01,2437,PC,5.1660127,4.1062551,381.0617054,11.2571,286.8,5927.0,4.37728,1.11457
2438.01,2438,FP,1.9426003,,1076.0804741,16.2463,299.842,5780.0,4.438,
2439.01,2439,PC,14.3614789,5.0510341,50.2582088,11.2212,246.165,5283.0,4.438,0.946146
244.01,244,CP,7.3971935,1.3122343,6.6744216,10.3475,22.0337,3342.0,4.438,0.407103
2440.01,2440,APC,0.6461571,15.3572514,4527.9508872,11.0529,212.588,5256.8,4.27128,1.14951
2441.01,2441,PC,12.8900899,2.9698317,4.1214233,12.8332,84.5243,3478.0,4.76582,0.46769
2441.02,2441,PC,5.5514857,2.0319062,12.6719325,12.8332,84.5243,3478.0,4.76582,0.46769
2442.01,2442,FP,17.1217196,10.2267,204.585,11.402,262.475,5762.0,4.44944,1.0
2443.01,2443,CP,15.6692322,2.6868893,13.2931176,8.2969,23.9258,4214.44,4.52845,0.732115
2444.01,2444,APC,1.6473887,15.7358835,97.0829105,13.6732,190.748,3556.0,4.65625,0.594044
2445.01,2445,CP,0.3711334,1.4062147,204.4873602,13.1292,48.582,3333.0,4.95786,0.272233
2446.01,2446,PC,18.685862,4.2075538,53.8374071,10.208,159.87,5926.0,4.48242,0.987496
2447.01,2447,CP,,10.2185,44.5933,10.0127,148.987,5825.0,4.43,1.04
2448.01,2448,FP,9.0182016,3.54998,762.028,10.0039,490.818,9671.0,4.33,1.78
2448.02,2448,PC,19.7580247,3.80858,191.036,10.0039,490.818,9671.0,4.33,1.78
2449.01,2449,PC,16.6542431,11.9082,362.642,9.8999,156.786,6054.0,4.43,1.08
245.01,245,PC,8.7709021,12.5053,102.621,8.5509,127.272,6208.0,4.438,1.46
2450.01,2450,PC,17.8832414,6.4171164,27.1279511,11.4894,188.967,5426.0,4.63305,0.776644
2451.01,2451,FP,0.3438892,8.5611179,449.3159514,15.8552,361.474,3199.0,4.70217,0.540483
2452.01,2452,FP,0.9776805,3.3784252,1378.7254797,11.1925,148.462,4456.2,,1.09813
2453.01,2453,PC,4.4414275,3.0014777,21.7489585,12.4223,81.9043,3609.0,4.73522,0.502498
2454.01,2454,PC,8.5063687,2.5051088,44.8115834,10.7047,91.9976,4431.2,4.45,0.82124
2455.01,2455,PC,4.720489,14.6186346,18.2091901,12.986,143.9793,3553.0,4.74625,0.489916
2456.01,2456,PC,,2.8398685,20.0171149,9.588,69.1329,4968.0,4.55877,0.788051
2457.01,2457,PC,14.1993538,2.7591068,9.8747938,10.8749,61.425,4045.0,4.63657,0.631569
2458.01,2458,CP,3.7369689,2.3797323,897.6872949,8.71008,112.958,6092.0,4.25,1.32975
2459.01,2459,CP,19.1047019,2.9365337,8.5187297,9.3951,36.6113,4195.0,4.59888,0.675093
246.01,246,KP,7.8728937,15.0953,166.5367856,11.2794,169.272,5070.0,4.47933,1.26
2460.01,2460,APC,0.515461,6.5688522,7358.8192788,11.3357,279.5,5994.0,4.44879,1.03783
2461.01,2461,KP,6.1802614,13.7037465,923.6302124,10.8243,372.632,6513.0,4.08,1.73931
2462.01,2462,PC,12.8643168,17.4453322,248.7479157,11.7884,516.495,5365.0,4.41,1.82733
2463.01,2463,PC,10.6079445,11.6613557,1516.940178,9.0318,332.825,6481.0,3.54495,3.2125199
2464.01,2464,KP,3.7684981,12.5471,210.575,12.3352,288.326,5160.0,4.49546,0.87
2465.01,2465,PC,3.759205,3.1563691,685.837258,10.2994,219.093,6808.4,4.59,1.01507
2466.01,2466,KP,2.6266983,18.7969,2520.03,12.0364,663.834,6475.0,4.0609,1.77
2467.01,2467,PC,1.7556616,1.7738475,486.2678796,10.2712,94.7639,4909.0,4.52554,0.808741
2468.01,2468,FP,24.4232697,11.2009,62.1143,10.3598,421.726,6102.0,3.75,2.37
2469.01,2469,APC,2.3767548,23.4044,2690.9,10.6749,632.183,6931.0,3.8,2.57
247.01,247,KP,3.4252563,14.3752921,546.4855387,11.9116,352.464,5540.0,4.42136,1.11655
2470.01,2470,PC,7.1853092,2.12356,37.1797,10.0632,66.7536,4562.0,4.56,0.74
2471.01,2471,PC,6.5857043,13.2476,891.424,10.4723,499.452,5908.4,3.55,2.88
2472.01,2472,PC,,3.35556,232.874,8.94848,148.667,5824.0,4.0,1.69
2473.01,2473,PC,1.2311781,17.567,27258.8,10.5347,284.183,6589.1,4.21,1.53
2474.01,2474,PC,4.278752,5.33342,479.761,7.82622,132.686,4971.0,,3.5
2475.01,2475,FP,15.7925628,4.82429,24.617,10.7302,235.608,5600.0,4.16,1.37
2476.01,2476,APC,3.8865992,14.0296,247.041,10.1263,537.765,4731.6,,5.67
2477.01,2477,PC,34.7769296,12.9584,511.815,10.2422,362.227,7505.2,4.09,1.96
2478.01,2478,PC,2.6473916,2.737769,871.0969851,10.6827,209.93,5748.0,4.34,1.1287
2479.01,2479,PC,36.8382429,3.7858994,24.2324067,9.354,104.896,5363.1,4.08,1.2099299
248.01,248,PC,5.9910569,2.3197704,283.6891271,8.4642,75.9529,5711.7,3.84,1.12148
2480.01,2480,FP,11.3543085,9.40688,115.756,10.8256,470.356,6421.0,3.98,1.92
2481.01,2481,PC,11.994832,3.11124,57.2917,10.6675,151.756,5567.0,4.56,0.86
2482.01,2482,PC,14.9315582,1.58293,41.9664,9.6254,,4779.1,,0.61
2483.01,2483,FP,1.4853364,4.86539,1309.65,10.1217,259.299,6137.7,4.19,1.51
2484.01,2484,PC,8.3272872,5.183,63.8466,10.8945,179.127,5632.0,4.54,0.89
2485.01,2485,PC,11.2347982,12.196,262.58,10.9687,397.953,6016.4,4.01,1.72
2486.01,2486,PC,1.5411764,3.17311,233.78,11.1869,96.5003,4307.3,,0.77
2487.01,2487,PC,3.4024655,15.364,695.002,12.8466,646.188,5822.0,4.3,1.21
2488.01,2488,PC,10.7668398,10.5027085,469.63841,10.6292,385.238,5394.0,4.4,2.3196101
2489.01,2489,APC,1.426951,8.8281188,1289.4656111,11.2451,215.394,5421.0,4.6,1.02349
249.01,249,PC,6.6153188,2.2695325,25.0078015,11.2738,70.6272,4157.0,4.59257,0.603418
2490.01,2490,PC,,7.8938765,83.2609761,11.2759,267.648,5459.0,4.27837,1.17142
2491.01,2491,APC,5.92777,20.4068988,1581.2651219,11.0233,533.726,8343.0,4.36705,1.55754
2492.01,2492,APC,10.1004307,17.4827,260.172,11.6749,421.423,6519.0,4.22,1.49
2493.01,2493,PC,,2.6595119,11.3795177,11.433,93.1416,4242.0,4.62878,0.652251
2494.01,2494,PC,8.3761316,9.53663,68.1559,10.7202,152.866,5376.0,4.49858,0.9
2494.02,2494,PC,2.4087648,2.23597,415.189,10.7202,152.866,5376.0,4.49858,0.9
2495.01,2495,PC,7.795385,1.8939264,4.92634,12.2285,43.0789,3356.0,4.8711,0.352909
2496.01,2496,PC,1.5746828,22.9576146,71.4965163,14.1969,196.683,3273.0,4.66823,0.579963
2497.01,2497,CP,10.655694,11.7630857,997.808531,9.14112,285.289,6715.0,3.79727,2.49897
2498.01,2498,CP,3.7382381,4.774123,790.4759269,10.844,275.265,5938.0,4.25146,1.2906801
2499.01,2499,APC,2.5574812,17.7879,639.207,10.7996,233.953,5844.0,4.33,1.13
250.01,250,KP,1.6284288,12.9621642,1559.4761539,11.5464,309.137,5700.0,4.39502,1.0941
2500.01,2500,PC,2.955314,13.1598,2541.33,11.619,702.71,7837.0,4.31121,1.58
2501.01,2501,PC,5.3262922,2.6350944,40.1166389,11.6751,93.8832,4066.0,4.60684,0.658727
2502.01,2502,KP,3.1413825,13.070864,2278.9841698,13.6373,1477.98,6534.0,4.09026,1.73409
2503.01,2503,KP,1.6751568,13.2366563,1000.567857,13.9819,743.972,5457.0,4.44807,0.963518
2504.01,2504,PC,13.5853506,15.2559264,629.3590997,10.6358,508.561,8389.0,4.29787,1.69485
2505.01,2505,PC,2.8972041,4.096,470.021,10.7015,282.783,5879.0,4.09,1.55
2506.01,2506,APC,14.9695925,3.04784,219.916,9.9257,236.243,6456.0,,1.46
2507.01,2507,PC,17.3051476,2.7663379,49.5593572,9.4951,103.454,5824.0,4.53,0.923281
2508.01,2508,PC,1.6951056,3.11352,6387.13,10.3559,306.597,6796.0,,1.61
2509.01,2509,APC,1.5339665,4.28924,3012.65,10.7088,446.952,6694.0,4.02,1.92
251.01,251,CP,4.9377227,2.8269897,277.7461661,9.3258,99.523,5862.0,4.51783,0.955756
2510.01,2510,FP,1.9785151,2.69714,514.024,10.0879,204.166,6317.0,4.35,1.23
2511.01,2511,FP,0.7951534,9.70612,2195.21,10.9539,523.867,6811.0,4.02,1.96
2512.01,2512,PC,2.3933087,2.03235,6511.62,9.22605,199.337,6393.0,4.08,1.72
2513.01,2513,PC,2.5577037,3.9587,1478.98,10.0509,258.693,6039.0,4.03,1.7
2514.01,2514,PC,6.3951381,2.10043,323.891,10.667,173.764,5563.0,4.45,0.98
2515.01,2515,PC,5.9016526,13.6737,826.195,10.1083,281.448,6127.0,4.02,1.74
2516.01,2516,PC,5.4927168,18.5905,14464.4,9.9552,545.079,9623.0,4.08,2.37
2517.01,2517,FP,2.6788253,5.07891,1476.0,10.0386,403.768,6863.0,3.93,2.19
2518.01,2518,PC,6.8979432,2.18563,239.133,10.2282,160.825,6016.0,4.49,0.99
2519.01,2519,PC,6.9551801,2.29124,38.0097,10.2807,81.856,4742.0,4.57,0.75
252.01,252,APC,1.0021853,5.0155627,1409.4020834,11.7497,190.596,5071.0,4.48308,0.874822
2520.01,2520,PC,2.0944084,1.39836,3407.6,9.859901,87.4053,5298.0,4.62,0.77
2521.01,2521,APC,5.563087,9.04133,494.188,10.8218,341.347,5491.4,3.85,1.72
2522.01,2522,PC,2.0988541,1.66554,2840.05,9.1239,84.5017,5531.0,4.45,0.97
2523.01,2523,PC,4.6410823,2.86438,344.881,10.1424,166.257,5809.0,4.36,1.12
2524.01,2524,CP,7.1858029,13.1612,210.609,12.1772,438.842,5758.3,4.3,1.19
2525.01,2525,CP,23.3418536,9.7267129,16.3642505,13.4006,395.398,4944.0,4.51,0.824284
2525.02,2525,CP,49.2445599,10.3670919,6.0478205,13.4006,395.398,4944.0,4.51,0.824284
2526.01,2526,PC,8.011385,11.7844,429.98,11.0586,302.145,5923.0,4.25,1.29
2527.01,2527,PC,2.3018922,12.146,4411.81,11.1673,743.085,6919.0,3.54,3.45
2528.01,2528,PC,11.7248927,8.72604,206.968,12.9363,513.431,5980.0,4.56,0.91
2529.01,2529,CP,,10.9718,70.9731,10.6693,296.271,5822.0,3.97,1.75
253.01,253,PC,3.5104148,1.328654,64.709886,9.3626,30.8431,4020.0,4.438,0.639371
2530.01,2530,PC,,11.1787,4.48015,12.7296,216.581,4490.0,4.55,0.74
2531.01,2531,PC,8.1484094,10.1405034,91.987019,12.4329,314.693,5320.0,4.52,0.873132
2532.01,2532,PC,16.7224532,9.46753,44.9403,12.646,363.49,5560.0,4.54,0.88
2533.01,2533,PC,6.6857865,9.65352,171.835,11.6417,368.409,6144.3,4.4,1.13
2534.01,2534,PC,,12.0956,174.059,10.8209,392.929,6421.5,4.12,1.64
2535.01,2535,PC,16.4452725,9.85518,17.053,12.7024,343.587,5278.0,4.51,0.88
2536.01,2536,PC,31.9919595,,25.6823585,12.7022,631.951,5780.0,4.438,
2537.01,2537,PC,94.0997954,14.5890881,7.444474,12.0294,184.986,4696.7,4.54,1.0143
2538.01,2538,PC,2.9103781,12.2597,4501.88,10.597,906.746,7340.8,4.09,3.5
2539.01,2539,PC,0.985586,5.2012051,4763.4215785,11.5606,386.525,5799.4,4.11,1.38013
254.01,254,FA,20.186539,3.283981,55.7433174,9.8343,133.3143,6101.0,4.48196,1.01859
2540.01,2540,PC,12.7187255,2.5924633,12.2599233,8.2731,19.1419,4036.3,4.65,0.661076
2540.02,2540,APC,22.0819969,2.28729,5.94816,8.2731,19.1419,4036.3,4.65,0.66
2541.01,2541,PC,1.4118418,8.14924,11077.2,9.9048,737.809,7839.6,4.13,3.52
2542.01,2542,PC,4.1133928,,395.7513853,14.9801,4625.12,5780.0,4.438,
2543.01,2543,CP,7.5427509,10.8099759,741.7962608,10.8165,426.798,6349.8,4.11,1.86619
2544.01,2544,PC,21.0689935,15.3646915,194.5380096,10.7607,377.872,5441.0,4.41,1.98859
2545.01,2545,CP,7.9940367,2.5576021,258.8217348,8.90594,107.118,5846.29,4.26525,1.25324
2546.01,2546,APC,2.1811989,18.7156,149.461,11.8215,515.356,6125.96,4.17403,1.46
2547.01,2547,KP,2.3114203,13.1879107,957.0053443,11.302,273.703,5785.79,4.39543,1.07008
2548.01,2548,KP,8.5234958,12.0756,34.6952,10.0471,100.588,5238.0,4.54438,0.84
2548.02,2548,CP,1.4468993,4.98711,1452.18,10.0471,100.588,5238.0,4.54438,0.84
2549.01,2549,PC,4.8580501,,1349.9017874,11.732,970.123,8303.0,4.438,
255.01,255,KP,2.8126485,12.0658006,614.5934084,13.7426,745.116,5700.0,4.39704,1.00957
2550.01,2550,FP,9.0702531,5.7395383,110.6280815,10.7757,182.937,5509.1,4.52,0.916742
2551.01,2551,PC,5.436841,7.79881,560.394,11.7664,730.421,7980.0,4.37685,1.49
2552.01,2552,PC,2.3701119,3.0793796,122.1390568,11.8762,102.256,4007.0,4.56359,0.684741
2553.01,2553,PC,8.384818,11.3276,214.409,11.8225,339.025,5757.5,4.29,1.02
2554.01,2554,FP,6.2636501,17.7665063,1453.0093429,10.5484,483.922,6969.2,4.17,2.04438
2555.01,2555,FP,16.0475029,19.3344,46.0707,11.1169,441.932,6337.5,,1.6
2556.01,2556,APC,8.0149323,9.5021286,320.0737304,10.7003,277.281,5886.2,4.25,1.3302799
2557.01,2557,PC,9.8305096,24.4466582,1527.8295735,11.2047,797.474,6683.6,,2.86532
2558.01,2558,PC,17.7837633,11.928945,99.4306166,11.6919,400.905,5834.0,4.25,1.38395
2559.01,2559,PC,4.2002507,14.9915,236.94,13.1141,502.887,5709.9,4.53,0.91
256.01,256,KP,24.7373412,1.8439453,0.1439176,11.2991,14.9861,3131.0,5.05701,0.215535
256.02,256,KP,3.7779418,1.5659937,5.7174182,11.2991,14.9861,3131.0,5.05701,0.215535
2560.01,2560,PC,3.5511203,13.8379,258.816,13.5328,594.274,5321.0,4.42,0.98
2561.01,2561,PC,2.7754004,15.2778,966.571,12.1504,581.074,5905.0,4.05,1.62
2562.01,2562,PC,4.0483695,13.766,413.846,12.5945,587.158,6054.0,4.3,1.24
2563.01,2563,PC,5.0182311,13.248,112.463,13.3848,501.58,5487.0,4.41,1.02
2564.01,2564,PC,3.7257102,11.0938,218.142,12.4683,486.785,5698.0,4.33,1.14
2565.01,2565,PC,3.9704457,11.7222736,1506.4365626,12.3642,801.435,5840.0,3.9,1.89732
2566.01,2566,PC,4.2102292,8.18232,132.499,13.0599,343.975,4927.6,4.52,0.82
2567.01,2567,CP,5.9839451,10.7016592,632.2914999,11.7489,504.775,5609.0,3.96,1.71761
2568.01,2568,PC,3.4843271,15.9782,1741.71,12.104,751.206,7250.0,4.26,1.57
2569.01,2569,PC,13.1147744,9.79059,95.9399,11.1769,317.912,5496.1,4.04,1.54
257.01,257,CP,18.3877081,6.3790962,211.2844875,7.0286,76.9028,6382.7,4.05,1.76557
2570.01,2570,CP,2.9887654,14.0699828,690.1555373,11.9775,361.857,5639.0,4.34,1.12141
2571.01,2571,FP,6.0027375,8.72806,475.015,10.5284,184.514,5633.0,,1.08
2572.01,2572,PC,3.5985851,11.8109,1318.02,13.258,1038.2,6303.0,4.21,1.45
2573.01,2573,PC,4.5815438,15.1889,290.593,13.1657,593.937,5525.0,4.37,1.07
2574.01,2574,PC,4.4817684,19.0204,277.661,12.881,834.038,6734.0,4.41,1.25
2575.01,2575,PC,3.1711207,13.924729,1369.1513607,13.152,928.149,6140.0,4.18,1.45618
2576.01,2576,PC,3.8229149,13.5313,598.34,12.2323,430.46,6166.4,4.34,1.21
2577.01,2577,PC,3.7494409,13.2544,1186.51,11.5955,786.59,7899.0,4.16,1.89
2578.01,2578,PC,3.4580018,14.7324849,1028.4855924,10.5863,285.53,6427.8,4.35,1.2663
2579.01,2579,KP,3.7146478,15.2308,698.148,10.9101,281.498,5783.0,4.21,1.32
258.01,258,FP,3.1901569,15.146461,2876.2951268,11.0932,530.555,6474.57,4.26363,1.98958
2580.01,2580,PC,3.397862,18.3834,2031.47,10.8064,379.253,6590.0,4.05,1.83
2581.01,2581,PC,3.5838508,12.4141,409.771,12.9754,515.179,5450.0,4.35,1.08
2582.01,2582,PC,3.0183134,9.10865,388.439,12.4848,348.135,5238.0,,0.93
2583.01,2583,CP,4.52074,13.7321,713.859,12.0453,566.189,6050.0,4.14,1.49
2584.01,2584,PC,4.6965638,16.2589,459.903,12.731,840.101,6502.7,4.25,1.43
2585.01,2585,FP,4.0266483,1.90189,213.735,9.8961,89.409,5276.5,4.6,0.78
2586.01,2586,PC,9.5835608,12.6233,372.192,10.505,336.733,5781.0,3.89,1.91
2587.01,2587,CP,5.4566563,10.9408,381.078,10.9657,373.675,5674.8,4.04,1.72
2588.01,2588,PC,3.587158,10.0104,177.312,10.6713,413.058,6495.7,4.26,1.75
2589.01,2589,CP,61.6277,11.7392,21.7464,10.7211,200.273,5581.0,4.16,1.07
259.01,259,KP,2.4238226,12.2562719,549.914052,12.3993,364.512,5410.0,4.47919,0.93
2590.01,2590,PC,0.7460577,1.77725,6994.61,9.47351,139.151,6162.0,4.4,1.13
2591.01,2591,APC,8.493027,20.982,246.718,10.7669,316.228,6287.0,4.23,1.41
2592.01,2592,PC,3.4559382,,733.721,10.871,592.714,9290.0,4.08,
2593.01,2593,PC,1.4711386,6.70217,1889.26,10.3513,436.802,6514.0,3.88,2.19
2594.01,2594,PC,2.682814,23.5198,852.855,10.2626,1295.5,8528.0,,5.28
2595.01,2595,APC,3.817421,3.32507,529.596,10.7212,212.383,6033.7,4.47,1.02
2596.01,2596,APC,16.2709828,6.81631,5.83182,10.9058,127.734,4811.0,4.45,0.87
2597.01,2597,PC,3.6039259,9.20389,1930.96,9.536,457.178,7080.0,3.67,3.05
2598.01,2598,APC,5.73436,21.0528,19.8561,10.9766,107.256,4405.0,4.41,0.86
2599.01,2599,PC,4.1554362,11.1924,2704.62,10.9402,836.394,6352.0,3.44,3.53
260.01,260,PC,13.4758478,1.9840882,10.1837519,8.4991,20.1852,4111.0,4.6461,0.618173
2600.01,2600,PC,5.3376282,16.1323,63.1216,10.276,380.422,4825.0,,3.5
2601.01,2601,PC,6.0210332,18.8835,635.657,10.8943,641.596,7668.0,,1.93
2602.01,2602,APC,7.234064,18.5228447,827.0806334,11.83,622.34,6770.0,4.11942,1.73783
2603.01,2603,PC,1.332532,11.4881336,195.7311823,13.8995,,3947.0,4.65587,0.594491
2604.01,2604,KP,4.90969,15.2547692,1882.4889124,12.487,1080.15,6606.0,3.93691,2.09179
2605.01,2605,APC,20.6006151,8.1782864,3.4585595,10.4767,36.2852,3821.0,4.74216,0.494575
2606.01,2606,PC,1.4509175,20.5418,2374.67,11.7785,442.105,6472.0,4.37386,1.24
2607.01,2607,FA,2.2338786,3.1159001,3165.1853297,9.1251,176.841,6422.3,4.10848,1.65992
2608.01,2608,PC,4.724665,12.5337443,729.5242428,13.2247,884.523,5385.7,4.4,1.5727
2609.01,2609,APC,1.1645141,6.3506237,3483.4007607,11.4514,347.307,5979.0,4.29665,1.23369
261.01,261,PC,3.3639254,3.0449863,874.7955667,9.03971,114.495,5890.3,3.92,1.28018
261.02,261,CP,13.0393586,3.3482223,243.5260946,9.03971,114.495,5890.3,3.92,1.31383
2610.01,2610,FP,2.1538959,16.0166732,31.4140709,15.8953,296.761,3148.0,4.75166,0.483749
2611.01,2611,FA,0.7320175,5.16324,8999.57,13.5294,541.431,5458.0,4.4,0.81
2612.01,2612,PC,13.3572104,19.2978,158.626,13.2303,636.656,6636.1,,1.12
2613.01,2613,PC,15.2010859,21.1122163,87.587938,13.1488,683.482,6042.0,4.43,1.0687701
2614.01,2614,PC,4.8103214,,374.9720646,11.457,315.469,5860.3,4.3,
2615.01,2615,PC,2.2687617,12.4983488,949.2189656,13.2052,639.15,5690.0,4.38,1.0785
2616.01,2616,PC,1.8531628,13.5946,672.909,13.426,401.511,5355.0,4.46,0.68
2617.01,2617,PC,6.3187442,16.8683,139.993,13.1982,467.32,4961.0,4.43,0.98
2618.01,2618,PC,8.2500143,11.8684,1610.36,12.0635,766.74,7386.5,4.2,1.59
2619.01,2619,PC,12.4724734,12.11,30.1565,13.2834,377.66,4966.0,,0.79
262.01,262,CP,11.1452784,2.0671456,56.9132658,8.1345,43.932,5302.58,4.53515,0.848675
2620.01,2620,PC,10.3558635,17.6401,102.964,12.9873,662.246,5896.0,4.27,1.26
2621.01,2621,PC,2.4125012,13.7942,369.1,13.4394,867.586,6190.0,4.34,1.22
2622.01,2622,PC,1.2207037,17.4662,2232.93,13.5093,782.496,5991.0,4.43,1.06
2623.01,2623,FP,0.5474737,10.9219,5430.93,12.4978,995.741,5073.0,3.5,2.84
2624.01,2624,PC,3.0235362,13.178,203.691,13.4354,390.263,5141.0,4.6,0.78
2625.01,2625,PC,2.1481182,,941.0385382,13.2317,843.028,5876.0,,
2626.01,2626,PC,3.4562767,10.5605032,121.8298519,12.6082,192.435,4404.0,4.52,0.752032
2627.01,2627,PC,1.0649771,12.4794,1643.06,13.4702,598.582,5427.0,4.45,0.97
2628.01,2628,PC,0.8715953,10.5535,4579.31,13.3024,765.238,5969.0,4.31,1.21
2629.01,2629,PC,11.4856846,16.3774861,210.1873793,13.1508,859.725,5893.0,4.16,1.42198
263.01,263,CP,0.5568095,9.6870229,235.6927628,15.6198,277.404,3116.0,5.06043,0.439738
2630.01,2630,PC,9.7130596,12.3196,54.3894,11.786,517.402,6125.1,4.0,1.88
2631.01,2631,PC,6.6314357,13.188691,232.9433928,12.4487,454.87,5752.2,4.4,1.07899
2632.01,2632,FP,0.907105,7.82059,28442.1,12.4537,540.632,6164.0,4.4,1.13
2633.01,2633,PC,18.1960491,8.8304863,1455.4719337,11.6886,746.036,7811.0,4.25974,1.67013
2634.01,2634,PC,,5.8424203,51.2659437,10.9648,155.755,5349.16,4.438,0.95524
2635.01,2635,PC,7.4547813,14.5247965,1902.7550776,11.2581,792.01,6502.0,3.65751,2.8327301
2636.01,2636,PC,3.105494,14.1277,4421.62,10.9786,502.342,7176.0,4.13,1.9
2637.01,2637,APC,0.152076,,12751.7114543,15.8445,874.657,5780.0,4.438,
2638.01,2638,PC,3.9303977,,420.5077802,11.1671,647.694,5780.0,4.438,
2639.01,2639,PC,15.3281169,16.4071897,49.0176948,14.3693,858.145,5417.0,4.46174,0.943467
264.01,264,KP,2.21674,18.2508,2007.96,10.4614,434.754,6250.0,3.98811,2.66
2640.01,2640,PC,0.9112206,7.3931803,40.9351669,15.709,131.444,2999.0,4.95462,0.274907
2641.01,2641,CP,4.880964,9.7354897,626.1274546,11.1897,344.045,6309.0,4.32298,1.27132
2642.01,2642,KP,3.0652926,13.3524,649.429,12.3077,539.36,6229.0,4.34122,1.22
2643.01,2643,KP,9.1720535,9.02881,293.374,11.0295,609.818,4933.0,4.438,3.79
2644.01,2644,APC,9.7439744,9.5314099,93.2116922,10.9206,235.146,5383.0,4.438,0.983025
2645.01,2645,PC,1.4436706,20.6713,964.415,12.3956,360.674,5465.0,4.47,0.94
2646.01,2646,APC,0.3125737,8.09753,4234.06,13.1875,389.119,5202.0,4.53,0.84
2647.01,2647,PC,0.5136096,7.4237633,8342.9651284,13.5231,792.816,5270.0,4.14,1.33222
2648.01,2648,PC,4.773751,14.861327,520.1148845,13.3316,815.182,5904.3,4.28,1.2413
2649.01,2649,PC,3.375591,13.2361,1112.75,12.4752,626.504,6408.0,4.38,1.22
265.01,265,KP,5.9242661,9.3440442,120.7076171,11.7276,212.472,5310.0,4.59604,0.846671
2650.01,2650,PC,2.229735,12.7809294,1760.6957688,13.4404,870.557,5913.0,4.2,1.37479
2651.01,2651,FP,7.3164282,17.3698,49.3074,13.3994,396.637,4884.0,4.5,0.83
2652.01,2652,PC,2.484912,,1044.33,13.3074,860.552,6240.8,,
2653.01,2653,APC,0.9270535,,1270.74,12.208,488.621,6317.3,4.31,
2654.01,2654,PC,2.967599,8.00413,75.0167,13.0725,248.964,4396.0,4.52,0.76
2655.01,2655,PC,4.7277153,6.45464,193.697,13.2854,617.763,5601.0,4.39,1.05
2656.01,2656,PC,7.7898378,9.36784,77.3001,13.5011,488.29,5091.5,4.48,0.85
2657.01,2657,PC,2.7985528,12.3741,406.289,13.4765,674.476,5416.0,4.33,1.09
2658.01,2658,PC,8.8759249,16.5775949,141.6296114,13.4228,666.807,5528.3,4.38,1.02337
2659.01,2659,PC,1.2558789,14.1053,681.251,12.7331,328.18,4926.0,4.43,0.91
266.01,266,PC,10.7510107,2.3581827,90.8412638,9.45661,101.694,5784.0,4.438,0.918917
266.02,266,PC,6.19132,1.759371,219.1278279,9.45661,101.694,5784.0,4.438,0.929557
2660.01,2660,PC,5.0183771,10.7644,187.484,12.1651,630.124,5011.2,4.49,2.15
2661.01,2661,PC,3.6257584,12.2058,377.929,13.0533,635.045,5606.0,4.3,1.17
2662.01,2662,PC,3.790687,12.9604,417.971,13.4675,640.511,5542.0,4.41,1.02
2663.01,2663,APC,0.58228,7.80197,1871.39,12.7147,730.972,6288.0,4.29,1.32
2664.01,2664,FP,3.9602774,24.4489,149.866,10.1483,156.291,5863.0,4.43,1.04
2665.01,2665,PC,2.8456505,6.4972,758.965,10.3716,222.0,6112.0,4.27,1.3
2666.01,2666,APC,,16.6553,21.4281,6.9887,32.6024,5212.0,4.3,1.11
2667.01,2667,FP,7.7517472,11.6856,123.828,9.6732,454.873,5133.0,,4.75
2668.01,2668,PC,1.1159326,6.17322,1667.72,10.1782,314.451,6859.0,4.16,1.68
2669.01,2669,CP,6.203496,9.93735,375.554,9.9917,393.443,4859.0,,3.98
267.01,267,KP,5.7525797,12.7442838,828.8267593,8.93,158.66,6180.0,4.11766,1.70927
2670.01,2670,PC,12.9281223,9.974436,154.407415,9.5986,171.703,6332.0,,1.39271
2671.01,2671,FP,3.1630387,6.82612,17348.8,10.3364,233.793,6187.0,4.26,1.34
2672.01,2672,APC,10.7189647,18.5904,492.096,10.6734,625.01,7830.0,4.07,2.07
2673.01,2673,PC,1.9126596,2.2474,943.042,8.8448,98.3018,5601.4,4.24,1.24
2674.01,2674,APC,7.2972359,13.2402,14.5303,10.185,370.146,6433.0,3.91,2.1
2675.01,2675,FP,1.476869,13.2219,7685.32,11.7919,523.999,6712.0,4.28,1.37
2676.01,2676,PC,3.4082154,16.7879,1192.31,12.7082,840.941,6231.4,4.11,1.59
2677.01,2677,PC,6.4967452,19.5904,160.453,10.8489,230.6234,5186.9,,1.53
2678.01,2678,PC,3.4523955,10.2673,139.443,13.4391,602.385,5614.0,4.49,0.94
2679.01,2679,PC,3.8539027,11.8808,374.407,12.4453,403.17,5805.0,4.52,0.93
268.01,268,PC,5.066175,7.69012,311.3397198,10.0733,320.497,5868.0,3.57327,2.17
2680.01,2680,FP,0.6293198,4.46635,2516.29,12.653,344.16,5508.0,4.63,0.79
2681.01,2681,PC,3.1292868,12.0419,400.405,12.1692,547.103,6078.0,4.25,1.32
2682.01,2682,PC,2.5981987,11.5397,233.319,12.6795,414.029,5516.0,4.49,0.93
2683.01,2683,PC,1.5292851,12.6875,623.678,12.4435,573.731,6295.5,,2.21
2684.01,2684,PC,2.4756487,5.25914,321.692,13.2964,330.145,4633.0,4.5,0.8
2685.01,2685,PC,3.4711465,11.1759,148.699,13.322,645.065,5593.0,4.39,1.05
2686.01,2686,PC,3.5746058,11.6965,127.934,12.9852,861.62,6257.0,4.25,1.37
2687.01,2687,PC,4.0944492,12.8011,711.268,12.4052,634.2,5650.0,4.03,1.6
2688.01,2688,PC,2.1415519,4.72287,1363.83,11.3437,350.687,5530.0,4.08,1.48
2689.01,2689,PC,3.4180406,6.58171,201.62,12.6443,315.805,5001.0,4.46,0.89
269.01,269,CP,3.6977167,2.942044,19.1944226,12.2958,57.0225,3607.0,4.438,0.397924
2690.01,2690,PC,4.1549988,,,10.732,,,,
2691.01,2691,PC,3.8821916,5.57096,1093.46,12.5728,374.763,5283.0,,0.95
2692.01,2692,PC,3.6506781,12.1655,273.621,13.3717,472.632,5343.0,4.55,0.84
2693.01,2693,PC,1.3225635,11.5804,825.226,13.3201,537.182,5388.0,4.44,0.97
2694.01,2694,APC,1.6375324,,437.581,12.575,451.486,5095.6,,
2695.01,2695,APC,0.5566811,13.2433,634.993,13.0494,,5200.0,,1.7
2696.01,2696,PC,6.409365,12.1252,64.1809,12.4762,537.943,6191.0,4.41,1.12
2697.01,2697,PC,4.3169755,10.9284,803.246,13.1506,911.81,5683.0,4.03,1.61
2698.01,2698,PC,3.270563,,123.655,13.3713,440.358,5219.5,,
2699.01,2699,PC,5.8259928,14.0157,71.3806,13.0583,511.659,4964.0,4.19,1.2
270.01,270,CP,5.6605693,2.4070872,9.9407408,10.4981,22.4793,3551.0,4.83982,0.374358
270.02,270,CP,11.3795653,2.2539464,3.9180021,10.4981,22.4793,3551.0,4.83982,0.374358
270.03,270,CP,3.3601377,1.1843718,19.9261226,10.4981,22.4793,3551.0,4.83982,0.374358
2700.01,2700,PC,4.6636858,12.5117,226.009,12.0698,404.662,5720.0,4.32,1.16
2701.01,2701,PC,2.169466,5.81205,643.066,12.5257,600.01,5823.0,4.2,1.35
2702.01,2702,PC,1.9422802,15.1178,2966.77,13.0115,1115.16,6950.0,4.21,1.6
2703.01,2703,PC,6.1735306,11.2676,145.598,13.3652,558.907,5435.0,4.45,0.96
2704.01,2704,PC,3.6364993,16.4306,977.668,12.7063,718.493,6552.0,4.39,1.23
2705.01,2705,PC,18.010652,12.5654,61.2858,12.6139,759.341,5740.0,3.91,1.85
2706.01,2706,PC,1.8851834,17.0369,1582.72,13.4046,780.028,5807.0,4.26,1.25
2707.01,2707,KP,4.007232,18.1614,1275.2,12.1569,651.897,6202.0,4.03,1.75
2708.01,2708,FP,2.3540172,14.4919,954.677,12.5398,825.004,6114.0,4.02,1.74
2709.01,2709,PC,2.3540163,15.1575,960.683,13.0639,892.418,6124.0,4.16,1.48
271.01,271,APC,2.4759733,2.8062638,1571.1556095,8.4332,100.245,6025.0,4.33135,1.33012
2710.01,2710,PC,10.7448417,11.9772,24.4016,13.3942,278.402,4701.0,4.72,0.63
2711.01,2711,PC,5.7604868,14.0917,158.265,13.0719,470.297,5530.3,4.33,1.12
2712.01,2712,PC,3.078479,,295.7,13.0933,598.388,5140.1,,
2713.01,2713,PC,1.2434016,5.66309,412.506,12.483,246.568,4967.0,4.6,0.75
2714.01,2714,PC,2.4993895,12.9239,945.55,12.7979,597.873,5737.0,4.28,1.21
2715.01,2715,PC,4.9640641,13.6926,1050.08,13.0115,981.407,6323.0,3.95,1.95
2716.01,2716,PC,7.5420435,9.55159,210.743,12.3425,447.236,5949.0,4.42,1.07
2717.01,2717,FP,1.3164901,11.2218,1368.05,12.8212,1017.77,6341.0,4.04,1.78
2718.01,2718,PC,2.7625084,10.8143,155.318,13.5252,373.363,4694.0,4.48,0.83
2719.01,2719,PC,3.3759446,6.03548,874.29,12.0676,588.368,5701.0,3.99,1.69
272.01,272,KP,3.3098458,12.4316228,241.6655587,11.7617,201.338,4953.0,4.55653,0.858619
2720.01,2720,PC,2.1473577,10.0889,1324.12,12.4742,850.437,5834.0,3.81,2.12
2721.01,2721,PC,4.162733,11.1057,425.348,12.8482,497.376,5744.2,,0.97
2722.01,2722,PC,0.708548,4.66694,1121.93,11.1522,349.979,5678.0,4.08,1.52
2723.01,2723,PC,3.3843865,16.224,917.268,13.3164,1001.29,5848.0,4.1,1.52
2724.01,2724,PC,1.4875055,18.3083,550.26,13.1901,396.678,5142.0,4.54,0.83
2725.01,2725,APC,0.1846924,4.10645,7063.84,12.058,341.371,5958.8,4.57,0.9
2726.01,2726,PC,3.9471513,18.7538,406.495,13.4034,1065.58,6351.0,4.26,1.37
2727.01,2727,PC,0.6711626,12.243,2181.85,13.0537,1248.07,5632.0,3.67,2.43
2728.01,2728,PC,1.7246234,15.5191,976.638,12.7993,635.053,5776.0,4.18,1.37
2729.01,2729,PC,4.0350169,12.5268,126.805,12.263,245.949,5240.2,4.64,0.75
273.01,273,FP,0.7418594,6.0238347,740.8643338,11.481,106.16,4304.6,4.57,0.66174
2730.01,2730,PC,2.5082498,20.6073,265.723,13.4848,964.327,5909.0,4.11,1.51
2731.01,2731,PC,0.9953936,1.35321,4359.09,9.92029,107.926,5697.0,4.6,0.84
2732.01,2732,FP,0.7029205,7.51559,5873.32,12.0195,675.112,6699.0,4.18,1.6
2733.01,2733,PC,3.7170532,15.999,891.377,13.2843,1080.65,6065.0,3.94,1.9
2734.01,2734,PC,4.5879078,5.59491,474.054,12.6746,590.401,5785.0,4.26,1.25
2735.01,2735,PC,1.9663653,13.2267,189.304,12.95,262.97,4687.0,4.58,0.74
2736.01,2736,PC,3.4771921,11.1486,422.8,10.9521,493.21,6539.0,3.99,1.94
2737.01,2737,PC,3.3328544,13.2674,4271.73,12.5745,1368.69,6272.0,3.6,2.91
2738.01,2738,PC,1.5174038,,,13.5607,,,,
2739.01,2739,PC,3.1474843,12.7493,129.933,11.9013,188.151,5102.2,4.68,0.7
274.01,274,FP,0.5417947,2.8738733,2690.4153124,10.4929,113.378,5181.0,4.54631,0.807298
2740.01,2740,APC,0.5348968,5.99059,518.242,13.2633,314.782,5414.2,4.88,0.58
2741.01,2741,PC,2.9884191,16.3009,1658.79,11.7299,518.63,6636.0,4.29,1.4
2742.01,2742,PC,1.2541679,,1264.69,13.5917,,4882.0,,
2743.01,2743,FP,1.1472535,17.228,16302.6,13.3574,2363.78,9742.0,4.01,2.59
2744.01,2744,FP,0.787177,,1632.52,11.4746,,4899.5,,
2745.01,2745,PC,1.7932884,22.7665,5108.84,11.9685,744.184,7122.0,,1.74
2746.01,2746,PC,4.9208778,12.4437,3684.32,11.9063,1006.85,9668.0,4.39,1.65
2747.01,2747,APC,0.5209929,18.4513,4262.45,12.8494,995.15,6116.2,3.89,2.01
2748.01,2748,PC,4.7838171,11.571,143.512,12.8401,539.161,5688.0,4.36,1.1
2749.01,2749,PC,6.9724832,18.9679,5321.0,11.3789,847.999,7616.0,4.02,2.16
275.01,275,APC,0.9195617,8.69931,2224.03,11.0611,144.866,5616.0,4.3762,0.82
2750.01,2750,PC,6.8204309,,,11.8145,,,,
2751.01,2751,PC,7.4710819,12.8097,50.0778,13.4603,451.187,5262.0,4.57,0.81
2752.01,2752,PC,4.9197461,12.6447,275.438,13.1606,703.37,5822.0,4.3,1.21
2753.01,2753,PC,1.6281719,15.3377,1369.74,13.4585,890.799,6020.0,4.22,1.35
2754.01,2754,FP,0.9422588,3.75015,1840.19,12.2082,361.811,5544.7,4.37,1.07
2755.01,2755,PC,3.3187528,9.77184,262.223,13.2899,703.295,5709.0,4.28,1.21
2756.01,2756,APC,1.5622382,18.0467,449.217,12.2592,768.897,4801.0,,3.08
2757.01,2757,PC,3.4813976,20.9129,687.809,12.6603,792.979,6704.0,4.3,1.4
2758.01,2758,PC,4.5302876,12.3919,98.5409,13.1915,314.062,4693.0,4.5,0.81
2759.01,2759,FP,1.5971584,17.7465,15134.3,13.205,1269.03,6033.0,3.86,2.06
276.01,276,FP,4.8000953,17.0718101,1043.344051,10.6559,352.383,6366.0,4.16217,1.58083
2760.01,2760,FP,0.4405893,6.74949,4788.57,12.8004,684.386,5643.0,4.1,1.48
2761.01,2761,PC,6.1214801,17.6327,725.656,13.2221,848.053,6356.0,4.35,1.24
2762.01,2762,APC,3.9072351,13.9055,676.473,12.4325,522.789,6294.0,4.42,1.13
2763.01,2763,PC,3.9980153,,,11.996,580.471,,,
2764.01,2764,PC,2.276734,10.8605,796.052,12.6918,901.072,6494.0,4.06,1.78
2765.01,2765,PC,1.0191022,7.10309,2426.37,12.1304,710.345,6865.0,4.24,1.53
2766.01,2766,APC,7.2748135,17.4324,255.021,11.7351,453.429,6792.7,4.24,1.4
2767.01,2767,PC,0.934057,13.4544,1287.68,11.1649,877.955,5023.0,,5.19
2768.01,2768,PC,1.5080197,3.01287,89.0458,11.3676,78.4525,4008.0,4.6,0.66
2769.01,2769,PC,3.08858,,254.633,13.4832,,5381.0,,
277.01,277,CP,3.9934418,4.2556645,28.2359721,11.7315,64.6692,3748.0,4.7573,0.523113
2770.01,2770,PC,4.5697688,17.1535,204.884,13.2389,731.074,4976.0,,1.7
2771.01,2771,FP,3.8454384,13.6848,2030.9,12.4432,985.074,6733.4,3.98,2.02
2772.01,2772,PC,2.8504334,,1787.94,12.8662,1301.57,6293.8,,
2773.01,2773,APC,0.5993364,14.3367,3334.9,12.993,1695.32,6232.0,3.62,2.81
2774.01,2774,PC,4.4430866,21.1475,184.965,12.627,547.79,4926.5,,1.54
2775.01,2775,FP,3.7804749,17.9247,835.088,12.9127,334.97,5112.0,4.56,0.81
2776.01,2776,PC,3.4590552,17.1001,1927.33,13.3684,1444.65,7911.0,4.19,1.83
2777.01,2777,PC,1.9297769,7.58229,310.868,13.3742,,4856.0,,1.14
2778.01,2778,PC,4.4445101,14.6892,347.285,12.3409,386.737,6288.0,4.42,1.14
2779.01,2779,FP,2.9038027,13.4427,5592.86,12.4889,736.602,6570.0,4.21,1.51
278.01,278,,0.299039,2.5153001,188.0727122,13.1672,44.397,2955.0,5.13527,0.300639
2780.01,2780,PC,4.9062135,17.7815,251.061,12.8475,1353.97,7169.0,4.08,1.92
2781.01,2781,PC,2.7636665,5.94208,34.207,12.9395,,3868.0,4.57,0.7
2782.01,2782,PC,4.8680805,,316.1396932,13.3612,851.138,5250.0,,
2783.01,2783,PC,2.3044132,22.8234,756.205,12.373,517.422,,,1.55
2784.01,2784,PC,0.2573207,4.81101,5062.7,12.428,392.4,5784.0,4.38,1.09
2785.01,2785,PC,11.5054399,,32.6456,13.099,,5251.2,,
2786.01,2786,PC,3.7576217,16.0563,933.592,13.3318,716.889,5605.0,3.88,1.89
2787.01,2787,PC,4.3217658,12.7289,977.267,13.425,1272.53,5139.0,,2.5
2788.01,2788,PC,4.0646554,8.30577,314.34,13.4177,587.395,5647.0,4.5,0.93
2789.01,2789,FP,3.0071496,8.05598,1939.81,13.0632,766.071,5906.0,4.14,1.45
279.01,279,PC,11.4707838,1.86599,30.2417,10.5012,74.3761,4140.0,4.46332,0.73
2790.01,2790,PC,2.3341583,20.0937,3201.05,12.273,832.581,6901.0,4.04,1.93
2791.01,2791,PC,3.7482756,14.0065,2004.64,12.7587,1148.8,6425.0,3.94,2.02
2792.01,2792,PC,7.1185659,12.5411,52.4926,12.3337,777.673,5945.0,3.92,1.9
2793.01,2793,PC,0.3559702,6.23347,2541.08,13.2886,618.274,5562.0,4.36,1.08
2794.01,2794,PC,4.7654865,14.441,806.142,13.0577,809.18,6151.0,3.97,1.85
2795.01,2795,PC,3.6337247,11.4562,122.862,13.4809,517.465,5325.0,4.51,0.88
2796.01,2796,CP,4.808498,15.0839,67.1926,11.916,350.343,5449.5,4.13,1.38
2797.01,2797,PC,4.2380604,13.0206,463.485,13.194,642.911,5798.0,4.35,1.13
2798.01,2798,PC,3.994474,18.9963,896.598,12.8054,836.501,5931.0,4.06,1.61
2799.01,2799,PC,1.4367914,16.9266,1530.88,13.1811,651.979,5873.0,4.4,1.07
280.01,280,PC,10.1843061,2.4497061,59.457971,9.9955,99.66,5454.0,4.59104,0.782681
2800.01,2800,PC,7.7538288,9.7807,127.967,12.18,386.71,5504.0,,1.17
2801.01,2801,PC,5.4139736,15.5249,179.736,13.4242,,5425.0,,1.71
2802.01,2802,PC,3.5266608,5.79479,312.309,11.526,441.989,5668.0,4.35,1.58
2803.01,2803,CP,1.962292,17.4523,2085.59,12.0753,494.818,6384.0,4.41,1.16
2804.01,2804,PC,4.8033954,4.4901713,760.1635216,8.9118,129.525,5913.9,4.12,1.50621
2805.01,2805,FP,12.4498835,20.0559,5588.85,10.1015,571.204,8469.0,3.96,2.51
2806.01,2806,PC,11.4045112,4.0961,161.074,10.0524,240.359,6334.6,4.2,1.47
2807.01,2807,PC,3.9919157,2.45988,424.412,9.6854,130.409,5645.0,4.32,1.14
2808.01,2808,PC,9.4453763,1.77547,33.3967,9.9139,64.4886,4853.0,4.69,0.66
2809.01,2809,PC,3.1660849,10.333405,916.3847298,10.9095,308.013,6225.0,,1.3377
281.01,281,PC,5.5765364,4.5613031,661.1949258,10.5041,283.856,6002.18,4.12354,1.52031
2810.01,2810,PC,8.4035706,2.0563,218.228,9.0397,99.5473,5910.0,4.42,1.05
2811.01,2811,FP,5.5553784,13.2411,564.535,10.7217,940.002,8058.0,3.57,3.79
2812.01,2812,FP,3.0750728,3.62818,948.001,9.6913,241.582,6888.0,4.25,1.52
2813.01,2813,PC,4.5654898,14.6507235,2421.8674124,12.4783,854.236,9162.0,4.51,1.39742
2814.01,2814,PC,5.479335,15.1849562,915.6728921,11.1664,427.312,6332.7,4.2,1.5307699
2815.01,2815,PC,3.4044402,15.4118,278.231,13.2181,1028.76,6097.0,4.01,1.75
2816.01,2816,FP,3.059168,13.504,6509.45,13.2864,494.985,5657.0,4.37,1.08
2817.01,2817,PC,6.2804387,9.96788,218.419,12.1234,331.16,5900.0,4.48,0.98
2818.01,2818,CP,4.0397189,14.2282,876.846,11.3944,312.674,5758.5,4.27,1.14
2819.01,2819,APC,4.3905548,20.0458,472.76,11.6805,655.523,5796.0,4.12,1.97
282.01,282,CP,56.0045056,4.6074444,29.9535327,8.9387,139.611,6321.0,4.22436,1.41189
282.02,282,FA,31.32312,2.00987,15.1394,8.9387,139.611,6321.0,4.22436,1.41
282.03,282,CP,84.2607645,3.4359102,17.3744666,8.9387,139.611,6321.0,4.22436,1.41189
282.04,282,CP,22.8909855,2.5594629,98.7475477,8.9387,139.611,6321.0,4.22436,1.41189
2820.01,2820,PC,13.3454771,12.027246,34.90087,13.2795,374.417,5448.0,4.7,0.720183
2821.01,2821,PC,0.2856701,13.6948,1011.6,12.9152,907.894,5606.0,3.81,2.04
2822.01,2822,PC,2.8798613,11.5292,2026.22,12.8504,898.797,6086.0,4.04,1.69
2823.01,2823,PC,4.7962078,,1796.66,12.1195,1106.49,8083.5,,
2824.01,2824,PC,2.2087864,13.7924,11768.7,13.0931,732.634,5827.0,4.23,1.3
2825.01,2825,PC,5.9492615,11.6197,452.584,13.0215,747.884,6041.0,4.22,1.36
2826.01,2826,PC,1.9275568,,6683.74,12.8565,936.741,9168.0,,
2827.01,2827,PC,5.3393042,7.70059,280.204,11.1865,382.261,5857.2,3.94,1.49
2828.01,2828,FP,4.6141256,10.7957,167.033,12.9858,844.26,6888.0,4.37,1.33
2829.01,2829,FP,1.1468708,11.7343018,12604.1379184,11.6079,721.776,6755.0,4.0,1.99145
283.01,283,PC,17.6174652,2.01411,23.0207,9.6768,82.7013,5250.0,4.64176,0.81
2830.01,2830,APC,4.2555436,8.01392,2367.92,11.8365,566.013,6053.1,4.17,1.68
2831.01,2831,PC,2.6926692,13.9087,7635.55,12.0778,1402.73,9669.0,4.18,2.11
2832.01,2832,PC,2.6889686,13.0858,1246.08,12.9674,838.737,6685.0,4.4,1.25
2833.01,2833,PC,4.3897272,,363.0096249,13.0718,448.289,,,
2833.02,2833,PC,1.8947564,6.7240044,1112.4611509,13.0718,448.289,,,1.0
2834.01,2834,PC,4.6391531,13.8244,411.734,11.288,317.232,5928.2,4.56,1.15
2835.01,2835,FP,2.9646096,15.291,241.662,13.1057,404.202,5306.0,4.51,0.88
2836.01,2836,PC,3.2379325,11.1634,1164.58,11.4675,388.876,6434.3,4.46,1.19
2837.01,2837,APC,0.8602467,,3188.0516635,13.5012,,4841.5,,
2838.01,2838,FP,5.4521068,15.3694,1153.14,12.9,821.496,5878.0,4.03,1.64
2839.01,2839,FP,0.879268,11.9007,3494.7,12.9604,888.752,6259.0,4.06,1.7
284.01,284,FP,1.3090665,0.97952,2194.21,9.2927,52.1472,4779.8,4.57,0.78
2840.01,2840,PC,1.532427,19.4762,1580.66,12.9159,609.523,5957.0,4.39,1.11
2841.01,2841,PC,2.1663502,14.4558,19658.8,12.6313,1246.64,9394.0,4.25,1.92
2842.01,2842,CP,3.5514016,11.8731,342.119,12.0327,460.995,6019.0,4.29,1.26
2843.01,2843,PC,1.8882882,17.6221,2054.63,13.4949,960.345,6436.0,4.34,1.27
2844.01,2844,PC,3.5524144,8.52936,1015.53,11.5829,705.803,6843.0,,1.82
2845.01,2845,FP,3.145502,20.1993,707.742,13.2863,1558.37,6397.0,3.83,2.29
2846.01,2846,PC,2.6792695,13.9979,1189.32,13.3693,1083.88,6718.0,4.34,1.34
2847.01,2847,PC,2.648845,11.66,338.268,12.2224,259.399,5329.0,4.52,0.87
2848.01,2848,FP,3.0244222,,596.3475879,11.422,573.391,6758.0,4.19,
2849.01,2849,PC,2.9510628,13.623,1384.06,13.2877,982.982,6370.0,4.26,1.39
285.01,285,PC,32.332528,3.028709,2.7564164,12.1677,115.801,3891.0,4.64044,0.615038
2850.01,2850,PC,6.6329154,7.47324,6.26353,10.7599,106.964,4608.0,4.35,0.88
2851.01,2851,PC,4.8257226,14.7924,1225.98,13.0923,926.193,7141.0,4.2,1.66
2852.01,2852,PC,0.400777,10.0625,3988.82,13.3947,1232.83,5635.0,3.81,2.07
2853.01,2853,PC,3.2923881,21.0823,211.311,13.4546,808.212,6300.0,4.35,1.24
2854.01,2854,PC,0.9008643,13.1071,13721.4,12.5461,1961.51,9267.0,4.03,2.46
2855.01,2855,PC,3.4906402,8.78597,202.549,12.7325,626.536,6066.0,4.34,1.18
2856.01,2856,PC,0.599092,11.5931,2400.89,12.6989,1238.08,5220.0,,3.19
2857.01,2857,APC,0.6216031,8.6439547,26805.6102003,12.4644,802.97,8038.0,4.37,1.50848
2858.01,2858,PC,2.4181961,,473.085,13.3606,,5118.6,,
2859.01,2859,PC,3.9589903,20.2505,852.08,12.9395,1047.94,6551.0,4.1,1.73
286.01,286,PC,4.5117221,1.40246,86.7681,9.1059,59.2293,5245.0,4.57666,0.79
286.02,286,PC,39.361947,1.84555,22.4437,9.1059,59.2293,5245.0,4.57666,0.79
2860.01,2860,PC,4.1849602,,362.823,13.4746,1267.82,5722.4,,
2861.01,2861,PC,6.6269971,11.1341925,492.5315328,13.0316,819.583,5940.0,4.13,1.48946
2862.01,2862,PC,11.4874782,15.5181,94.4317,13.0436,707.53,5958.0,4.3,1.22
2863.01,2863,FP,1.1894812,9.44872,9015.13,12.7797,890.314,6550.0,4.21,1.5
2864.01,2864,PC,0.4777885,,2766.96,12.818,748.5,5286.9,,
2865.01,2865,PC,0.451685,9.82852,1563.98,12.685,598.315,6353.0,4.46,1.1
2866.01,2866,PC,1.5728416,12.7462,687.916,13.2495,456.797,5288.0,4.52,0.87
2867.01,2867,PC,5.6392638,14.2003,486.031,13.4861,1086.1,5904.0,4.03,1.65
2868.01,2868,PC,9.3803217,12.1477,246.563,12.9702,680.951,5817.0,4.25,1.27
2869.01,2869,PC,1.7198076,,4161.67,12.9451,2887.19,8531.0,,
287.01,287,PC,3.7815683,17.6651495,601.5371996,12.3611,486.856,5807.0,4.32,1.17009
2870.01,2870,PC,5.7655904,19.7343,80.5444,12.5266,423.114,5409.0,,2.0
2871.01,2871,PC,0.4057204,6.83767,11661.9,13.0777,879.564,6541.0,4.33,1.32
2872.01,2872,PC,5.2201338,14.7463,2982.23,12.8919,1142.16,11632.0,4.35,1.95
2873.01,2873,PC,1.252025,,495.784,12.6587,269.192,5000.0,,
2874.01,2874,FP,3.3004862,8.5365984,1351.1962911,11.3002,398.13,6408.0,4.26,1.30784
2875.01,2875,PC,3.4142143,15.9231,5796.83,12.5365,1833.11,8573.0,3.9,2.72
2876.01,2876,PC,6.2996307,9.36407,42.1658,11.7038,225.744,5137.0,4.45,0.92
2877.01,2877,PC,3.4074188,17.1042,736.646,13.0814,805.159,6237.0,4.33,1.24
2878.01,2878,FP,2.0849517,4.65169,2731.54,12.6063,474.693,6163.0,4.56,0.94
2879.01,2879,FP,2.3252878,12.8754,846.6821648,13.3181,602.935,5744.0,,1.1
288.01,288,PC,711.7473963,9.065007,2.2397282,8.97174,215.387,6530.0,3.96,2.02087
2880.01,2880,PC,4.7799716,13.1891,1774.48,13.2873,1251.5,6605.0,4.07,1.79
2881.01,2881,PC,2.9301843,13.1989,1800.37,13.2222,1059.52,6032.0,4.05,1.65
2882.01,2882,PC,2.0083269,4.99539,7012.5,13.1101,855.978,6656.0,4.37,1.28
2883.01,2883,PC,3.7064049,,1014.45,12.3661,696.926,6016.0,,
2884.01,2884,PC,2.935886,14.3093,1215.74,13.4518,1150.7,5896.0,3.97,1.77
2885.01,2885,PC,6.3350651,15.3432,1093.74,11.7507,1301.56,9608.0,4.11,2.28
2886.01,2886,PC,1.6020002,18.6498,2118.49,11.7858,413.673,6141.0,4.33,1.22
2887.01,2887,PC,4.9182798,17.0084738,716.6837953,13.3009,781.709,7185.0,4.52,1.1499
2888.01,2888,PC,4.218652,,,11.1893,1658.85,9307.0,,
2889.01,2889,PC,3.6579148,,869.875,12.973,937.591,5765.0,,
289.01,289,PC,,16.0647,,11.4483,454.65,5728.0,3.99,1.69
2890.01,2890,PC,3.1958886,16.4567,495.822,12.6223,776.868,6496.3,,1.39
2891.01,2891,PC,17.3076615,17.4207,96.7375,11.7498,627.007,6693.0,4.07,1.81
2892.01,2892,PC,14.9502738,15.1651,135.41,13.3763,374.866,5068.0,4.58,0.79
2893.01,2893,PC,10.3629429,7.36873,66.9029,13.296,518.198,5467.0,4.45,0.96
2894.01,2894,PC,7.4190257,11.48,87.5704,13.0815,617.411,6004.0,4.47,1.02
2895.01,2895,PC,8.7858955,10.3307,656.013,13.3064,1274.13,6749.0,4.17,1.63
2896.01,2896,PC,1.3475728,18.0939,1178.75,12.8047,1362.17,5434.0,,3.36
2897.01,2897,PC,12.0040505,7.9538,77.3733,13.3406,583.358,5777.0,4.47,0.98
2898.01,2898,PC,3.6128161,17.5748151,2403.2370301,13.4268,1441.09,7186.0,4.18,1.71382
2899.01,2899,PC,4.0874138,17.2785,334.64,13.0077,983.354,5881.0,3.94,1.83
290.01,290,FP,21.05271,36.6999,80.9224,12.9528,933.836,5736.0,3.97,1.73
2900.01,2900,PC,1.317173,,1048.64,13.4609,1036.78,4649.5,,
2901.01,2901,PC,4.6086828,20.3715,2197.47,11.9357,808.284,8097.0,4.26,1.72
2902.01,2902,FP,2.9918201,5.2899,317.354,12.7858,363.632,5301.0,4.5,0.89
2903.01,2903,PC,3.5947639,5.10241,176.712,12.7318,381.002,5594.0,4.5,0.93
2904.01,2904,PC,7.5010022,7.05091,534.505,12.5519,519.895,5673.0,4.21,1.31
2905.01,2905,PC,11.8790678,,61.6781,12.41,804.13,5163.2,,
2906.01,2906,PC,3.7062792,13.4147,714.906,12.7318,591.529,6524.0,4.49,1.09
2907.01,2907,PC,3.168632,,536.503,12.3447,931.375,6020.0,,
2908.01,2908,PC,5.4631023,5.85793,874.545,12.6467,554.906,6788.0,4.55,1.06
2909.01,2909,PC,3.0688259,9.43298,4260.44,11.3289,,7776.7,,1.64
291.01,291,FP,12.08837,18.1866,200.957,12.3035,551.16,5920.0,4.22,1.34
2910.01,2910,PC,3.3080662,,529.164184,13.3395,842.929,4989.6,,
2911.01,2911,PC,1.7701321,10.9547,170.615878,13.381,,4430.1,,0.77
2912.01,2912,PC,8.7614828,11.807,192.233,11.3838,557.087,6614.0,4.05,1.83
2913.01,2913,PC,7.0317936,10.9551,33.675,13.3564,265.527,4269.0,4.48,0.78
2914.01,2914,PC,3.0515894,15.5322188,5083.0675851,13.21,1245.8,7902.0,4.14,1.94295
2915.01,2915,PC,5.1304425,,160.972,12.5254,455.243,5003.8,,
2916.01,2916,PC,3.9216762,13.1754,325.02,13.108,588.385,6706.0,4.63,0.96
2917.01,2917,PC,7.9018734,,70.7874,13.0699,785.617,4976.0,,
2918.01,2918,PC,9.5680636,9.53977,195.344,13.2889,632.543,6511.0,4.57,0.99
2919.01,2919,PC,4.6957057,10.543,165.667,12.5917,332.108,5475.0,4.53,0.89
292.01,292,PC,10.3688702,9.6582457,32.4178069,13.2806,295.784,4463.0,4.49,0.789514
2920.01,2920,PC,3.2003149,18.204,626.171,12.8212,728.811,6060.0,4.2,1.4
2921.01,2921,PC,3.0044799,13.4546,1078.67,12.8854,706.87,6302.0,4.34,1.25
2922.01,2922,PC,1.3605223,5.14347,333.693,11.7768,366.67,5924.0,4.35,1.15
2923.01,2923,PC,4.3226285,12.2227,401.143,12.8521,668.938,6153.0,4.31,1.25
2924.01,2924,PC,7.3498345,10.9465595,450.7038757,12.1466,552.876,6571.0,4.31,1.34715
2925.01,2925,PC,1.5720089,8.25698,1224.0,11.49,504.705,7164.0,4.28,1.51
2926.01,2926,PC,2.4249041,13.9253,3929.91,13.1845,1301.83,6632.0,4.01,1.92
2927.01,2927,PC,1.3868302,14.7174,4386.75,13.3754,890.006,7019.0,4.46,1.22
2928.01,2928,PC,2.8457134,10.8106,1849.83,12.9639,754.398,6910.0,4.39,1.3
2929.01,2929,PC,2.0391352,11.8618,693.385,13.2135,464.854,5773.0,4.55,0.89
293.01,293,APC,0.8054361,8.06243,2752.55,11.024,336.367,5905.0,4.13,1.4
2930.01,2930,PC,7.2041454,10.8839,735.576,11.6526,768.578,7176.0,3.91,2.34
2931.01,2931,PC,8.6681997,11.0832,492.998,12.1511,663.064,6133.0,4.01,1.77
2932.01,2932,PC,3.2569118,15.9704,2431.32,12.6396,1052.16,7320.0,4.01,2.1
2933.01,2933,FP,1.6363822,10.6745489,4767.1868729,12.5246,762.471,6361.0,4.09,1.6787
2934.01,2934,PC,1.1239749,5.17993,910.705,12.8016,466.664,6220.0,4.56,0.95
2935.01,2935,PC,5.5698287,13.1629,113.909,13.4581,733.784,5751.6,4.28,1.22
2936.01,2936,FP,1.3328042,7.33432,5718.54,12.5961,923.797,6561.0,4.12,1.67
2937.01,2937,PC,2.0139493,23.9926,2165.86,13.4212,954.421,6074.0,4.11,1.56
2938.01,2938,PC,4.942456,12.1509,139.422,11.4932,234.45,5516.0,4.49,0.92
2939.01,2939,PC,4.8306667,14.4419,889.049,12.6819,841.049,6567.0,4.26,1.44
294.01,294,CP,7.327945,9.49027,39.3409,11.3875,127.589,4521.0,4.5,0.79
2940.01,2940,PC,4.5991516,,195.841,13.487,1080.4,5262.9,,
2941.01,2941,APC,0.7127815,16.3576,1485.48,12.6858,483.964,5625.4,,0.98
2942.01,2942,PC,3.525723,12.6783,1943.53,12.9356,1025.86,6442.0,4.02,1.85
2943.01,2943,PC,0.7123317,13.7901,456.304,13.2005,383.85,4728.0,4.34,0.98
2944.01,2944,PC,7.7925448,25.4471346,434.0222975,13.3106,927.97,6307.0,4.21,1.44678
2945.01,2945,PC,3.2006677,15.3648,3373.51,12.9512,1152.65,7438.0,4.03,2.09
2946.01,2946,PC,4.9186433,10.544,29.4413,12.3977,171.017,4394.0,4.56,0.72
2947.01,2947,FP,2.0391741,,131.518,12.5964,440.02,5371.5,,
2948.01,2948,PC,2.7557652,14.7906,420.126,13.175,1335.32,,,1.18
2949.01,2949,PC,2.8652288,13.2096,291.711,13.2338,645.262,5945.0,4.42,1.06
295.01,295,KP,3.3969441,14.4039682,840.3890897,12.141,488.387,5864.0,4.26,1.27071
2950.01,2950,PC,3.2690486,12.349,1303.81,12.5781,773.248,6368.0,4.16,1.55
2951.01,2951,PC,3.029136,,,13.417,,,,
2952.01,2952,PC,10.7844934,6.26037,3.24982,12.6359,88.6944,3558.0,4.73,0.51
2953.01,2953,PC,1.2926975,,,12.4794,1205.9,,,
2954.01,2954,PC,4.8401948,,16322.4,12.3743,1968.35,12745.0,,
2955.01,2955,PC,0.5542332,16.3177,13101.0,13.0882,1516.96,7366.0,3.89,2.43
2956.01,2956,PC,4.127728,11.0098,81.2443,12.445,362.235,5820.0,4.55,0.9
2957.01,2957,PC,1.5314941,24.932622,3341.5174815,13.5248,888.14,6650.0,4.38,1.27101
2958.01,2958,FP,1.9905105,5.94241,8376.54,10.6758,206.3,6211.0,4.46,1.07
2959.01,2959,FP,1.3550447,,67280.3,12.3935,1001.96,14466.0,,
296.01,296,PC,25.2580075,8.7026468,23.5354459,13.1066,471.798,5290.0,4.45,0.946086
2960.01,2960,PC,2.0916623,22.2405,10586.0,13.0013,1421.21,6600.0,3.83,2.36
2961.01,2961,PC,4.6259138,14.9419,719.837,12.2985,763.001,7388.0,4.34,1.44
2962.01,2962,PC,4.0211797,16.4291,409.938,12.131,755.197,4881.0,,2.79
2963.01,2963,FP,4.4433921,12.1784,4015.1,12.5449,654.773,7664.0,4.51,1.23
2964.01,2964,PC,3.8331282,12.9506,1782.41,12.484,644.948,8408.0,4.57,1.24
2965.01,2965,PC,4.2672965,18.7854,1427.16,12.5853,920.771,6548.0,4.06,1.79
2966.01,2966,PC,1.5252473,9.59771,1941.1,12.4016,852.718,5698.0,3.67,2.44
2967.01,2967,FP,3.2517862,13.6873,2483.34,13.0742,512.984,5824.0,4.53,0.92
2968.01,2968,PC,0.7327757,,1664.1,13.397,825.971,5195.1,,
2969.01,2969,PC,1.8237148,12.3326,131.939,11.9361,163.996,4581.0,4.51,0.78
297.01,297,PC,5.6748327,11.6571011,182.1020435,13.1099,461.513,4871.0,4.26,1.09429
2970.01,2970,PC,4.420983,,,11.406,390.3626,,,
2971.01,2971,PC,4.8405428,8.96118,159.338,13.0634,622.713,5875.0,4.4,1.08
2972.01,2972,PC,2.8371201,13.1836,271.99,13.562,724.88,5301.0,4.24,1.2
2973.01,2973,PC,2.7519326,,,13.113,508.705,,,
2974.01,2974,PC,0.689421,16.3132,1853.96,13.0812,1241.9,5270.0,,2.6
2975.01,2975,PC,0.426988,11.5872,490.784,13.1221,481.558,5333.5,4.43,0.96
2976.01,2976,PC,3.4859402,14.101,278.288,13.2277,750.393,5941.0,4.33,1.18
2977.01,2977,CP,2.3505698,12.9823,703.632,11.9383,,5356.0,,1.22
2978.01,2978,PC,4.3497551,7.82395,607.963,11.6687,547.599,5667.3,4.35,1.88
2979.01,2979,PC,5.4913314,,269.2273389,13.5214,1322.42,6364.0,,
298.01,298,APC,1.3287182,21.995993,6094.3649753,12.7602,957.936,6273.0,4.08,1.67606
2980.01,2980,PC,3.5910692,18.7998,383.951,13.4767,729.185,5736.0,4.38,1.09
2981.01,2981,PC,3.6015056,12.3972,556.616,12.7533,527.789,6055.0,4.46,1.03
2982.01,2982,PC,4.8701613,6.13443,137.254,13.4964,314.561,5268.0,4.92,0.55
2983.01,2983,PC,3.4287311,16.9576,180.283,13.5714,530.686,5231.0,4.47,0.91
2984.01,2984,PC,9.162268,11.8107,34.4415,11.9316,187.506,4935.8,4.59,0.75
2985.01,2985,PC,3.8996784,12.1415,1690.71,12.9575,1262.02,6382.0,3.94,2.01
2986.01,2986,PC,3.2783445,8.32327,1102.7,12.0682,563.149,5940.7,4.13,1.49
2987.01,2987,FP,1.6709011,5.3730452,3484.153938,10.8521,327.463,7051.0,4.42,1.2684
2988.01,2988,PC,1.8865581,7.71451,646.542,12.426,441.41,5564.2,,1.36
2989.01,2989,PC,3.1228396,13.4539,86.7639,12.7103,195.795,4262.0,4.49,0.77
299.01,299,PC,5.7217124,9.1008936,310.5569713,12.3012,447.784,5541.0,4.28,1.19313
2990.01,2990,PC,7.4659746,15.9063,553.011,12.023,763.643,6439.0,3.97,1.95
2991.01,2991,PC,5.5809252,8.10167,50.6483,12.7171,213.888,4455.0,4.53,0.76
2992.01,2992,PC,3.00782,12.7824,1104.67,11.9728,542.026,5999.1,4.11,1.54
2993.01,2993,PC,2.3378096,,,13.5586,608.631,,,
2994.01,2994,PC,4.0257967,,3715.8,12.148,3222.05,9045.0,,
2995.01,2995,PC,1.6566182,15.7246,3282.03,12.796,779.544,6504.0,4.28,1.38
2996.01,2996,PC,2.3627442,5.15542,1735.39,11.6828,354.772,5939.0,4.32,1.18
2997.01,2997,PC,2.2060441,18.0034887,4890.3412284,12.3898,884.499,6313.0,3.89,2.0898499
2998.01,2998,PC,1.5297119,9.91839,3456.41,12.5382,1019.27,6683.0,3.96,2.05
2999.01,2999,FP,5.1627718,15.0573,437.179,12.9093,645.965,6749.0,4.53,1.08
300.01,300,FP,2.75753,6.99891,197.323,10.8387,397.391,5776.5,2.99,1.94
3000.01,3000,PC,5.20807,16.3192,240.959,12.7959,468.285,5836.5,4.51,0.94
3001.01,3001,PC,2.090218,19.2766,3795.71,13.0698,1142.68,6328.0,,2.08
3002.01,3002,PC,7.7971071,22.9819,22.0881,13.2952,,4978.0,,1.47
3003.01,3003,PC,1.6224281,7.12755,3920.08,11.9236,703.242,7517.0,4.08,1.98
3004.01,3004,FP,3.2891219,15.1457,2357.82,12.4564,668.659,6947.0,4.19,1.64
3005.01,3005,FP,2.0958074,7.63843,4081.38,12.3487,768.845,6793.0,4.2,1.6
3006.01,3006,PC,8.61346,20.6812,172.513,11.9644,561.854,6595.0,4.17,1.6
3007.01,3007,PC,4.2768515,12.027,860.304,13.1623,888.503,5691.0,3.96,1.73
3008.01,3008,FP,3.9678136,2.81756,1275.1,11.2123,263.513,6138.0,4.48,1.03
3009.01,3009,PC,3.365343,16.7174,5266.4,12.9119,1705.62,9582.0,4.3,1.83
301.01,301,PC,3.7440143,7.2887349,1440.2792168,12.0684,667.745,6048.0,4.03,1.7045799
3010.01,3010,PC,9.5537684,18.0441,125.806,11.9656,421.094,5816.0,4.25,1.27
3011.01,3011,PC,1.8418712,,792.653,13.2464,1011.72,5952.0,,
3012.01,3012,PC,3.0920297,,579.0256574,13.7563,1423.27,5804.0,,
3013.01,3013,PC,5.4722557,11.5748,1142.88,12.7007,1173.06,5847.0,3.57,2.8
3014.01,3014,PC,1.7946783,8.71041,4554.66,13.2576,1023.59,6351.0,4.09,1.68
3015.01,3015,PC,4.2745762,10.7453,1157.67,13.2438,1146.27,6375.0,4.04,1.79
3016.01,3016,PC,5.1139634,12.9912,217.091,13.1847,930.905,6451.0,4.21,1.49
3017.01,3017,PC,3.052529,16.9171,1477.03,12.5422,718.959,6802.0,4.32,1.38
3018.01,3018,FP,6.5832019,7.13313,168.677,12.7818,461.758,5809.0,4.48,0.97
3019.01,3019,PC,5.9594909,12.8042,105.077,13.4834,676.133,5950.0,4.47,1.0
302.01,302,PC,6.70145,8.15246,10.4754,12.9317,195.124,4130.0,4.51,0.74
3020.01,3020,PC,3.0327366,19.6858,1111.89,13.4366,1498.36,7124.0,4.13,1.79
3021.01,3021,PC,11.2645152,,205.818,13.5566,,5869.8,,
3022.01,3022,PC,8.990904,10.4018,58.9074,11.7834,282.631,5354.0,4.35,1.07
3023.01,3023,CP,3.9014904,16.2567,865.697,11.4848,389.916,5512.0,3.97,1.69
3024.01,3024,PC,2.5071775,14.7740421,1117.8060083,13.5618,777.224,5996.0,4.35,1.1625
3025.01,3025,PC,3.6794732,11.3997,933.522,13.4826,888.822,5823.0,4.15,1.42
3026.01,3026,PC,4.8206566,15.025,645.538,12.8527,585.662,6002.0,4.38,1.13
3027.01,3027,PC,3.3794034,10.0889,934.748,12.2231,652.69,6072.0,4.04,1.67
3028.01,3028,PC,3.0525705,,837.822,13.1106,,4817.8,,
3029.01,3029,PC,2.0252285,,39543.7591713,10.8257,11925.2,3600.5,,
303.01,303,KP,3.5608112,10.4972,621.482,12.0213,486.474,5659.0,4.1,1.47
3030.01,3030,PC,2.1510781,,773.155,12.804,1107.81,5769.0,,
3031.01,3031,PC,3.9935853,21.2425,842.898,12.4404,353.147,5709.0,4.5,0.94
3032.01,3032,PC,3.4677103,12.3649,273.655,13.2727,673.183,5645.0,4.29,1.18
3033.01,3033,APC,3.9982381,20.4596,235.437,13.5836,549.708,5509.0,4.53,0.88
3034.01,3034,PC,1.4032876,,6122.38,13.2714,730.429,5649.5,,
3035.01,3035,PC,5.2803048,,,13.156,606.208,,,
3036.01,3036,FP,0.3859142,7.76491,13435.8,13.4748,786.783,6721.0,4.55,1.05
3037.01,3037,PC,2.1357662,18.0173,4286.56,13.146,1110.66,7428.0,4.3,1.52
3038.01,3038,PC,2.9677851,24.1966313,1805.0833967,13.5635,1134.31,6185.0,4.11,1.58557
3039.01,3039,PC,3.412893,14.5305,351.311,12.4816,455.237,5691.0,4.33,1.13
304.01,304,FP,2.24172,28.4732,2815.2,12.5145,964.641,6292.0,3.98,1.88
3040.01,3040,PC,3.5366051,13.8209,423.46,12.1787,457.568,6026.0,4.34,1.19
3041.01,3041,PC,2.9599541,15.9636,1361.35,11.2553,484.97,6267.7,4.0,1.84
3042.01,3042,PC,2.7559464,,1455.77,12.7296,1084.92,6277.0,,
3043.01,3043,PC,2.3725483,14.8302,368.442,13.3257,1213.32,6019.0,3.85,2.08
3044.01,3044,FP,13.2681095,11.9718,91.8511,11.5088,737.306,6364.0,3.75,2.48
3045.01,3045,PC,2.3304358,17.6763,5011.25,11.8172,835.785,7763.0,4.21,1.77
3046.01,3046,PC,4.1343989,18.5459,503.511,13.1849,803.709,6320.0,4.27,1.35
3047.01,3047,PC,2.7020875,15.6063,3103.65,13.1043,1270.07,7798.0,4.31,1.57
3048.01,3048,PC,5.7672677,,,12.3662,4849.87,,,
3049.01,3049,FP,1.3168344,,184.682,12.4092,459.056,5211.7,,
305.01,305,PC,9.94915,24.5989,110.866,12.3294,689.883,5852.0,4.03,1.65
3050.01,3050,PC,5.939725,14.4394,76.1581,12.7985,690.712,5568.0,4.05,1.55
3051.01,3051,PC,2.9489639,11.3327,779.001,12.077,851.976,6506.0,3.9,2.15
3052.01,3052,PC,2.3097953,12.6197,3845.9,12.5285,1049.05,7300.0,4.05,2.01
3053.01,3053,PC,2.9919962,13.6621,329.849,12.4041,337.627,5247.0,4.39,1.01
3054.01,3054,PC,2.8281656,17.6399,1162.44,12.8798,718.133,6412.2,,1.16
3055.01,3055,PC,1.3071566,11.1657,2913.52,12.3858,405.819,5958.0,4.51,0.96
3056.01,3056,PC,1.8092906,23.2306,1647.22,13.2765,1181.19,6905.0,4.12,1.77
3057.01,3057,APC,0.58007,16.4382,7501.75,13.4444,1034.65,6875.0,4.37,1.33
3058.01,3058,PC,2.3483946,19.5614,5427.95,12.5068,810.583,6155.0,3.98,1.82
3059.01,3059,FP,1.3934565,,544.526,11.2012,,3301.0,,
306.01,306,KP,4.60273,11.339,591.945,11.7607,436.098,5909.0,4.21,1.34
3060.01,3060,FP,0.5465391,9.5365498,18187.3314373,13.5552,1298.66,6091.0,4.05,1.66057
3061.01,3061,PC,1.3185787,,1918.33,13.4909,2578.83,6040.0,,
3062.01,3062,PC,4.865928,15.177757,534.990275,13.5173,774.109,6137.0,4.34,1.21215
3063.01,3063,PC,1.9512921,,1069.8684109,12.5954,1411.83,,,
3064.01,3064,PC,0.6771668,,328.225,10.4321,5724.18,3194.0,,
3065.01,3065,PC,1.6995805,11.1546,10926.7,13.3906,1000.8,9626.0,4.56,1.35
3066.01,3066,PC,12.2027867,9.74784,44.6632,11.5622,337.489,6454.0,4.45,1.13
3067.01,3067,APC,7.4365725,17.5053,1178.73,11.686,1269.3,9230.0,4.09,2.29
3068.01,3068,PC,1.5959199,,1503.15,12.7752,1180.26,6809.2,,
3069.01,3069,PC,3.8277062,7.97984,69.9284,11.4573,367.188,6610.0,4.44,1.18
307.01,307,PC,6.1668344,17.0195741,362.9660354,13.1198,738.175,5747.0,4.24,1.2815599
3070.01,3070,PC,0.6587178,20.2415,8468.98,13.3727,1689.05,6520.0,3.8,2.41
3071.01,3071,PC,1.2669382,7.13535,2579.61,11.8706,485.219,6296.0,4.26,1.36
3072.01,3072,PC,2.9828061,15.4283,3112.84,13.2671,1213.37,6879.0,4.09,1.81
3073.01,3073,PC,3.1420872,12.6134,185.786,13.0695,511.362,5417.4,4.37,1.05
3074.01,3074,PC,5.3583725,,,13.325,481.009,,,
3075.01,3075,PC,1.8030565,8.89917,1600.56,12.9687,871.063,5982.0,4.01,1.72
3076.01,3076,PC,7.8595931,,3285.57,11.8468,2138.77,14677.0,,
3077.01,3077,PC,6.3599636,13.6678,1755.17,12.3984,901.32,7689.0,4.06,2.07
3078.01,3078,PC,0.5496848,10.6252,4902.04,12.7683,921.264,7433.0,4.14,1.84
3079.01,3079,PC,1.9892499,,1042.2207006,13.6374,1508.11,,,
308.01,308,APC,8.3092965,14.2736,52.7075,11.7628,,4801.3,,0.85
3080.01,3080,PC,4.5744909,16.8715,1443.49,13.2159,1068.84,6993.0,4.16,1.7
3081.01,3081,PC,3.4365075,17.7367,575.941,13.263,1196.4,5438.0,,2.63
3082.01,3082,CP,1.9268037,3.42735,131.648,11.7662,113.048,4249.0,4.59,0.68
3083.01,3083,PC,2.1532179,25.853,2822.0,13.0723,1007.21,5997.0,4.03,1.68
3084.01,3084,PC,5.1057571,10.9206,144.847,13.2733,555.622,5495.2,4.41,1.01
3085.01,3085,FP,4.5300175,,4849.38,12.1229,1938.67,9046.0,,
3086.01,3086,PC,10.9506335,3.17264,20.8045,11.4005,116.69,4530.0,4.56,0.73
3087.01,3087,PC,4.1414861,,637.229,12.3411,780.12,6920.0,,
3088.01,3088,PC,2.6337971,,163.704,12.928,,3946.9,,
3089.01,3089,PC,9.3096136,9.9903,25.3269,12.4641,314.298,5229.0,,0.93
309.01,309,PC,6.15733,,231.117475,12.4154,345.288,5329.0,,
3090.01,3090,PC,6.3272169,,96.3086,13.0037,,4580.9,,
3091.01,3091,PC,2.7499877,22.9205,11946.5,11.9519,1082.78,10146.0,4.36,1.77
3092.01,3092,PC,4.4163989,7.89614,177.763,12.8017,449.139,6273.0,4.59,0.93
3093.01,3093,PC,4.3653308,14.0676,1061.67,12.9661,989.462,7109.0,4.24,1.57
3094.01,3094,PC,2.8396238,12.199,1063.3,12.5612,707.151,5915.3,,1.16
3095.01,3095,PC,4.2839945,9.77904,443.121,13.0517,536.222,6022.0,4.46,1.03
3096.01,3096,PC,4.4282303,,,13.151,277.823,,,
3097.01,3097,PC,1.3683875,8.79209,449.294,12.99,347.415,5000.0,,0.89
3098.01,3098,PC,4.7323433,17.3410428,775.9423569,11.315,401.011,6438.0,4.29,1.35252
3099.01,3099,PC,2.5543095,13.5543,559.574,12.5869,444.736,5990.0,4.53,0.95
310.01,310,PC,4.2695675,12.2342646,631.8356941,12.4191,557.751,5798.0,4.22,1.3043
3100.01,3100,PC,3.2907468,14.0568,430.347,13.1472,697.681,6229.0,4.45,1.08
3101.01,3101,PC,4.0467915,12.8472,843.152,13.2285,1121.79,5933.0,3.96,1.79
3102.01,3102,PC,3.8769776,,897.738,12.7544,744.917,5569.2,,
3103.01,3103,PC,4.3437796,11.8307,466.22,12.842,730.225,6513.0,4.32,1.32
3104.01,3104,PC,10.3069451,,16.5348,12.6304,,4445.0,,
3105.01,3105,PC,5.3332571,5.82279,1133.52,11.6814,354.09,6068.0,4.41,1.1
3106.01,3106,PC,1.485163,8.99362,867.237,11.8817,288.3,5506.2,,1.28
3107.01,3107,PC,4.7343852,18.0528,593.089,12.477,650.592,5776.0,4.05,1.6
3108.01,3108,PC,6.900352,8.86463,59.4485,13.1948,410.81,5205.8,4.53,0.85
3109.01,3109,FP,2.8831285,28.6734,523.57,12.483,,,,1.77
311.01,311,APC,0.7962992,14.8058,278.056,12.9517,232.861,4062.7,4.61,0.95
3110.01,3110,PC,0.7428708,7.86186,1797.04,13.0326,572.747,5635.9,4.35,1.11
3111.01,3111,PC,4.640636,13.1303,107.987,14.6574,726.621,4539.0,4.27,1.02
3112.01,3112,PC,4.2842284,14.0459,56.6249,12.5042,384.707,4911.0,4.19,1.19
3113.01,3113,PC,3.1339232,,1420.13,13.2725,1394.86,5980.5,,
3114.01,3114,PC,4.407111,11.7059,131.096,11.6001,304.599,5478.0,4.27,1.18
3115.01,3115,PC,2.7961137,7.7487,421.749,12.5831,550.038,6455.0,4.51,1.06
3116.01,3116,PC,1.6484941,9.6099784,4111.3532155,12.4173,713.76,6316.0,4.14,1.5764199
3117.01,3117,PC,3.2689953,17.1329,439.803,13.4259,787.785,5552.0,4.19,1.32
3118.01,3118,PC,3.8098324,10.3911,618.962,11.4553,423.105,5406.0,3.91,1.78
3119.01,3119,PC,8.907516,14.3733,230.828,13.0462,971.254,6407.0,4.2,1.49
312.01,312,APC,3.541231,10.6621914,765.9360296,12.2607,506.715,5755.0,4.23,1.28259
3120.01,3120,PC,7.0235956,,471.691,13.0772,763.939,6276.0,,
3121.01,3121,PC,5.5167527,21.0821,622.985,13.1194,1180.61,6296.0,4.01,1.81
3122.01,3122,FP,6.1836286,13.3233,195.93,12.123,520.156,6504.0,4.34,1.29
3123.01,3123,APC,1.8703411,18.6634,3374.5,11.099,450.78,6368.0,4.08,1.7
3124.01,3124,PC,2.2545904,11.3495,202.365,12.6177,486.768,5567.0,4.23,1.25
3125.01,3125,PC,6.7565519,12.7591,319.273,12.8296,802.611,5972.0,4.05,1.64
3126.01,3126,PC,1.8246123,18.0134,615.616,13.2585,693.951,5655.0,4.15,1.39
3127.01,3127,APC,3.606557,13.2514,310.789,11.342,308.901,5775.3,4.25,1.26
3128.01,3128,PC,2.3155132,7.00521,106.203,11.9346,444.507,6011.0,4.16,1.45
3129.01,3129,PC,2.3348152,11.4665,520.71,10.9198,321.683,5949.1,4.12,1.51
313.01,313,FP,3.2615,5.07097,403.299,11.3018,304.942,5963.0,3.41,1.13
3130.01,3130,PC,0.4415174,31.5083507,9740.7964109,13.5606,1511.72,5117.0,,2.9223199
3131.01,3131,PC,2.6274574,18.5088,930.543,13.1643,764.831,6148.0,4.33,1.23
3132.01,3132,PC,2.2664085,13.4164,1201.76,13.1311,715.396,6107.0,4.29,1.27
3133.01,3133,PC,4.0902788,13.9755,724.371,11.938,630.243,6130.0,3.92,1.95
3134.01,3134,PC,2.2308431,22.6165,1903.91,13.3397,1245.7,6386.0,3.88,2.14
3135.01,3135,PC,3.7065603,12.9758,256.023,11.0994,221.673,5632.0,4.41,1.03
3136.01,3136,PC,2.6841894,21.16,719.556,12.7666,572.389,5914.0,4.33,1.17
3137.01,3137,PC,1.8823821,,1667.0093536,11.528,,,,
3138.01,3138,PC,2.8740048,12.2262,59.3788,13.5117,260.826,4270.3,4.57,0.74
3139.01,3139,PC,3.9628496,9.64171,589.616,11.9118,488.081,5449.0,4.24,1.43
314.01,314,PC,10.18108,2.66019,57.0026,11.1741,131.567,4822.0,4.55,0.78
3140.01,3140,PC,3.0932735,,,13.0885,1010.18,,,
3141.01,3141,PC,4.4338805,13.6095,995.704,12.4712,678.463,6695.0,4.32,1.37
3142.01,3142,PC,1.1536561,,,13.229,1517.54,,,
3143.01,3143,PC,2.9902369,140.194,129.684,12.048,,,,17.34
3144.01,3144,PC,3.7724947,13.5487,424.722,13.1885,775.951,6623.0,4.33,1.33
3145.01,3145,PC,3.5505931,17.9407,409.306,12.1258,283.803,4803.0,4.07,1.34
3146.01,3146,FP,3.5506084,14.4767,230.045,12.2077,280.355,5083.0,4.26,1.13
3147.01,3147,PC,1.5256634,,1117.11,13.0237,828.066,5230.5,,
3148.01,3148,PC,4.2814436,10.6824,18.5873,11.681,342.833,5097.8,,1.36
3149.01,3149,PC,1.1542402,,2852.28,13.4841,,4136.6,,
315.01,315,FP,3.55562,11.1675,691.805,12.4245,551.619,5671.0,4.19,1.34
3150.01,3150,PC,5.3430663,21.0355,6581.64,12.0697,872.272,7822.0,4.04,2.15
3151.01,3151,PC,1.7257597,15.2188,1028.24,12.6499,677.678,7235.0,4.44,1.27
3152.01,3152,PC,0.7815064,11.9775,7256.54,13.3551,1195.67,7691.0,4.42,1.37
3153.01,3153,FP,1.1216021,,2238.2277057,11.2789,,3294.0,,
3154.01,3154,PC,4.0333818,13.1197,1126.0951019,12.802,1020.98,6347.3,,1.73
3155.01,3155,APC,4.6492201,8.96002,26.3101,11.6104,201.727,5110.0,4.44,0.93
3156.01,3156,APC,0.7463239,19.7419,3197.59,13.2294,445.1,5132.0,4.34,1.04
3157.01,3157,PC,2.8823183,,635.8677275,13.6244,,5068.9,,
3158.01,3158,PC,6.8561604,14.3692,461.072,12.534,935.189,6282.0,3.92,2.01
3159.01,3159,PC,1.4753526,5.30533,4142.31,11.2925,428.115,5732.0,3.93,1.81
316.01,316,APC,13.32379,28.7396,12.7172,13.1186,275.027,4312.0,4.59,0.84
3160.01,3160,PC,3.9712794,15.3233,393.511,11.9333,567.678,6200.0,4.09,1.62
3161.01,3161,PC,1.4010338,18.1441,3603.2,12.9306,937.758,7014.0,4.26,1.52
3162.01,3162,PC,1.5755252,21.7284649,9281.7902501,11.6387,677.547,6560.0,3.89,2.1970401
3163.01,3163,PC,3.0749168,15.2762,984.71,11.8232,572.474,6782.0,4.2,1.6
3164.01,3164,FP,1.7765395,16.6,926.709,12.5348,629.894,6394.0,4.33,1.28
3165.01,3165,PC,2.5433707,29.0069132,1385.186432,13.6313,844.49,6748.0,4.49,1.12503
3166.01,3166,PC,1.87502,,1741.2,12.9852,1011.69,6263.0,,
3167.01,3167,PC,3.0959309,17.8437,914.4,12.5526,688.505,6918.0,4.28,1.47
3168.01,3168,PC,5.1745185,13.926,111.237,11.7627,326.088,5340.0,4.14,1.36
3169.01,3169,PC,4.4814049,13.8048,156.928,12.6738,684.827,6232.0,4.25,1.37
317.01,317,PC,3.3262977,14.7729343,371.945532,12.9238,446.344,5391.0,4.46,0.947585
3170.01,3170,PC,1.8923031,,1728.63,12.4163,694.986,6898.3,,
3171.01,3171,PC,1.5706704,,1428.595492,13.5735,811.401,5164.3,,
3172.01,3172,PC,3.0031058,16.5290691,2602.2360497,13.5411,1373.41,6212.0,3.95,1.91287
3173.01,3173,PC,8.7719993,13.7272,271.508,11.569,590.194,6057.7,,1.9
3174.01,3174,FP,1.1960086,15.4837,7334.0,13.2785,1156.97,7108.0,4.26,1.55
3175.01,3175,PC,1.6546269,,1332.7722152,13.6512,,7910.0,,
3176.01,3176,PC,4.7606207,14.527713,536.4815536,12.6453,546.557,6213.0,4.37,1.1804399
3177.01,3177,PC,2.114655,14.2745,360.619,12.6967,335.166,5254.0,4.49,0.89
3178.01,3178,PC,2.9331094,,,12.0729,1937.21,,,
3179.01,3179,PC,4.7076648,15.3769,117.31,12.0974,360.136,5904.0,,1.18
318.01,318,PC,3.7463765,10.6334288,142.42552,13.2316,319.923,4696.0,4.53,0.775888
3180.01,3180,PC,2.0963263,12.906,306.186,12.7602,716.553,5809.0,4.07,1.56
3181.01,3181,FP,3.5366743,13.338,446.023,12.298,455.304,5971.0,4.37,1.14
3182.01,3182,PC,5.0700956,5.54459,211.546,12.9615,469.912,5641.0,4.47,0.96
3183.01,3183,PC,4.2174286,18.2265,1403.49,12.7414,1085.05,6841.0,3.93,2.2
3184.01,3184,PC,3.6071588,11.5952,1086.36,12.2859,649.368,6071.0,4.04,1.68
3185.01,3185,PC,3.5601365,14.1499,2183.57,11.162,554.954,6762.0,4.03,1.93
3186.01,3186,PC,3.6130857,23.3477984,2495.0860744,13.3586,1403.69,7520.0,4.25,1.63648
3187.01,3187,PC,2.0084283,16.5313,1608.42,11.1799,1018.11,5438.8,4.3,4.54
3188.01,3188,PC,1.5659063,18.7417,1827.32,13.4016,1072.85,6356.0,4.13,1.6
3189.01,3189,PC,1.84996,13.3315,2772.81,13.6447,1049.88,6320.0,4.26,1.37
319.01,319,APC,0.7135373,16.1586,667.233,12.7464,182.561,4349.7,4.58,0.74
3190.01,3190,PC,2.669856,16.192,4573.16,13.3066,1679.95,7833.0,4.1,2.0
3191.01,3191,PC,4.4367891,16.9119,243.186,12.1441,864.432,6426.0,3.78,2.42
3192.01,3192,PC,2.2350331,22.5855,2662.36,12.882,860.344,7057.0,4.27,1.51
3193.01,3193,PC,2.3019268,,639.638,13.6132,1907.31,5322.0,,
3194.01,3194,PC,3.6179419,11.142,755.42,13.3682,293.249,4460.0,4.4,0.87
3195.01,3195,PC,0.6676722,17.2447,4517.79,12.594,1216.73,6842.0,3.71,2.82
3196.01,3196,PC,4.9816829,9.90628,170.85,12.4383,321.341,5670.0,4.52,0.91
3197.01,3197,PC,2.1972485,,480.575,13.5902,1246.7,5146.9,,
3198.01,3198,PC,2.1271199,13.6834,789.061,12.6029,476.319,5483.2,4.36,1.08
3199.01,3199,PC,0.6756067,6.27738,1471.82,13.0904,439.309,5411.0,4.48,0.92
320.01,320,FP,1.46503,5.43222,601.367,12.3574,379.256,5912.5,4.36,0.88
3200.01,3200,PC,6.3087809,,43.1496,11.8912,,5267.2,,
3201.01,3201,PC,2.3631898,,828.6247355,11.9963,,4883.2,,
3202.01,3202,PC,1.5169786,6.64263,1674.03,12.3574,373.996,5828.0,4.44,1.02
3203.01,3203,PC,4.2442882,13.1653,2036.6,12.5757,813.39,6915.0,4.25,1.52
3204.01,3204,PC,4.0446543,,607.949,13.31,1656.76,5172.7,,
3205.01,3205,FP,1.2361087,8.82245,272.064,13.364,,4313.2,,0.59
3206.01,3206,PC,1.9405161,15.0354,8627.96,12.6265,1095.74,8213.0,4.16,1.94
3207.01,3207,PC,4.0996864,,,13.3096,14728.3,,,
3208.01,3208,PC,2.3577049,11.6588,4995.52,13.3011,964.011,7822.0,4.42,1.39
3209.01,3209,PC,1.3509356,,1788.91,13.0789,6817.48,4297.6,,
321.01,321,FP,1.14057,6.52263,13201.6,12.8509,380.053,5349.5,4.44,0.84
3210.01,3210,PC,2.2364485,24.5257,3957.51,12.7521,709.721,6905.0,4.26,1.51
3211.01,3211,PC,3.5949457,11.7369,428.368,12.4531,622.381,6131.0,4.24,1.36
3212.01,3212,PC,4.1943867,13.2866,140.213,13.3216,272.762,4515.0,4.53,0.76
3213.01,3213,APC,2.5395579,,199.853,13.0427,1181.83,3931.6,,
3214.01,3214,PC,5.7759952,11.5628,313.194,11.7696,392.044,5992.0,4.24,1.31
3215.01,3215,PC,1.2008331,,,12.9273,868.982,,,
3216.01,3216,PC,2.6985136,,457.995,13.1235,7186.76,3922.8,,
3217.01,3217,FP,3.2136333,11.1273,362.609,12.3297,522.663,6189.4,4.32,1.25
3218.01,3218,PC,3.3704313,13.6938,1466.04,12.885,942.122,5765.0,3.92,1.85
3219.01,3219,PC,3.2969977,17.145,2202.26,12.8427,1227.81,7108.0,4.11,1.83
322.01,322,PC,3.990533,16.0765989,862.3677457,10.7074,277.798,5868.2,,2.76442
3220.01,3220,PC,7.4316274,,25.9699,13.2566,3327.99,3505.0,,
3221.01,3221,FP,0.8970184,,,13.3733,2275.78,,,
3222.01,3222,PC,5.6320791,11.8957,817.311,12.8239,1100.93,6409.0,3.95,2.0
3223.01,3223,PC,4.633735,,196.033,13.2272,2825.07,3905.6,,
3224.01,3224,PC,2.8317721,17.0328,703.307,13.0791,833.486,6084.0,4.15,1.48
3225.01,3225,PC,9.1509453,,101.474,10.7188,,4474.0,,
3226.01,3226,PC,2.3720554,7.05055,661.224,13.4461,419.587,4668.0,4.22,1.11
3227.01,3227,PC,8.9522767,,369.297,12.6795,528.262,5317.7,,
3228.01,3228,PC,1.8118703,18.0792,772.444,12.0317,769.274,6222.0,3.81,2.25
3229.01,3229,PC,5.21228,19.3512,1823.95,13.0502,1295.58,8532.0,4.14,2.06
323.01,323,PC,2.7723915,6.3703129,193.9128694,13.3547,315.141,4558.0,4.52,0.775641
3230.01,3230,PC,1.8200065,11.7988,457.836,12.1896,254.27,4994.0,4.43,0.91
3231.01,3231,PC,2.1738256,17.3093,2159.42,11.627,1206.09,7588.0,3.65,3.28
3232.01,3232,PC,3.3898234,14.9878,229.032,11.3983,825.812,6096.0,3.5,3.13
3233.01,3233,PC,0.9787891,17.8038,5251.58,12.8299,1251.25,6959.0,3.98,2.09
3234.01,3234,PC,10.7012764,19.1102,152.102,12.5913,655.714,5853.2,,1.17
3235.01,3235,CP,2.5926199,11.0137,13.8883,13.2486,72.811,3375.0,4.85,0.37
3236.01,3236,FP,2.9098435,13.2842,378.481,12.9841,717.079,5955.0,4.24,1.31
3237.01,3237,PC,3.0271374,22.466,1651.47,13.086,1016.11,6678.0,4.24,1.49
3238.01,3238,PC,3.224746,,500.144,13.534,,5032.0,,
3239.01,3239,PC,2.2310803,16.1961401,1896.2050788,13.5286,967.034,5905.0,4.16,1.42673
324.01,324,PC,5.2848691,21.377066,523.2760294,13.4081,944.552,6113.0,4.29,1.2729501
3240.01,3240,PC,3.8600722,10.5393,97.2691,12.8713,304.365,5096.5,4.59,0.77
3241.01,3241,PC,6.8380862,17.4994,82.8358,11.7754,300.417,5912.0,4.51,0.96
3242.01,3242,PC,3.0001627,15.0659,1151.61,12.3666,676.235,6695.0,4.27,1.45
3243.01,3243,PC,2.0519085,14.7471,1024.7,11.7219,,6386.3,,1.42
3244.01,3244,PC,4.6606892,21.5363,1436.15,12.3921,1206.98,8608.0,3.94,2.6
3245.01,3245,PC,2.8977031,17.057,2102.4,12.6561,881.501,6397.0,4.1,1.67
3246.01,3246,PC,4.319754,13.1542,335.6,12.2936,486.177,5783.0,4.26,1.25
3247.01,3247,PC,5.3305676,15.5434,277.237,12.8813,1100.56,6076.0,3.89,2.01
3248.01,3248,PC,3.2782956,12.1111,622.203,12.6831,576.031,5544.0,4.19,1.32
3249.01,3249,PC,3.2420704,12.4447,368.009,13.3359,691.946,5570.7,4.26,1.21
325.01,325,PC,4.36907,5.94716,26.8795,12.004,180.753,4391.0,4.36,0.9
3250.01,3250,PC,3.2806578,11.5452,535.248,12.0858,410.674,5717.0,4.3,1.18
3251.01,3251,PC,2.0694143,,,12.27,728.917,,,
3252.01,3252,PC,4.3636327,9.0556,121.921,12.4299,280.347,5042.0,4.48,0.87
3253.01,3253,FP,4.3622356,11.0608,89.5299,13.2041,277.718,4486.0,4.5,0.78
3254.01,3254,PC,1.6832809,,,13.201,555.221,5286.9,,
3255.01,3255,PC,2.2458338,8.19934,121.462,13.2494,256.899,4377.0,4.51,0.76
3256.01,3256,PC,6.3096313,6.46255,148.356,12.5755,426.474,5829.0,4.5,0.96
3257.01,3257,FP,2.5336422,29.183,3022.37,13.2608,761.766,6038.0,4.22,1.36
3258.01,3258,PC,1.227961,,560.674,12.6593,,4508.0,,
3259.01,3259,PC,3.4470312,11.2549,352.463,12.9104,411.798,5629.0,4.53,0.9
326.01,326,APC,0.24733,11.0751,22981.4,11.7549,462.239,6316.0,3.75,1.25
3260.01,3260,PC,11.4520097,9.64471,296.562,12.1225,599.768,6193.0,4.15,1.52
3261.01,3261,PC,0.8831279,4.3749094,1586.2100083,12.4923,300.141,5151.4,4.51,0.86
3262.01,3262,PC,12.8770845,10.8337698,112.6342216,12.0461,404.221,5953.0,4.39,1.10769
3263.01,3263,PC,5.6155837,7.87868,627.845,11.7593,480.702,5998.0,4.13,1.51
3264.01,3264,PC,3.3133491,14.7466,1705.48,12.6347,867.089,6690.0,4.21,1.56
3265.01,3265,PC,3.3792968,,138.369,12.599,637.042,6125.1,,
3266.01,3266,PC,3.7462806,17.5312,819.165,12.2613,334.472,5737.0,,1.12
3267.01,3267,PC,2.7674682,11.0509,932.409,12.8058,714.829,5890.0,4.17,1.41
3268.01,3268,PC,1.8641295,6.95296,302.749,11.9039,272.053,5293.0,4.38,1.02
3269.01,3269,PC,4.132031,3.73783,76.3127,12.839,489.606,5657.6,,0.53
327.01,327,PC,10.0550764,20.5931944,223.3992486,13.4573,958.071,5960.0,4.23,1.31971
3270.01,3270,PC,6.4751256,,37.2725,12.2017,,4899.8,,
3271.01,3271,PC,4.1394473,12.776,454.749,11.059,365.226,6014.9,,1.96
3272.01,3272,PC,3.146714,12.1786,215.374,13.2598,611.415,5197.0,4.11,1.37
3273.01,3273,PC,4.2955192,13.6703,302.917,12.3525,396.881,5875.0,4.51,0.95
3274.01,3274,PC,2.9075077,12.0308,677.605,12.9127,599.012,5709.0,4.3,1.18
3275.01,3275,PC,20.5020769,11.7145,66.4002,13.445,311.738,4511.0,4.51,0.78
3276.01,3276,PC,7.0327412,11.4154,68.7158,12.6919,297.407,5021.0,4.52,0.83
3277.01,3277,PC,1.5265889,12.3611,391.362,12.7572,273.098,4887.0,4.57,0.77
3278.01,3278,PC,3.2464257,12.7086,297.123,13.5215,904.752,5729.0,4.19,1.35
3279.01,3279,PC,0.4191451,6.1769613,14526.5528051,12.6889,614.459,5430.0,4.4,1.39542
328.01,328,PC,4.4781603,9.2972393,571.7432004,12.7703,659.967,6074.0,4.33,1.20333
3280.01,3280,PC,3.8348994,10.5061,559.599,13.0099,793.087,5849.3,4.08,1.56
3281.01,3281,PC,9.3108074,10.1812,336.791,11.1165,467.976,6243.0,3.97,1.89
3282.01,3282,APC,2.9478339,18.9265,2791.77,11.7212,470.939,6296.0,4.27,1.35
3283.01,3283,PC,3.502221,14.1347,533.699,12.4005,527.005,5983.0,4.31,1.21
3284.01,3284,PC,0.8102219,7.01523,1338.85,11.0125,511.737,6329.0,3.92,2.03
3285.01,3285,PC,2.7022764,15.3559,925.842,12.6771,614.218,5969.0,4.17,1.43
3286.01,3286,PC,2.0325685,11.846,175.933,12.926,312.259,4950.0,4.49,0.85
3287.01,3287,PC,2.7176413,17.2275,1649.78,13.0201,988.609,6567.0,4.21,1.52
3288.01,3288,PC,1.4338615,12.3818,158.892,13.2956,200.5,3913.0,4.59,0.67
3289.01,3289,PC,1.4259934,12.6369,910.147,12.8999,915.052,5955.0,3.99,1.75
329.01,329,CP,5.7042858,5.0247868,576.8749367,10.6929,284.388,5560.5,4.01,1.61148
3290.01,3290,FP,3.910946,10.6878,497.733,11.3612,369.444,5642.0,4.07,1.54
3291.01,3291,PC,9.0653768,9.03928,27.2384,12.7602,363.935,5302.0,,0.95
3292.01,3292,PC,4.2545208,13.8532978,718.999383,13.3827,894.68,5674.0,4.13,1.43536
3293.01,3293,PC,2.589659,14.9823,2190.57,13.1675,1270.93,6650.0,4.1,1.75
3294.01,3294,PC,2.5658729,14.4803,351.223,11.481,286.439,5003.0,,1.39
3295.01,3295,PC,3.4379994,13.3167,1192.84,13.2972,981.113,6193.0,4.2,1.44
3296.01,3296,PC,5.9493696,11.8844,235.266,12.3726,437.919,5590.0,4.31,1.15
3297.01,3297,PC,3.9349141,14.3155,1051.8,13.0197,900.488,6200.0,4.1,1.61
3298.01,3298,PC,3.0537856,17.9453,583.27,12.2415,588.129,6103.0,4.17,1.46
3299.01,3299,PC,2.9264345,6.98436,557.455,13.3888,417.019,5121.0,4.57,0.8
330.01,330,PC,4.2794669,9.0099926,74.8950024,12.8696,200.326,4314.0,4.57,0.703041
3300.01,3300,PC,6.6926834,9.62132,678.724,12.6579,791.797,5918.0,3.98,1.75
3301.01,3301,PC,5.451593,11.1974,359.92,12.5815,786.257,5773.0,3.91,1.87
3302.01,3302,PC,1.5570251,10.9349,1213.68,12.909,705.625,5590.0,4.08,1.5
3303.01,3303,PC,8.6187455,15.6647,173.998,10.5695,615.178,7400.0,3.92,2.37
3304.01,3304,PC,3.4930546,13.1021,639.317,12.0148,502.336,5986.0,4.17,1.42
3305.01,3305,PC,2.025289,12.3405,550.936,12.9876,394.443,5297.4,4.52,0.86
3306.01,3306,FP,3.8780401,8.5758,602.229,12.3483,403.582,5617.0,4.31,1.15
3307.01,3307,PC,3.8784358,11.8812,310.093,13.1045,560.726,5636.0,4.32,1.14
3308.01,3308,APC,0.7614693,,1543.61,13.3095,,5813.0,,
3309.01,3309,PC,7.4832824,12.264,129.267,11.8633,288.963,5306.0,4.35,1.06
331.01,331,FP,2.4843369,8.59746,160.141,13.0261,939.136,5608.0,3.94,1.76
3310.01,3310,PC,1.3828196,15.7062,1001.35,13.0374,890.249,6362.0,4.22,1.45
3311.01,3311,PC,4.8435717,15.3767,693.687,13.1052,521.922,5552.0,4.42,1.01
3312.01,3312,PC,5.3890264,,93.9124,12.5578,450.91,3930.3,,
3313.01,3313,FP,2.128423,,674.806,12.6827,8341.8,3689.6,,
3314.01,3314,PC,1.3677581,11.144,596.492,12.4749,353.719,5355.0,,1.37
3315.01,3315,PC,5.2330803,12.7241,1001.08,11.8748,565.094,6375.0,4.2,1.49
3316.01,3316,PC,4.0668012,10.2315,270.456,13.4449,642.134,5789.0,4.47,0.98
3317.01,3317,PC,2.9519989,15.6964,1262.03,12.8739,974.737,6136.0,4.03,1.73
3318.01,3318,PC,12.8777188,,70.9259,13.3675,586.486,5281.8,,
3319.01,3319,FP,0.5438807,6.46581,1246.75,13.5252,557.804,5259.0,4.41,0.98
332.01,332,CP,0.77685,3.28324,4180.32,11.5273,222.852,5190.0,4.42,0.96
3320.01,3320,PC,2.625748,12.4597,2401.54,12.4472,956.388,6693.0,4.04,1.89
3321.01,3321,PC,3.6525305,14.7302,967.919,10.6651,285.895,5930.0,4.14,1.47
3322.01,3322,PC,1.0571733,12.0066,2168.84,11.5624,809.845,6307.0,3.72,2.53
3323.01,3323,FP,3.0223957,11.507,791.733,12.7316,234.721,4653.0,4.56,0.75
3324.01,3324,PC,2.8090597,12.0828,1004.86,12.9566,803.35,5852.0,4.1,1.52
3325.01,3325,PC,4.2732096,,286.212,12.8376,522.799,5332.0,,
3326.01,3326,PC,1.0664194,14.3422,2742.65,13.1482,685.8,5897.0,4.33,1.18
3327.01,3327,PC,4.1794516,13.3164,815.017,12.4256,891.92,6151.0,3.92,1.96
3328.01,3328,PC,10.1923252,5.40312,355.136,12.1098,426.298,5767.0,4.23,1.28
3329.01,3329,PC,5.0648278,13.6307,738.156,11.6723,441.315,6411.0,4.29,1.34
333.01,333,PC,3.7852328,4.7864833,650.4958544,11.5166,352.269,6150.0,4.4,1.1289999
3330.01,3330,PC,1.0815202,17.3782,1428.47,12.4794,834.968,6260.0,4.02,1.78
3331.01,3331,CP,2.0180196,12.168,520.136,11.3208,217.193,5544.0,4.47,0.96
3332.01,3332,FP,3.1785277,,788.118,12.7825,6634.95,3540.7,,
3333.01,3333,PC,3.9823479,,197.455,13.334,,3986.0,,
3334.01,3334,PC,1.9242952,16.9815,2478.4,12.8757,851.085,6324.3,4.19,1.48
3335.01,3335,PC,2.265394,12.6882,1585.08,12.5521,744.585,5568.0,3.89,1.86
3336.01,3336,PC,10.1822686,,,12.388,535.977,,,
3337.01,3337,PC,1.2436504,11.1385,828.458,13.3234,781.789,6070.0,4.35,1.18
3338.01,3338,PC,1.4893582,12.5424,1946.1,12.5052,533.245,6208.0,4.42,1.11
3339.01,3339,PC,3.7465541,,824.101,12.2962,,5766.6,,
334.01,334,APC,17.9160113,18.2667,27.7718,9.5498,199.657,6090.2,4.11,1.57
3340.01,3340,APC,11.968028,32.6917,495.179,10.9207,402.859,6701.0,,1.57
3341.01,3341,PC,8.6369598,13.0862,439.615,12.7691,543.009,6040.0,4.45,1.04
3342.01,3342,PC,5.9709305,12.3371,180.951,11.8482,340.802,5748.0,4.38,1.09
3343.01,3343,PC,2.3651663,19.4747,851.541,13.4411,991.209,5805.0,4.1,1.51
3344.01,3344,PC,3.2229781,14.58,2054.13,10.9308,248.097,5488.0,4.2,1.29
3345.01,3345,PC,2.1917701,20.1864,3396.72,13.207,1356.21,7222.0,4.12,1.84
3346.01,3346,PC,4.8692603,6.32448,215.764,11.9812,132.574,4323.0,4.58,0.7
3347.01,3347,FP,3.0591641,7.01214,2296.74,12.0536,491.072,4999.4,,1.59
3348.01,3348,PC,2.6156239,4.05281,1128.14,11.4872,820.182,7002.0,,0.83
3349.01,3349,APC,2.0272642,13.445,388.165,11.3546,574.167,6505.5,,1.81
335.01,335,FP,1.26092,8.46782,5014.81,12.3571,472.613,5875.0,4.36,1.11
3350.01,3350,PC,2.2358979,3.28794,851.912,10.6418,112.087,4793.8,4.42,0.9
3351.01,3351,PC,4.311529,15.9679,364.211,10.9932,388.82,6777.0,4.29,1.57
3352.01,3352,PC,13.8198458,3.20854,114.274,10.2756,281.692,5598.0,3.85,1.96
3353.01,3353,PC,4.6658007,2.17821,216.429,8.7843,78.7577,6365.0,4.54516,1.02
3353.02,3353,PC,8.8176457,2.36114,85.6924,8.7843,78.7577,6365.0,4.54516,1.02
3354.01,3354,PC,46.3810093,5.7534556,55.3448497,10.9567,415.22,6307.9,4.07,1.69625
3355.01,3355,PC,15.6600896,2.14305,110.915,10.8204,261.681,6257.0,4.42,1.13
3356.01,3356,PC,2.9122454,5.08343,862.596,12.1289,495.996,5466.0,3.94,1.46
3357.01,3357,FP,2.6535777,6.685956,4941.3523429,11.0285,607.29,8037.0,4.26402,1.70185
3358.01,3358,FP,8.8088443,10.7596,2579.38,10.5387,454.844,8072.0,4.37,1.58
3359.01,3359,PC,15.8118347,2.24252,70.4363,9.6216,119.49,5746.7,4.43,1.01
336.01,336,FP,17.7082945,11.7171,100.109,9.9524,600.497,7859.0,4.12,2.8
3360.01,3360,APC,16.7375044,16.0108,12.3014,10.6857,564.342,6549.0,3.62,2.97
3361.01,3361,APC,10.5634342,12.1545,3.01202,10.956,136.169,4688.0,4.33,0.99
3362.01,3362,CP,18.0953159,12.0619,37.2117,10.3823,366.987,6509.8,3.99,1.8
3363.01,3363,PC,9.7433732,,,10.2509,2157.7,8582.0,4.09,
3364.01,3364,CP,5.8769438,12.3925008,511.3176191,10.8137,277.899,5805.0,4.13,1.4484
3365.01,3365,PC,5.3928876,12.0135136,511.6375558,10.8467,273.225,5970.0,4.24,1.3179801
3366.01,3366,PC,8.4562659,17.3093,833.599,10.7038,238.294,6144.0,,1.3
3367.01,3367,PC,3.7493233,,,10.6973,5366.25,,,
3368.01,3368,PC,7.2611991,15.4357,1167.97,12.8281,886.655,6702.0,4.07,1.82
3369.01,3369,FP,3.5463582,,922.838,12.7345,815.313,5453.0,,
337.01,337,FP,6.87168,28.967,380.128,12.0235,292.682,5446.0,4.43,1.33
3370.01,3370,PC,2.3506831,6.39563,1871.52,12.0148,549.076,6589.0,4.24,1.47
3371.01,3371,PC,3.5071842,11.2416379,2055.0809424,11.5432,627.758,7462.0,,1.85807
3372.01,3372,FP,11.0701242,,,13.1038,1521.09,,,
3373.01,3373,PC,6.534605,12.2512,167.262,12.889,677.509,5826.0,4.16,1.41
3374.01,3374,PC,2.6543295,23.745,2779.92,13.0959,1040.31,7517.0,4.21,1.71
3375.01,3375,FP,1.2368321,7.3968,3451.44,12.6206,735.596,6117.0,4.1,1.59
3376.01,3376,PC,4.7260751,14.7931,4023.58,13.4213,1055.67,7311.0,4.27,1.55
3377.01,3377,FP,0.5241284,16.7968,16094.6,12.5004,810.822,5860.0,3.88,1.95
3378.01,3378,PC,2.6101478,15.9448335,9842.1090407,12.0588,915.563,5320.0,4.21,2.6926401
3379.01,3379,FP,1.6117444,6.63491,847.062,12.1038,446.453,6056.0,4.38,1.14
338.01,338,KP,5.36777,14.2607,747.132,11.3151,542.251,6561.0,4.1,1.72
3380.01,3380,APC,2.0086823,7.75485,3645.6,11.756,1062.66,8516.0,,2.19
3381.01,3381,FP,3.3630421,20.7277,509.118,13.4704,1001.57,5982.0,4.17,1.42
3382.01,3382,PC,4.4575332,12.6057,1531.89,11.5546,713.283,6289.3,4.25,2.16
3383.01,3383,PC,9.7325799,14.8778005,289.3283868,12.8451,810.86,6300.4,4.26,1.3728499
3384.01,3384,PC,1.8592079,16.4056,2679.45,12.2146,1520.39,7257.0,3.75,2.82
3385.01,3385,FP,2.2623261,4.86815,1819.52,12.4698,343.21,5786.0,4.56,0.89
3386.01,3386,PC,0.8855539,5.05228,1788.08,12.4768,511.818,6446.0,4.45,1.13
3387.01,3387,PC,2.7678404,,535.934,13.2877,617.178,5908.7,,
3388.01,3388,FP,0.845657,8.90314,2301.5,10.9017,601.211,4969.9,,4.52
3389.01,3389,FP,1.680148,9.76407,575.779,10.9144,527.277,5750.5,3.81,2.35
339.01,339,FP,6.73069,22.1494,457.721,12.0885,650.653,6048.2,4.28,1.66
3390.01,3390,APC,5.4033373,18.9875,26.5343,13.2958,,4977.7,,1.49
3391.01,3391,PC,4.7131119,19.7629326,1722.7646011,13.5064,1249.01,6785.0,4.05,1.88091
3392.01,3392,FP,1.1104301,,,13.494,,,,
3393.01,3393,PC,5.2059716,11.1254,280.373,13.6224,783.101,6210.0,4.41,1.13
3394.01,3394,PC,7.8373997,7.62042,254.905,12.1348,646.997,6715.0,4.28,1.43
3395.01,3395,PC,3.2730247,,217.442,12.683,440.82,5769.7,,
3396.01,3396,PC,6.4700007,22.0947602,1012.8517686,12.5443,928.163,6819.0,4.11,1.7676899
3397.01,3397,PC,3.6250244,6.80665,53.0463,13.3153,180.84,3811.0,4.63,0.63
3398.01,3398,PC,6.2088405,3.5693526,51.4155981,12.1945,168.34,4655.8,4.67,0.661528
3399.01,3399,FP,2.642447,,11564.4,13.509,2056.31,8779.8,,
340.01,340,PC,14.8499717,,71.4587134,12.6435,497.551,5829.0,,
3400.01,3400,PC,3.8036198,22.1057,1174.87,12.6659,913.915,6464.0,4.14,1.61
3401.01,3401,PC,3.6689529,13.2074,377.121,13.3298,647.95,5642.0,4.38,1.06
3402.01,3402,FP,3.4714171,,,12.6532,5066.53,,,
3403.01,3403,PC,11.2205176,17.0919218,268.0187451,12.0894,678.701,6764.0,4.19,1.60322
3404.01,3404,PC,2.5087868,12.9918,922.499,12.7435,513.6,6255.0,4.52,1.01
3405.01,3405,PC,6.1458884,18.4029,351.407,13.0178,1203.27,7231.0,4.24,1.6
3406.01,3406,PC,2.623354,16.3338,1425.08,12.8054,889.866,6437.0,4.1,1.69
3407.01,3407,PC,1.3847905,11.9783,2691.16,13.0549,714.755,5596.0,,1.82
3408.01,3408,PC,15.8346011,16.7304,116.829,13.3008,665.382,5713.1,4.37,1.09
3409.01,3409,PC,7.7605254,4.92551,218.205,11.7483,364.285,6070.0,4.42,1.09
341.01,341,PC,1.81383,11.581,120.54,13.3302,415.551,4775.0,4.38,0.94
3410.01,3410,PC,3.9791023,,,11.581,,,,
3411.01,3411,PC,7.0628019,,,13.1428,1531.6,,,
3412.01,3412,PC,3.1405783,11.93,210.456,12.6977,565.295,5636.0,4.24,1.26
3413.01,3413,PC,4.7114264,15.6522,1055.88,12.5881,726.071,8238.0,4.41,1.47
3414.01,3414,PC,9.7355768,9.29033,405.451,11.9685,537.355,5033.0,,1.81
3415.01,3415,PC,3.5714448,18.4074,873.532,12.2665,1053.27,5942.0,3.66,2.56
3416.01,3416,PC,2.3626917,14.4588,4798.12,12.6255,1184.46,8360.0,4.33,1.62
3417.01,3417,PC,2.7194615,12.4906,422.699,13.4736,548.679,5454.0,4.52,0.89
3418.01,3418,PC,7.3039869,,184.0529207,11.8994,,5308.5,,
3419.01,3419,PC,7.9969538,,205.724,12.935,,5305.8,,
342.01,342,FP,10.45776,,65.5508,12.8691,508.84,5800.0,4.38,
3420.01,3420,FP,1.5971426,7.98964,4957.19,12.6746,950.218,6263.0,4.03,1.77
3421.01,3421,PC,2.8389301,16.9204,1669.46,13.35,1787.36,7132.0,3.98,2.14
3422.01,3422,KP,3.7788779,13.9739571,466.0843733,12.239,397.313,5817.7,4.43,1.02896
3423.01,3423,FP,2.5313424,,4500.49,12.6067,4030.62,9598.5,,
3424.01,3424,FP,0.6691882,9.96751,7244.35,12.5772,994.33,6623.0,4.09,1.76
3425.01,3425,PC,0.765415,8.47671,3287.18,13.0391,923.779,6034.0,4.13,1.51
3426.01,3426,PC,6.1786733,18.581,313.989,12.7761,687.367,5806.0,4.16,1.4
3427.01,3427,PC,2.9526508,17.072,532.564,12.7363,868.194,5812.0,3.98,1.73
3428.01,3428,PC,5.3945125,,,12.1927,,,,
3429.01,3429,PC,13.9311096,14.0219,70.2738,12.4493,816.907,6445.0,4.1,1.69
343.01,343,PC,1.7563116,8.3651129,1827.7735678,12.4115,519.27,5885.0,4.31,1.20235
3430.01,3430,APC,5.0949767,15.7588,915.595,11.8807,872.374,6565.0,4.18,2.25
3431.01,3431,PC,3.919695,19.0078,1108.17,13.1291,1198.58,6438.0,4.08,1.73
3432.01,3432,PC,9.148074,,136.3273948,13.7942,,3999.0,,
3433.01,3433,PC,2.7765784,6.07883,130.312,12.7445,210.527,4348.2,4.48,0.78
3434.01,3434,PC,3.1510024,12.7872,34.0167,12.2609,607.396,5927.9,4.12,1.5
3435.01,3435,FP,11.8885643,19.2143,18.8935,13.3872,282.594,4427.0,4.52,0.75
3436.01,3436,FP,1.3955317,10.461,3163.13,10.9602,566.014,4957.2,3.34,3.29
3437.01,3437,PC,4.9873145,12.4458895,275.535577,13.0707,461.605,6199.0,4.63,0.87414
3438.01,3438,PC,1.6660179,10.257,1529.93,11.9581,735.129,5993.3,3.9,2.01
3439.01,3439,PC,5.9349921,13.8526,38.9292,13.4001,591.628,5320.0,4.29,1.13
344.01,344,PC,6.0672187,9.4901642,316.7657662,11.9221,404.201,6149.0,4.44,1.0793999
3440.01,3440,FP,1.7167587,,215.049,12.052,7170.63,3917.3,,
3441.01,3441,PC,4.2594558,10.33,433.367,13.2137,652.833,5763.8,4.31,1.18
3442.01,3442,PC,3.4569274,,241.384,12.6816,611.019,4973.0,,
3443.01,3443,PC,1.0078907,14.2534,11995.5,11.672,1025.24,6808.0,3.51,3.52
3444.01,3444,PC,2.7188122,16.9807,708.483,11.9642,481.703,6531.0,4.23,1.48
3445.01,3445,PC,2.9866836,15.0254,282.578,12.8311,353.696,4790.0,4.14,1.24
3446.01,3446,PC,1.8528946,,2142.13,13.0573,740.15,5378.5,,
3447.01,3447,PC,3.6562554,10.421,1093.63,12.2152,595.56,5994.0,4.12,1.51
3448.01,3448,PC,2.1642912,,1248.62,13.2582,768.479,4907.3,,
3449.01,3449,PC,3.8249546,15.0897,1068.52,12.5451,841.734,6341.2,4.08,1.69
345.01,345,PC,11.2237372,9.5654941,57.9380401,13.5263,516.33,5136.0,4.47,0.903365
3450.01,3450,PC,3.6387748,,,10.376,,5095.6,,
3451.01,3451,PC,8.7234738,10.5545,54.2067,12.5517,404.622,5522.0,4.42,1.0
3452.01,3452,PC,2.8372178,14.7827,4549.21,13.1151,1024.38,5604.0,3.73,2.24
3453.01,3453,PC,4.3618031,12.1596,1248.73,12.6558,966.604,6126.0,3.81,2.21
3454.01,3454,PC,3.9415006,12.3165,264.591,12.9585,633.798,6011.0,4.26,1.3
3455.01,3455,PC,0.422425,8.6772,1423.41,13.3477,532.33,5269.0,4.25,1.18
3456.01,3456,PC,17.0298529,12.0922,9.23182,12.0537,222.115,5022.0,4.43,0.92
3457.01,3457,PC,32.6012979,9.18821,17.4858,11.6146,370.666,6067.8,4.23,1.35
3458.01,3458,PC,3.1726875,11.911,172.9,12.6553,302.055,5056.0,4.48,0.87
3459.01,3459,PC,8.4893234,,357.289,12.2014,595.948,5030.7,,
346.01,346,PC,16.56308,30.0184,184.89,12.7291,745.217,6177.0,4.25,1.35
3460.01,3460,PC,4.6288384,17.2704,4580.01,8.82719,205.426,5978.9,3.89,2.22
3461.01,3461,PC,11.4483792,10.4552,165.825,12.9682,695.231,6175.0,4.29,1.28
3462.01,3462,PC,6.3885628,7.62451,46.0383,12.8749,422.208,5474.0,4.4,1.03
3463.01,3463,PC,2.2538878,,,13.5313,,,,
3464.01,3464,PC,3.6515704,12.4868,290.61,12.0719,597.774,6353.0,4.13,1.59
3465.01,3465,PC,3.9563671,,483.791,12.7896,876.04,5601.0,,
3466.01,3466,FP,1.862908,13.9775,20675.8,12.8482,527.819,5626.0,4.15,1.39
3467.01,3467,FP,0.7799194,9.09676,2609.72,12.8492,715.534,5473.0,3.8,2.04
3468.01,3468,FP,3.3789946,8.56973,333.667,13.5709,388.495,4809.0,4.51,0.82
3469.01,3469,PC,2.6566986,17.7901,2780.14,12.5805,885.345,6823.0,4.16,1.67
347.01,347,PC,4.04003,12.106,1.86549,11.2043,344.084,5692.2,4.1,1.48
3470.01,3470,PC,3.2404614,18.8972,321.441,13.3259,782.847,5823.0,4.2,1.35
3471.01,3471,PC,8.7520247,12.7543,114.611,12.8852,454.021,5666.0,4.5,0.94
3472.01,3472,FP,1.5810556,13.941,1668.68,13.5159,409.504,5985.0,4.72,0.76
3473.01,3473,PC,4.0358074,17.8847,498.733,13.0656,1014.58,6599.0,4.19,1.56
3474.01,3474,PC,3.8795023,14.0735,709.036,11.9672,420.123,6048.0,4.29,1.26
3475.01,3475,PC,2.7812908,18.2165,2647.01,12.2587,904.833,7560.0,4.26,1.63
3476.01,3476,PC,4.3205081,14.5156,706.863,12.6718,644.3,7627.0,4.51,1.23
3477.01,3477,PC,3.3626798,14.2118,1144.81,13.4138,982.497,6165.0,4.22,1.39
3478.01,3478,PC,1.82856,20.4999,2034.63,12.3282,657.544,6078.0,4.13,1.53
3479.01,3479,PC,2.1970052,12.6118,1152.76,13.4326,880.221,5636.0,4.1,1.47
348.01,348,PC,0.4947938,8.7665514,15589.0579756,12.2494,607.923,5879.0,4.11,1.5121
3480.01,3480,PC,2.1301227,,1062.41,12.4119,805.466,5830.0,,
3481.01,3481,PC,4.9214799,,110.739,12.8719,438.015,5055.0,,
3482.01,3482,FP,0.9714298,8.81333,2557.87,10.7989,492.34,6495.0,3.89,2.18
3483.01,3483,PC,1.4466788,12.978,1386.27,12.8749,884.446,5881.0,3.95,1.81
3484.01,3484,PC,5.1890769,15.2719,863.316,11.5616,534.304,6195.0,4.0,1.81
3485.01,3485,PC,11.8413467,2.20757,18.0311,9.6181,56.8792,4554.0,4.52,0.77
3485.02,3485,PC,6.0379203,1.49811,56.3052,9.6181,56.8792,4554.0,4.52,0.77
3486.01,3486,PC,2.217782,10.4759,133.224,11.4867,154.715,4841.0,4.52,0.81
3487.01,3487,APC,16.0085751,19.3218,150.886,10.1862,173.108,5992.0,4.34939,1.08
3488.01,3488,PC,6.9625419,2.97636,360.794,11.7789,278.915,5727.0,4.5,0.95
3489.01,3489,PC,3.7833369,13.3743,370.391,11.7185,297.152,5266.0,4.21,1.23
349.01,349,FP,2.6520851,,,10.179,216.661,6054.0,4.29,
3490.01,3490,PC,9.1317488,14.7541,27.2956,12.5911,271.578,5198.2,4.63,0.75
3491.01,3491,PC,2.4038651,22.3961,1441.91,11.8844,377.32,5961.0,,1.21
3492.01,3492,PC,9.2224114,15.3135,311.425,8.4504,201.957,6332.0,3.7075,2.59
3493.01,3493,PC,8.159487,3.3709444,236.8223938,8.7028,96.7224,5860.0,4.29672,1.2115099
3494.01,3494,PC,7.748612,2.2168828,3.6244475,12.295,33.7173,3230.0,4.91717,0.307821
3495.01,3495,PC,8.4130034,4.3741604,752.108278,8.734,172.372,6529.0,3.99995,1.92409
3496.01,3496,PC,1.5505494,8.21753,7457.95,10.3363,656.87,,,2.02
3497.01,3497,KP,4.2180687,9.8679012,382.7111936,11.4007,403.591,5780.0,4.438,1.0
3498.01,3498,PC,4.8768783,4.71563,295.298,12.0475,165.222,4562.0,4.54562,0.75
3499.01,3499,PC,4.5992844,19.0560523,3114.1185902,11.5226,748.181,5695.0,3.45316,3.1233001
350.01,350,APC,2.5130547,8.55709,1258.82,12.3856,341.681,5635.0,4.41,0.85
3500.01,3500,PC,7.3436151,3.996537,175.4529921,10.8298,195.884,5406.0,4.32992,1.0980901
3500.02,3500,PC,,10.6445904,71.5512456,10.8298,195.884,5406.0,4.32992,1.0980901
3501.01,3501,APC,15.3502505,19.2152,52.6633,10.7413,206.21,5782.5,3.92,1.0
3502.01,3502,PC,3.4468018,9.8310336,2682.0062952,11.4712,627.463,7853.0,4.33241,1.5443701
3503.01,3503,PC,1.1901816,9.02257,10290.0,10.2726,456.891,8405.0,4.25145,1.79
3504.01,3504,FP,2.1570462,14.5949243,1041.3249499,11.6006,299.999,5863.0,4.42,1.04535
3505.01,3505,PC,2.9151556,7.4578,504.746,10.9372,373.477,6220.0,,1.34
3506.01,3506,PC,4.4961387,12.7988183,426.7739259,12.8624,528.922,5554.0,4.28,1.18466
3507.01,3507,FP,1.7561019,8.43478,1012.39,13.3911,378.906,4896.0,4.52,0.81
3508.01,3508,FP,1.2997811,13.6803,3036.53,12.4162,535.034,6053.0,4.08,1.61
3509.01,3509,PC,5.1108509,,249.397,13.0815,1017.59,4916.0,,
351.01,351,KP,3.4654953,14.2776184,1373.5324063,12.0719,602.236,5570.3,3.93,1.77738
3510.01,3510,PC,2.8724894,13.1718,614.779,12.7595,518.905,5752.0,4.37,1.1
3511.01,3511,APC,1.0848133,12.3151,289.23,13.4539,427.611,4670.0,4.32,0.99
3512.01,3512,FP,1.7113115,,1522.7,11.8744,611.126,6845.2,,
3513.01,3513,PC,2.9817237,15.4413,2338.63,12.5001,,7717.5,,2.14
3514.01,3514,PC,1.5039495,17.3816,1141.17,12.8953,413.169,5623.0,4.54,0.95
3515.01,3515,PC,3.0415724,10.3727,1021.58,12.1831,508.733,5814.1,,1.3
3516.01,3516,PC,2.501531,20.1829,2388.65,11.2292,378.28,5823.0,4.06,1.58
3517.01,3517,PC,3.3687307,13.6378,403.813,13.4486,775.36,5727.0,4.3,1.18
3518.01,3518,PC,2.9661661,16.476,263.25,13.3015,7470.05,5436.0,,1.17
3519.01,3519,PC,3.500869,13.3258,913.394,12.0676,618.938,5870.0,4.01,1.69
352.01,352,APC,11.6235,20.7208,31.7369,11.014,183.391,5518.0,4.34,0.89
3520.01,3520,PC,3.0086349,13.7329,831.069,13.3539,966.909,5984.0,4.15,1.46
3521.01,3521,PC,3.0002348,,39.1931,12.561,761.867,5757.3,,
3522.01,3522,PC,3.3412415,10.2542,161.632,12.9096,383.487,5285.0,4.48,0.9
3523.01,3523,PC,2.304583,16.9661,2500.98,12.1042,645.294,6562.0,4.18,1.58
3524.01,3524,FP,3.3418892,13.4003,123.578,13.4979,380.532,4874.0,4.53,0.8
3525.01,3525,FP,0.8912218,15.1782,4445.59,12.8424,891.899,6245.0,4.12,1.59
3526.01,3526,FP,1.5380702,18.9812,1996.94,13.3403,1277.4,6125.0,3.87,2.06
3527.01,3527,PC,1.755115,33.1493745,7316.7400883,12.5298,974.576,5889.0,3.71,2.4012699
3528.01,3528,FP,1.9740614,,1053.2751311,13.134,,3633.7,,
3529.01,3529,PC,2.5850398,14.2221,568.458,12.8771,603.925,5770.0,,1.2
353.01,353,PC,1.2979921,39.1860336,1915.81643,13.4735,1367.8,4965.0,,2.63993
3530.01,3530,APC,1.3570332,,13694.3,11.4204,897.453,12679.0,,
3531.01,3531,APC,3.8099858,18.6054746,1563.275145,10.711,360.072,6674.0,4.19,1.58842
3532.01,3532,PC,2.4563456,,786.9915489,12.5112,,4908.5,,
3533.01,3533,PC,4.3167817,,192.446,11.9114,,5276.4,,
3534.01,3534,KP,3.2346944,13.3160023,843.7111506,12.6877,587.039,5613.0,4.2,1.3147399
3535.01,3535,PC,1.9115371,,,13.4268,748.729,,,
3536.01,3536,FP,1.8532983,,480.295,12.5299,777.748,6292.8,,
3537.01,3537,FP,5.6133922,15.2695,91.3894,12.6275,449.327,5848.0,4.41,1.07
3538.01,3538,PC,7.3105415,15.0553,216.462,13.0197,999.475,6353.0,4.14,1.58
3539.01,3539,PC,6.0978165,14.2859,283.742,13.1383,649.212,6255.0,4.44,1.11
354.01,354,APC,3.0002084,25.2021,777.419,11.3534,366.824,5767.0,4.15,1.41
3540.01,3540,CP,3.1198404,12.1758,728.1777183,10.9541,,6011.2,,1.13476
3541.01,3541,FP,2.5313956,23.2858,3659.88,13.3888,721.677,5854.0,4.36,1.13
3542.01,3542,FP,4.2021893,14.1363,523.564,11.7211,503.905,6702.0,4.29,1.42
3543.01,3543,PC,6.481666,22.7901,1063.58,11.9344,755.648,7849.0,,1.99
3544.01,3544,PC,2.2020405,,317.569,12.5531,496.773,5276.4,,
3545.01,3545,PC,3.1872086,21.2058311,2037.6641193,11.5954,567.193,6578.0,4.14,1.64157
3546.01,3546,PC,5.2019364,9.64178,312.039,12.1833,500.216,6111.0,4.29,1.27
3547.01,3547,PC,4.1632657,17.3522,85.347,13.3673,644.514,5145.0,4.12,1.34
3548.01,3548,FP,0.3093954,15.7244,1703.73,13.0744,287.244,4769.0,4.59,0.73
3549.01,3549,PC,1.8639309,14.7339,19428.3,12.5769,769.611,6527.4,4.18,1.57
355.01,355,APC,1.0372587,4.6818337,4759.9649159,10.9767,313.032,6049.0,4.25,1.3164999
3550.01,3550,PC,1.1239202,8.30438,1555.17,10.813,632.507,7786.1,4.08,2.06
3551.01,3551,PC,3.1940809,12.9018,1528.03,11.6084,680.464,6417.0,3.85,2.24
3552.01,3552,PC,0.9277787,13.2413,1195.25,12.2196,885.672,6123.0,3.74,2.42
3553.01,3553,PC,1.9410635,11.8231228,2216.7805559,11.0414,398.925,6497.2,,1.46336
3554.01,3554,PC,1.6127665,,1829.12,13.3219,,5359.2,,
3555.01,3555,PC,5.271813,10.3325,435.707,13.2883,798.449,5947.6,,0.73
3556.01,3556,APC,4.118418,17.7065,320.761,12.7054,795.26,6374.0,4.19,1.5
3557.01,3557,FP,0.476873,16.2032,5402.97,11.857,447.387,5877.0,,3.57
3558.01,3558,PC,2.5650361,13.0681,717.151,13.2016,772.831,5866.0,4.21,1.34
3559.01,3559,PC,2.5402287,16.3917196,7355.9058604,11.5948,813.322,9339.0,4.41,1.5968
356.01,356,PC,5.7694373,11.9640451,542.4861018,13.0524,835.557,5499.0,4.01,1.5989701
3560.01,3560,PC,1.9804293,10.1264,15472.4,10.7978,297.852,6381.0,4.32,1.29
3561.01,3561,FP,4.1273472,20.1447,1041.76,12.8903,1067.6,7795.0,4.39,1.44
3562.01,3562,FP,1.3298469,6.98364,32313.0,11.9635,289.309,5791.1,4.69,0.81
3563.01,3563,KP,17.8552322,14.5976753,183.2136427,10.931,399.398,6779.2,4.25,1.49114
3564.01,3564,PC,4.0875563,19.9932642,1655.4640288,12.2617,737.575,6454.0,4.26,1.55158
3565.01,3565,FP,4.3170598,12.9424,361.994,11.9683,440.708,6017.0,4.29,1.25
3566.01,3566,FP,1.764534,23.84,3379.0,13.33,845.721,6479.0,4.4,1.2
3567.01,3567,PC,1.9990323,12.7486,241.443,12.8649,516.364,5675.0,4.38,1.07
3568.01,3568,CP,4.4178042,6.4020317,130.1481354,12.0729,197.906,4864.0,4.55,0.785799
3569.01,3569,PC,4.5956692,14.2314,485.021,11.0161,284.927,6157.0,,1.3
357.01,357,FP,0.9399664,6.6149456,22464.7891996,10.3987,480.322,6300.3,3.72,2.5465
3570.01,3570,PC,2.1083693,13.1161,17992.5,13.1749,991.273,10984.0,4.64,1.35
3571.01,3571,PC,3.007925,15.3022,1401.91,11.5752,654.254,7457.0,4.14,1.68
3572.01,3572,FP,2.7568649,,,13.0852,425.989,,,
3573.01,3573,PC,9.8170028,12.7271,196.707,11.438,412.387,5994.3,4.13,1.49
3574.01,3574,PC,3.6691817,,104.96,13.2036,302.734,4675.9,,
3575.01,3575,PC,8.084554,14.1848,159.573,12.1357,399.524,5739.0,4.33,1.15
3576.01,3576,PC,4.6387689,13.0535,340.838,12.9084,582.817,5543.7,4.27,1.2
3577.01,3577,PC,5.2667367,8.71675,248.814,11.3209,420.999,5938.0,4.06,1.6
3578.01,3578,FP,1.3176767,4.16809,3463.78,10.9683,460.849,7176.0,4.16,1.73
3579.01,3579,FP,3.310636,,126.954,10.9511,4982.73,3245.0,,
358.01,358,PC,9.10326,26.9344,61.7667,12.8895,579.028,5467.0,4.26,1.21
3580.01,3580,FP,3.121339,9.21314,235.634,13.2966,153.214,3858.0,4.69,0.56
3581.01,3581,FP,3.0373017,,3202.79,12.9875,,4903.0,,
3582.01,3582,PC,4.4168832,14.9431,495.827,12.7937,624.477,5847.0,4.16,1.42
3583.01,3583,PC,5.2462501,,286.1260306,12.066,,3882.0,,
3584.01,3584,PC,2.7567478,,,12.4109,359.363,,,
3585.01,3585,PC,3.5410781,4.63661,112.33,11.2287,130.802,4652.0,4.48,0.82
3586.01,3586,PC,11.3201226,12.7584,28.0204,12.3944,232.183,4971.0,4.61,0.74
3587.01,3587,PC,4.1584817,16.4644,1630.09,11.5199,497.23,7486.0,,1.87
3588.01,3588,PC,3.7037478,14.1169,2328.97,12.3142,1023.15,6688.0,3.91,2.2
3589.01,3589,PC,3.0827487,20.1593,2957.04,11.528,574.124,7658.5,4.28,1.61
359.01,359,PC,16.45209,8.62362,,12.3409,715.834,5573.0,3.89,1.85
3590.01,3590,APC,4.4064273,14.7596,155.508,12.3705,911.211,6592.0,4.04,1.86
3591.01,3591,PC,8.4843917,13.159,396.459,12.8224,597.467,5859.7,4.03,1.65
3592.01,3592,PC,5.5280331,9.24388,811.914,12.231,465.275,,,2.11
3593.01,3593,PC,3.8212977,11.6869491,330.730008,11.488,226.63,5342.0,4.41,0.992137
3594.01,3594,PC,9.3236885,13.41,26.3577,13.2319,631.413,5505.0,4.3,1.15
3595.01,3595,KP,1.805376,12.0157766,535.3422852,12.8416,329.036,5090.0,4.54,0.820538
3596.01,3596,PC,4.9056578,9.37482,357.504,12.8277,527.73,5989.7,4.47,1.01
3597.01,3597,KP,4.0088245,11.5444262,165.190061,11.9475,202.078,5007.0,4.56,0.795696
3598.01,3598,PC,3.7026941,20.0,540.162,12.9723,792.835,6282.0,4.17,1.5
3599.01,3599,PC,3.2523102,9.6972,382.391,13.2597,481.258,5396.4,4.5,0.9
360.01,360,FP,8.0635,24.3071,621.088,12.2524,646.707,5657.0,3.97,1.71
3600.01,3600,PC,5.016641,17.7733,489.828,12.9025,607.523,6616.0,4.05,1.83
3601.01,3601,PC,4.0517972,11.2646,506.135,12.4226,694.069,6284.0,4.2,1.45
3602.01,3602,PC,2.3874731,15.9427336,1799.1007103,11.7506,432.426,6566.0,4.36,1.27379
3603.01,3603,PC,1.2678043,8.74635,328.939,13.2666,470.579,5303.0,4.49,0.9
3604.01,3604,PC,1.0666963,,2393.1412334,11.7344,,4893.1,,
3605.01,3605,PC,3.6554335,15.7486,1005.1,11.789,526.417,6321.0,4.15,1.56
3606.01,3606,PC,9.312167,,118.249,12.6864,,3979.0,,
3607.01,3607,PC,3.5884855,,,13.1142,,,,
3608.01,3608,FP,2.6816329,13.2689,1859.62,13.1802,1162.86,7047.0,3.89,2.34
3609.01,3609,PC,6.3854622,9.57629,213.106,12.796,474.723,5519.0,4.29,1.17
361.01,361,APC,1.5351652,6.8350786,277.5151143,11.9699,123.083,4215.0,4.59,0.744573
3610.01,3610,FP,1.7384809,12.9358521,3182.4341084,12.3512,640.122,5540.0,3.95,1.72093
3611.01,3611,PC,3.0789699,15.4449,1319.62,12.9106,885.434,6153.0,4.08,1.64
3612.01,3612,KP,1.4822451,14.0641,442.993,12.883,360.313,5115.0,4.45,0.91
3613.01,3613,PC,3.1493729,13.6409,465.25,13.1431,544.531,5766.0,4.49,0.96
3614.01,3614,FA,2.9708603,,,11.171,,,,
3615.01,3615,PC,3.1315583,11.2819,1058.47,12.7295,722.103,5684.0,3.99,1.69
3616.01,3616,PC,2.4188647,20.8975,2177.78,12.0526,1284.85,7316.0,3.73,2.9
3617.01,3617,PC,3.2337884,15.3732,366.758,12.6627,749.393,6065.0,4.06,1.64
3618.01,3618,PC,3.4898546,14.1029,169.429,12.7362,588.794,6083.0,4.34,1.2
3619.01,3619,PC,3.1988858,19.4201044,1852.610398,13.1611,924.04,6133.0,4.04,1.7076499
362.01,362,PC,14.2337615,6.823525,75.5085226,12.5633,451.998,5692.0,4.41,1.03392
3620.01,3620,PC,4.8893985,12.8723,227.422,12.8069,763.466,5639.0,4.02,1.62
3621.01,3621,FP,5.6902814,12.9495,121.736,12.0,,5400.1,,0.86
3622.01,3622,PC,3.2131823,13.6367,734.312,13.2595,773.542,5688.6,4.22,1.3
3623.01,3623,PC,5.7456862,10.8845,258.608,13.1948,736.788,5867.3,4.31,1.19
3624.01,3624,PC,7.6460931,8.25522,206.451,11.8728,484.093,6065.0,4.15,1.49
3625.01,3625,PC,2.9708659,14.8135617,1181.3395539,12.373,556.008,6122.0,4.27,1.30269
3626.01,3626,FP,19.8875338,13.605,17.0243,10.8154,318.244,5856.2,4.07,1.57
3627.01,3627,FP,2.6342729,,,12.2546,272.628,,,
3628.01,3628,PC,3.4945148,11.03,362.88,11.6203,332.852,5699.0,4.29,1.2
3629.01,3629,CP,3.9365629,8.09927,41.2897,12.7882,130.091,3689.0,4.64,0.61
363.01,363,APC,8.22388,12.4698,24.2523,12.9465,440.102,5177.0,4.39,0.99
3630.01,3630,KP,1.9618085,12.8959,1611.53,13.0942,666.802,6026.0,4.41,1.1
3631.01,3631,FP,2.6340964,4.1106,1091.48,11.963,,5163.2,,0.83
3632.01,3632,PC,3.2403602,12.8678,1165.99,12.1665,635.54,6605.4,4.31,1.36
3633.01,3633,PC,2.5266409,18.3972,761.094,12.2391,1246.16,7233.0,3.54,3.6
3634.01,3634,FP,5.0859432,13.8966,756.586,11.224,364.172,6360.4,,1.48
3635.01,3635,PC,1.8048106,14.8028768,5932.9885061,12.7382,1013.06,5972.0,3.81,2.1619599
3636.01,3636,KP,4.2186625,13.6976778,311.7091966,12.7628,440.089,5425.9,4.41,1.0068901
3637.01,3637,PC,3.7330471,,1403.06,12.9487,1178.63,5579.5,,
3638.01,3638,PC,4.9276886,21.6677618,301.3662182,12.5931,425.321,5263.0,4.27,1.1462801
3639.01,3639,PC,5.7208592,14.6233,193.036,13.201,577.097,5856.0,4.36,1.13
364.01,364,PC,0.4941631,3.325,3757.98,10.4913,265.729,6219.7,,1.33
3640.01,3640,PC,1.2205315,43.2978,38806.5,12.1395,2005.29,8273.0,3.66,3.49
3641.01,3641,PC,5.7361495,,443.162,13.3405,938.451,5668.6,,
3642.01,3642,PC,4.084447,14.1047,101.257,12.5822,379.963,5458.0,4.45,0.96
3643.01,3643,FP,1.5492212,6.80431,8634.8,10.9469,635.734,8364.0,4.25,1.78
3644.01,3644,PC,1.831733,12.5113,2527.3,12.1497,1204.71,7308.0,3.79,2.7
3645.01,3645,PC,2.959842,12.6502,436.937,12.851,541.244,5585.0,4.33,1.13
3646.01,3646,PC,2.1795448,21.4131,875.049,13.3858,813.253,5840.0,4.15,1.42
3647.01,3647,PC,3.1116107,,,12.3524,355.329,,,
3648.01,3648,PC,2.923461,15.738,1209.83,13.0449,1354.64,5858.5,3.7,2.4
3649.01,3649,PC,3.2637419,13.3617,328.681,13.137,879.147,6016.1,4.18,1.42
365.01,365,APC,12.11028,34.1747,89.3226,13.2642,821.517,5808.0,4.23,1.29
3650.01,3650,PC,1.7556768,13.529,888.169,13.321,726.26,5670.5,,1.19
3651.01,3651,PC,1.5244603,14.6878,13258.6,11.4822,626.174,6714.1,4.06,1.85
3652.01,3652,PC,3.4796904,16.6632,1684.37,11.7419,928.908,6841.0,3.66,2.97
3653.01,3653,PC,4.6017262,13.5575,87.4587,13.0006,622.117,5981.0,4.38,1.12
3654.01,3654,PC,2.277182,8.26117,394.584,12.7096,500.459,5622.0,4.34,1.12
3655.01,3655,APC,3.3325651,24.4764,1100.44,12.1904,535.52,6229.9,,1.5
3656.01,3656,PC,5.5122277,12.2781,165.052,13.1951,613.169,5587.5,4.29,1.18
3657.01,3657,PC,4.0898871,15.4339,392.925,12.328,1136.97,6191.8,,1.11
3658.01,3658,FP,3.1004285,,17168.8,12.6532,,8951.0,,
3659.01,3659,FP,2.3882776,18.5453,2401.38,13.4977,441.614,5097.0,4.5,0.87
366.01,366,PC,1.7025848,11.8582247,1762.6925977,13.5477,841.958,5504.0,4.21,1.27966
3660.01,3660,PC,3.9497635,18.2571108,1096.7458697,12.8235,843.524,6373.0,4.22,1.44338
3661.01,3661,PC,2.6480838,,714.2873204,12.8309,,,,
3662.01,3662,PC,9.9908116,13.9288,335.88,10.7043,545.117,7934.0,,2.02
3663.01,3663,FP,3.5639862,10.1033,737.328,11.5917,774.636,6940.9,3.85,2.41
3664.01,3664,PC,3.2975093,12.8987,349.544,12.91,464.748,5556.0,4.29,1.18
3665.01,3665,PC,0.8746494,3.71319,1522.95,12.4829,244.03,4977.4,4.54,0.81
3666.01,3666,KP,4.4085194,12.4986982,648.882601,11.4453,319.031,5961.2,4.25,1.2983299
3667.01,3667,PC,5.4439776,16.8830792,518.5661197,13.0772,740.924,5717.0,4.14,1.41985
3668.01,3668,APC,0.7415247,13.5277,2304.37,11.2959,647.3,5921.0,3.6,2.73
3669.01,3669,PC,1.2126653,10.8168,1112.72,13.4357,807.206,5958.7,,1.51
367.01,367,FP,4.7150255,17.6148,1853.5,9.74346,157.667,5756.9,3.9,1.2
3670.01,3670,PC,2.1947767,13.7928815,899.1857327,12.8464,477.19,5601.5,4.39,1.05234
3671.01,3671,PC,1.7266138,16.1222,315.053,12.9892,749.29,5972.0,4.18,1.41
3672.01,3672,FP,2.4254068,11.0715,7043.91,11.2351,812.606,8290.0,3.95,2.51
3673.01,3673,PC,2.2390796,16.4201,891.034,13.2514,653.952,5615.0,4.21,1.29
3674.01,3674,PC,4.4619426,13.0569,399.27,13.128,727.282,5854.0,4.2,1.36
3675.01,3675,PC,5.9577768,12.4756295,218.579857,13.4326,555.939,5219.0,4.29,1.12249
3676.01,3676,PC,1.9341469,,274.494,13.3318,,4828.4,,
3677.01,3677,FP,3.6923071,14.2002,375.352,11.9814,369.583,8469.0,4.68,1.1
3678.01,3678,PC,4.8542148,18.9133256,2370.8794126,10.5873,499.255,7259.3,4.03,2.0394399
3679.01,3679,PC,5.9664078,12.7661,111.516,12.8397,391.982,5418.0,4.51,0.89
368.01,368,FP,1.38665,15.5656,1237.91,11.4996,233.586,5444.0,4.48,0.93
3680.01,3680,APC,1.7054246,14.1638,437.196,11.3584,604.837,6304.0,3.83,2.24
3681.01,3681,KP,4.6401269,10.2407443,243.0337156,11.7524,255.206,5191.0,4.37,1.00936
3682.01,3682,PC,3.3462671,12.1727,711.319,11.3186,404.211,5501.0,3.86,1.91
3683.01,3683,PC,1.3697115,20.6045,18782.0,11.4374,685.249,7321.3,3.99,2.15
3684.01,3684,FP,3.105654,17.6225,643.523,13.3483,887.137,6241.0,4.2,1.44
3685.01,3685,PC,4.9777448,12.9782,238.883,13.2757,651.558,5785.0,4.29,1.21
3686.01,3686,PC,5.0778064,14.9343184,340.2177584,11.2381,255.803,5262.0,4.2,1.24347
3687.01,3687,PC,4.4543921,,1324.64,13.3901,907.45,5854.0,,
3688.01,3688,CP,3.246208,13.2996429,1107.8472213,11.8433,396.378,6088.0,4.24,1.34548
3689.01,3689,PC,2.4145007,15.7019,1150.77,13.1033,1043.15,6391.0,4.1,1.67
369.01,369,PC,5.4640119,,,9.1692,126.36,,,
3690.01,3690,PC,10.0755592,8.169,4.4805,11.9017,219.829,4798.6,4.36,0.97
3691.01,3691,PC,3.3411398,15.9091,1126.75,12.6772,607.498,6702.0,4.36,1.3
3692.01,3692,PC,3.3210331,,947.428,13.3538,1182.39,5218.2,,
3693.01,3693,CP,9.0881638,12.8974,57.0645,11.419,176.436,5211.0,4.58,0.8
3694.01,3694,PC,2.5400911,5.00683,102.529,12.6639,188.226,4245.0,4.49,0.77
3695.01,3695,APC,0.6041576,28.9099,23230.2,13.3968,1431.98,6231.0,3.93,1.97
3696.01,3696,PC,4.4236103,13.1733,1421.6916309,12.4838,866.835,6120.1,3.96,1.86
3697.01,3697,APC,9.9441709,22.7702,91.5833,11.7635,350.16,5252.0,4.12,1.37
3698.01,3698,PC,2.3467263,15.2126883,3021.6682115,12.488,741.97,6121.8,4.0,1.78044
3699.01,3699,PC,3.0423931,18.1780385,2668.9183266,12.7775,770.947,7046.0,4.19,1.65768
370.01,370,PC,4.0463709,18.1541478,446.0901861,13.5134,748.227,5805.0,4.41,1.05486
3700.01,3700,PC,4.4184429,12.8324877,526.2868256,12.8166,600.806,6166.0,4.41,1.11999
3701.01,3701,PC,4.2605739,15.3220568,359.3500241,13.4313,514.526,5457.0,4.35,1.0759
3702.01,3702,PC,2.2842184,,108.395,12.4434,,4930.6,,
3703.01,3703,PC,3.8901335,19.0494736,2845.1375927,12.3653,786.966,6530.0,3.87,2.2370601
3704.01,3704,PC,1.3944879,18.0998636,1298.1724908,13.3088,475.206,5483.9,4.45,0.965059
3705.01,3705,KP,1.9025032,11.3732439,959.0316129,12.3824,338.84,5464.2,4.4,1.02592
3706.01,3706,PC,4.3701795,15.4523265,772.6493902,13.4223,740.11,6647.1,4.4,1.23067
3707.01,3707,PC,4.9107194,14.9335,838.921,13.2097,755.552,6302.0,4.09,1.66
3708.01,3708,PC,7.27299,13.3662,178.298,11.9786,313.908,5400.0,4.3,1.13
3709.01,3709,PC,3.2509846,,,13.3033,,,,
371.01,371,PC,3.4813814,6.5778157,322.4829107,12.6635,383.318,5389.0,4.49,0.910221
3710.01,3710,PC,2.4802272,15.7506,2003.04,13.3727,1137.19,6267.0,4.06,1.72
3711.01,3711,PC,3.0108217,18.2459,273.596,13.3125,1158.64,5983.0,3.93,1.89
3712.01,3712,PC,1.5224706,7.53174,633.3271919,13.4418,360.509,4654.3,,0.8
3713.01,3713,PC,10.4401778,11.2253,27.7794,12.5021,224.513,4571.1,4.4,0.89
3714.01,3714,CP,2.1547472,11.6102486,53.5321999,13.1751,112.71,3538.0,4.73,0.50843
3715.01,3715,PC,2.4713543,21.0203111,1837.1071466,12.9238,348.661,6351.8,,2.0498199
3716.01,3716,PC,6.0985856,,486.603,12.3186,197.528,4740.0,,
3717.01,3717,APC,10.1182835,10.4862,147.401,11.5813,505.231,7253.0,4.13,1.82
3718.01,3718,PC,4.230596,12.1709,1263.61,12.1578,767.821,6455.1,3.94,2.02
3719.01,3719,PC,1.2222265,13.3612412,6057.9111479,12.8297,583.038,6629.1,4.24,1.47816
372.01,372,APC,1.1202752,17.524,4430.07,12.0312,340.037,5769.7,4.42,0.99
3720.01,3720,PC,4.7378265,20.9386989,3058.6451322,11.4343,487.904,6533.0,3.72,2.6408801
3721.01,3721,PC,3.5411235,10.2150358,401.2147341,12.6975,416.005,5151.0,4.3,1.09532
3722.01,3722,PC,1.0788649,18.4561494,2357.2189752,13.186,783.568,4920.0,,1.31
3723.01,3723,PC,3.9442027,14.6517,741.79,13.3025,787.446,6518.1,4.39,1.22
3724.01,3724,PC,,13.5121,549.591,11.7012,438.246,6523.0,4.28,1.39
3725.01,3725,FP,4.7262208,12.4034204,454.4461913,13.135,587.219,5947.0,4.36,1.1428699
3726.01,3726,PC,4.8404431,17.700332,366.5736704,13.0789,491.622,5925.1,4.43,1.04742
3727.01,3727,PC,13.3988634,12.8019377,230.6263738,11.6439,461.037,6475.0,4.23,1.46637
3728.01,3728,FP,6.5019596,,9344.79,11.1843,1686.41,13253.0,,
3729.01,3729,PC,8.1744382,,158.3964604,12.9676,,5051.3,,
373.01,373,FP,1.632,9.24379,806.657,13.2889,741.257,5997.0,4.39,1.11
3730.01,3730,PC,2.5404529,,1605.1782553,13.1507,960.168,4837.0,,
3731.01,3731,APC,5.6619072,10.5138,518.945,11.0131,300.021,6294.0,,1.37
3732.01,3732,PC,2.9594651,17.5182,11520.9,12.4096,1033.68,6633.2,3.84,2.35
3733.01,3733,FP,2.1263167,22.1075367,6216.4494671,12.6396,881.379,6361.4,3.83,2.2823701
3734.01,3734,PC,2.141186,,1027.1214106,13.3835,,4880.9,,
3735.01,3735,PC,3.3526843,11.1102207,643.2144362,11.3032,278.597,6245.0,4.51,1.0157599
3736.01,3736,PC,2.2091186,20.0456418,4482.4184345,13.3273,1280.39,6876.0,4.1,1.79471
3737.01,3737,PC,5.5609997,15.2954,424.633,11.4963,324.005,5863.0,4.07,1.58
3738.01,3738,PC,4.3847594,17.2316994,1666.4153311,12.1502,715.956,6806.6,4.12,1.75577
3739.01,3739,PC,3.4471559,16.6194574,1585.810069,13.1072,962.115,6083.0,4.05,1.67828
374.01,374,PC,5.4820954,13.3111519,419.3870005,12.9998,702.626,5719.0,4.23,1.28194
3740.01,3740,FA,2.0449361,21.3235,1476.47,12.878,,6247.6,,1.22
3741.01,3741,PC,2.0449545,18.9624,638.907,13.1002,452.15,5086.8,,0.97
3742.01,3742,FP,8.9279009,15.0384,17.5959,12.8814,166.818,3916.0,4.59,0.67
3743.01,3743,PC,2.1186344,,236.176,12.7508,,3898.0,,
3744.01,3744,PC,3.9010509,15.3760904,3848.7247292,12.4084,938.939,6257.0,3.65,2.7449501
3745.01,3745,PC,1.6883103,7.5805,941.489,13.1464,343.885,4830.0,4.42,0.9
3746.01,3746,FP,1.8012697,3.19942,1024.77,11.7603,145.759,4570.0,4.54,0.75
3747.01,3747,PC,1.5503072,15.625642,12362.172636,12.5715,937.29,7747.0,4.1,1.98568
3748.01,3748,PC,2.3753009,14.7510708,1905.0724424,13.2064,796.177,6087.0,4.18,1.43317
3749.01,3749,PC,1.8751894,14.0349,1205.51,13.2474,639.641,5410.0,4.06,1.5
375.01,375,PC,9.4546478,12.7656513,161.2909516,10.4471,396.213,5001.6,,3.2739301
3750.01,3750,PC,12.4844641,8.49489,7.652,12.9865,156.504,3815.0,4.63,0.63
3751.01,3751,PC,2.9157041,13.8344,1361.85,12.8826,613.765,6400.6,4.39,1.2
3752.01,3752,PC,2.8054221,,659.2119513,12.8963,1310.21,4879.0,,
3753.01,3753,FP,3.6502527,21.323,1462.84,12.4332,884.571,6630.3,4.0,1.95
3754.01,3754,PC,2.5312823,11.7709,9149.72,11.8974,812.367,6170.0,3.56,2.98
3755.01,3755,PC,5.5455798,10.3353813,238.4089829,12.079,322.356,5354.0,4.34,1.07607
3756.01,3756,APC,4.4236732,12.6262986,457.5894483,11.5552,327.13,6096.0,4.44,1.06163
3757.01,3757,CP,3.4391954,12.4377309,58.4322157,13.1858,181.139,3902.0,4.62,0.637223
3758.01,3758,PC,3.4177514,15.3577,734.21,12.5489,477.787,5868.0,4.1,1.52
3759.01,3759,FP,1.6882863,,,12.816,420.132,,,
376.01,376,PC,2.7509863,12.6685799,587.6484052,12.4502,398.356,5317.0,4.34,1.0711401
3760.01,3760,APC,0.5318566,,2027.68,13.0123,,4852.0,,
3761.01,3761,PC,25.8944827,17.6301,2.69966,12.8508,215.482,4375.0,4.53,0.74
3762.01,3762,PC,0.6843601,6.83269,2045.89,10.6872,476.182,6779.0,3.93,2.17
3763.01,3763,PC,2.0042661,17.4679856,6165.1811066,12.5159,855.352,7284.0,4.14,1.8149
3764.01,3764,PC,6.5718534,17.2374292,150.7938358,12.5944,502.731,4773.0,,1.89337
3765.01,3765,PC,3.1479532,17.745577,2765.4837198,11.7734,620.461,7298.0,4.23,1.63943
3766.01,3766,PC,3.5414573,7.74182,333.084,13.1021,451.666,5244.0,4.4,0.99
3767.01,3767,PC,2.3907751,21.8606641,2835.6275008,13.4784,760.803,5382.0,3.76,2.0989001
3768.01,3768,PC,2.1803154,18.3770154,6330.1622488,12.9859,1309.84,7166.0,4.04,1.9933
3769.01,3769,PC,10.3380912,14.0125,183.03,10.5375,276.632,6650.0,4.12,1.7
377.01,377,FP,1.55028,14.723,1769.75,11.9969,244.271,5039.5,,0.87
3770.01,3770,PC,0.9183768,7.7093,660.579,13.4706,462.312,5176.0,4.47,0.9
3771.01,3771,PC,3.6238662,16.4563404,1310.9028217,13.1454,810.882,6717.3,4.3,1.39527
3772.01,3772,PC,4.1689145,7.3156426,201.8900648,12.6409,309.143,5119.0,4.49,0.874119
3773.01,3773,PC,2.9508097,19.4435142,1793.3967876,12.5517,683.852,5823.8,3.99,1.70744
3774.01,3774,PC,1.5970752,,,13.3678,609.487,,,
3775.01,3775,PC,5.3868381,15.8461,255.316,13.1657,696.257,5915.0,4.37,1.13
3776.01,3776,APC,1.3312309,12.5661,1975.12,12.9076,,5247.2,,0.66
3777.01,3777,PC,2.3365744,9.51324,1516.77,13.1961,1028.89,6545.0,4.27,1.41
3778.01,3778,PC,5.6089886,8.1185589,173.8254973,13.0221,429.268,5353.3,4.47,0.927391
3779.01,3779,PC,1.6180578,,1373.0847145,13.4167,366.254,,,
378.01,378,FP,3.10926,9.58224,532.263,13.105,629.792,5894.0,4.32,1.18
3780.01,3780,PC,1.4005308,15.9952422,1816.6738365,13.4718,610.587,5765.0,4.4,1.06059
3781.01,3781,FP,3.2583798,6.27906,197.102,12.3794,270.518,4992.1,4.44,0.9
3782.01,3782,APC,10.3918699,13.0244,20.6991,12.0149,707.148,6683.0,4.13,1.69
3783.01,3783,PC,6.1080224,12.8902,544.723,12.8426,854.987,6204.0,4.17,1.48
3784.01,3784,PC,4.9386676,21.2842391,2578.0960496,13.2906,1702.46,5646.0,3.48,3.0218699
3785.01,3785,CP,4.6747218,4.73219,11.5347,12.4963,79.7634,3502.0,4.74,0.5
3786.01,3786,PC,2.1040634,14.9729,1713.13,12.3433,632.756,5973.3,4.1,1.54
3787.01,3787,PC,4.8163162,14.751756,330.3698152,13.398,620.413,5290.0,4.26,1.1743
3788.01,3788,PC,3.0923729,15.1739,1605.66,11.3321,516.643,6510.2,4.07,1.76
3789.01,3789,PC,4.120004,10.4236143,270.6876112,13.1351,475.616,5497.6,4.51,0.902842
379.01,379,FP,0.91677,3.12766,4151.31,9.9124,231.803,5825.0,4.04,1.71
3790.01,3790,FP,13.247777,11.7716,74.203,11.2119,188.294,5373.8,4.51,0.89
3791.01,3791,PC,3.1833919,13.8362,430.956,11.5787,476.831,6405.0,4.27,1.39
3792.01,3792,APC,0.7729066,6.51984,2135.77,12.7859,640.574,6125.0,4.35,1.19
3793.01,3793,PC,3.2551315,17.8868067,1237.4249188,13.1701,930.864,6433.0,4.3,1.3329901
3794.01,3794,FA,2.2019606,3.97533,4911.26,12.4091,645.718,6269.0,4.26,1.35
3795.01,3795,FP,2.8300213,6.47417,462.811,12.2361,439.841,6205.0,4.51,1.01
3796.01,3796,FP,14.9857436,9.39924,155.741,11.6387,216.16,5279.0,4.52,0.86
3797.01,3797,PC,17.6229161,11.2819,23.6888,11.7983,400.069,5973.8,4.31,1.21
3798.01,3798,PC,2.6797436,12.2250402,709.9849597,12.7739,488.429,5573.0,4.37,1.07552
3799.01,3799,PC,8.2064867,14.6693181,77.9725277,12.7085,328.06,5236.1,4.55,0.824569
380.01,380,PC,0.5045539,18.3768141,6493.5059824,13.5029,,5227.0,,1.0
3800.01,3800,PC,1.6667559,5.73913,3970.53,11.7248,598.894,7189.4,4.35,1.4
3801.01,3801,PC,5.8677921,12.8354727,233.7179242,12.9395,488.069,5565.6,4.39,1.04333
3802.01,3802,PC,1.4658218,12.9122,491.415,12.5548,550.393,5586.0,4.17,1.36
3803.01,3803,PC,2.5492773,13.2377,1223.62,12.1957,1039.33,6862.4,3.98,2.07
3804.01,3804,PC,3.2905683,14.6087971,560.3316578,13.1225,601.602,5689.0,4.39,1.06203
3805.01,3805,PC,3.8960447,12.1478,151.232,12.7251,406.497,5295.0,4.38,1.02
3806.01,3806,APC,2.9859012,14.0883,339.369,11.9181,806.325,6709.5,4.02,1.94
3807.01,3807,CP,2.8989758,10.0928,401.9,11.5817,421.745,5908.0,4.13,1.47
3808.01,3808,FP,3.6754815,22.3487036,1252.5773445,12.2337,595.137,6305.0,4.18,1.4902101
3809.01,3809,PC,3.6346303,13.6402,215.456,13.0456,359.948,5058.0,4.51,0.85
381.01,381,FP,4.89577,3.30734,240.778,7.1995,75.5476,5883.0,,1.77
3810.01,3810,FP,1.0590994,10.6616565,18843.6190459,13.286,1696.26,9332.0,4.5,1.42848
3811.01,3811,PC,2.9594596,7.75397,94.5522,11.4102,294.652,5560.0,4.28,1.19
3812.01,3812,PC,3.8850001,12.1627174,268.037691,12.4679,339.069,5382.2,4.51,0.89315
3813.01,3813,PC,3.7178656,13.6754452,837.7005046,13.4461,940.296,6268.0,4.34,1.23586
3814.01,3814,PC,4.9513106,14.0040077,663.7580626,12.4988,595.141,5914.0,4.16,1.43625
3815.01,3815,PC,4.8709815,21.2108,611.598,12.3972,790.338,5908.0,3.92,1.87
3816.01,3816,PC,1.0358225,10.1292,1819.34,13.4768,868.355,6180.0,4.4,1.14
3817.01,3817,PC,4.8504819,17.4413086,1660.3166024,13.147,1386.95,6313.0,3.9,2.05899
3818.01,3818,PC,3.2371501,13.8548638,984.9041254,13.2237,814.386,5800.1,4.19,1.35302
3819.01,3819,CP,3.244299,12.9273057,1427.7989564,11.9824,558.141,5999.0,4.1,1.5585901
382.01,382,FP,0.4568,6.64264,1132.97,12.7226,506.62,5777.0,4.35,1.03
3820.01,3820,PC,5.4290781,24.5471729,1214.2295602,11.5562,629.284,6403.0,4.01,1.86967
3821.01,3821,PC,2.5972551,23.7348191,5351.1817869,13.0367,1555.25,7054.0,3.98,2.1075301
3822.01,3822,PC,3.1235179,13.2914966,489.470679,12.3381,359.079,5376.0,4.37,1.04447
3823.01,3823,APC,0.6848358,4.49427,2198.68,11.4534,353.355,6385.1,4.47,1.1
3824.01,3824,FA,2.3378945,8.31293,1340.5004828,13.041,896.974,6666.8,,1.33
3825.01,3825,FP,7.1404043,10.5731,53.052,13.2971,715.593,5886.6,4.38,1.11
3826.01,3826,PC,4.9807125,17.2544,231.2,12.6865,470.353,5545.7,4.39,1.04
3827.01,3827,FA,2.91463,9.96391,588.827,12.033,335.744,5484.8,,0.99
3828.01,3828,PC,19.5105608,,,11.227,341.6,,,
3829.01,3829,PC,2.9150294,12.8379,464.816,12.3722,397.985,5385.0,4.33,1.08
383.01,383,FP,10.9803025,7.58741,73.7576,10.2401,204.207,5951.0,,1.27
3830.01,3830,PC,3.2493152,10.3587,173.46,13.239,563.928,5371.2,4.37,1.04
3831.01,3831,PC,1.7088305,,564.614,13.1894,,5253.2,,
3832.01,3832,PC,24.0819851,9.42632,22.9814,12.6635,505.207,5952.0,4.43,1.05
3833.01,3833,APC,0.4399856,18.9074,1456.36,13.3585,412.034,4423.0,4.19,1.1
3834.01,3834,PC,3.3952015,,321.993,13.2742,627.829,5673.6,,
3835.01,3835,PC,1.3460633,14.2662,1231.36,12.5984,504.711,5788.7,4.38,1.09
3836.01,3836,PC,2.5733766,,,12.9621,916.981,,,
3837.01,3837,PC,11.8886495,11.0233,138.065,11.366,311.705,5773.9,4.28,1.21
3838.01,3838,APC,0.8275646,8.41789,1716.01,12.7477,,6203.3,,1.32
3839.01,3839,PC,3.0193545,14.357,1252.3,12.8957,872.986,6341.0,4.23,1.42
384.01,384,FP,9.30734,30.7623,304.138,13.5281,958.366,5819.0,4.34,1.35
3840.01,3840,PC,3.6217624,10.1723,493.866,13.1697,765.939,5788.0,4.24,1.28
3841.01,3841,PC,4.1124956,12.4396125,1230.1400953,13.0933,1059.16,6145.0,4.07,1.64364
3842.01,3842,PC,3.6566206,13.587,113.212,12.6496,253.701,4489.2,4.37,0.91
3843.01,3843,FP,19.5112506,,,11.4794,345.366,,,
3844.01,3844,APC,0.896271,13.8677,818.614,12.9959,655.503,5726.0,4.27,1.22
3845.01,3845,FP,2.1461672,16.91,663.959,12.7553,749.892,6046.0,4.19,1.41
3846.01,3846,KP,1.540776,13.3674,210.669,12.9178,213.771,4234.0,4.49,0.77
3847.01,3847,PC,11.0783748,10.2336,36.8868,12.228,387.635,5623.0,4.39,1.06
3848.01,3848,PC,15.9544918,9.88117,19.3942,13.3104,362.075,4798.0,4.51,0.82
3849.01,3849,PC,1.2220437,14.8723,973.648,13.2705,489.128,5196.0,4.38,1.0
385.01,385,FP,0.6680065,15.4569,7749.15,9.0567,262.782,5159.0,,3.77
3850.01,3850,PC,14.4832964,13.2087,232.655,12.4645,474.448,6039.0,4.47,1.02
3851.01,3851,PC,3.383466,4.68953,559.625,11.1774,298.349,5838.0,4.28,1.23
3852.01,3852,PC,16.1020097,13.9974,42.3341,13.191,578.344,6010.0,4.56,0.92
3853.01,3853,PC,5.6922342,4.57552,215.174,12.1726,396.697,5648.0,4.34,1.12
3854.01,3854,PC,3.2693612,9.96136,281.839,13.2278,559.867,5814.0,4.52,0.93
3855.01,3855,PC,3.4952497,12.6528,50.504,13.4791,321.733,4304.8,4.36,0.9
3856.01,3856,PC,2.0436029,13.3605,321.632,11.655,314.443,5568.0,4.32,1.13
3857.01,3857,PC,3.2956376,12.4635,155.029,13.167,330.706,4646.6,4.44,0.86
3858.01,3858,PC,16.5968329,4.85367,77.8158,11.1971,312.302,6329.0,4.41,1.16
3859.01,3859,APC,1.8460997,16.4485,3553.44,12.7134,784.669,6123.9,4.16,1.48
386.01,386,PC,5.1119781,10.6694,890.377,10.0139,627.07,8562.0,3.91,2.67
3860.01,3860,PC,3.0012386,14.4673,1099.61,13.3887,926.538,6331.0,4.37,1.21
3861.01,3861,PC,1.7763987,10.8531,137.995,12.3903,256.022,4899.3,4.5,0.84
3862.01,3862,PC,1.5574603,6.15317,358.839,11.7201,249.02,5564.4,4.46,0.93
3863.01,3863,PC,10.9543562,9.03653,113.516,12.8385,450.577,5542.4,4.46,0.96
3864.01,3864,FP,7.6605425,,,13.0949,673.984,,,
3865.01,3865,PC,3.011593,,266.454,12.5759,405.395,5542.1,,
3866.01,3866,PC,2.1371195,13.2766,697.213,13.2252,587.858,5570.0,4.41,1.03
3867.01,3867,PC,5.7310859,11.8502,60.3278,12.7251,488.695,5552.1,4.37,1.07
3868.01,3868,PC,18.565813,7.83236,13.8526,12.3572,215.045,4671.0,4.51,0.79
3869.01,3869,APC,11.2005651,15.4812,13.6838,12.0089,539.007,5682.2,4.02,1.63
387.01,387,FP,4.155,11.0678,534.715,9.65521,218.294,6270.0,4.14,1.57
3870.01,3870,PC,2.6292572,8.44711,469.737,12.565,642.727,5933.0,4.21,1.35
3871.01,3871,PC,4.754432,11.4372,158.463,12.3591,353.347,5491.7,4.47,0.94
3872.01,3872,PC,4.4100654,8.08157,232.658,12.3882,409.36,5726.0,4.46,0.99
3873.01,3873,PC,3.8951475,14.6884,256.108,12.6262,749.176,6071.0,4.15,1.48
3874.01,3874,PC,5.5822739,11.6541,64.0979,13.0635,756.221,5997.0,4.29,1.25
3875.01,3875,PC,6.0835972,12.0351,102.465,12.0165,404.598,5579.0,4.25,1.22
3876.01,3876,PC,6.5846694,14.5999,107.766,12.76,493.754,5852.0,4.49,0.97
3877.01,3877,PC,4.1225477,12.0574,257.46,11.9123,493.77,5662.2,4.06,1.55
3878.01,3878,PC,0.8377576,6.706,2114.06,11.3616,482.566,6322.5,4.13,1.6
3879.01,3879,PC,4.8104679,4.19665,167.688,11.3093,200.724,5332.3,4.47,0.92
388.01,388,KP,2.9036816,14.913823,3384.6096881,10.1638,362.715,6059.0,3.92334,2.14325
3880.01,3880,PC,2.1614819,8.10367,108.567,13.0673,300.232,4501.0,4.41,0.87
3881.01,3881,PC,3.3401814,8.19874,332.424,12.131,384.153,5508.5,4.31,1.14
3882.01,3882,APC,2.071333,6.35115,1179.85,11.8825,509.299,6004.0,4.17,1.44
3883.01,3883,FP,7.0080817,13.1807,189.492,11.1693,295.431,6307.0,4.48,1.06
3884.01,3884,CP,4.5445569,5.7177,5.65747,12.9113,43.1448,3192.0,4.92,0.3
3885.01,3885,FA,2.5227786,10.9418,344.846,12.293,,5268.7,,0.78
3886.01,3886,PC,3.0215428,,597.1054249,13.4971,,5622.1,,
3887.01,3887,PC,4.2441117,14.06,671.867,12.7279,823.577,6034.0,4.1,1.57
3888.01,3888,PC,5.3298577,8.01139,46.3832,13.0874,318.317,4773.0,4.52,0.8
3889.01,3889,PC,2.5228506,12.9082,307.773,12.4244,301.63,5294.0,4.56,0.84
389.01,389,FP,13.45913,7.68909,897.182,8.2606,104.344,6457.7,4.43,1.38
3890.01,3890,FP,0.6203033,7.82821,10295.4,11.9245,695.137,6294.0,4.03,1.78
3891.01,3891,PC,2.7694074,3.02805,551.573,12.387,331.96,5269.6,4.44,0.94
3892.01,3892,PC,4.5808535,12.4319,328.68,11.9956,366.405,5528.7,4.31,1.14
3893.01,3893,PC,9.0576962,4.28974,79.0884,12.852,222.228,4485.0,4.57,0.72
3894.01,3894,PC,4.3345378,14.3572,546.903,11.323,417.365,6314.8,4.21,1.43
3895.01,3895,PC,6.6713748,9.63035,162.655,12.7533,525.225,5614.5,4.35,1.11
3896.01,3896,PC,4.3773113,2.97425,144.988,11.6832,181.653,5127.0,4.63,0.75
3897.01,3897,PC,7.6607094,5.12716,278.513,11.9937,405.176,5911.7,,1.19
3898.01,3898,PC,8.6789911,11.1545,135.622,13.4312,733.953,5693.8,4.35,1.12
3899.01,3899,PC,5.2077671,2.66176,144.63,11.0866,194.548,5522.5,4.5,0.92
390.01,390,FP,1.470258,12.2412,884.686,9.89377,167.306,6321.46,4.1984,1.08
3900.01,3900,PC,14.7802661,9.06559,38.1314,11.9689,364.747,5659.0,,1.09
3901.01,3901,PC,9.546972,12.4743,33.8682,13.3215,593.676,5834.0,4.54,0.91
3902.01,3902,PC,2.9406027,10.835,168.01,13.3819,580.009,5464.2,4.44,0.97
3903.01,3903,PC,14.8496574,9.3235,70.8112,13.403,545.646,5296.6,4.43,0.96
3904.01,3904,APC,10.1614815,7.66646,23.4406,11.3815,379.347,6297.0,4.34,1.24
3905.01,3905,PC,5.3599361,11.2314,306.956,13.0187,609.296,5933.0,4.43,1.04
3906.01,3906,APC,0.6451059,6.79091,800.418,12.773,387.358,5436.3,4.52,0.88
3907.01,3907,PC,1.7213564,10.674,559.726,12.8532,381.744,5072.0,4.42,0.95
3908.01,3908,APC,1.4680992,25.1682214,1531.1554281,11.4582,267.999,5433.0,4.33,1.10122
3909.01,3909,PC,3.5115357,12.81,569.545,12.3758,511.363,5490.8,4.16,1.35
391.01,391,KP,1.9550932,13.1406834,690.3398082,11.0529,184.848,5400.0,4.53926,0.873418
3910.01,3910,PC,5.7158895,12.3206,76.4949,12.0581,245.248,5224.0,4.56,0.82
3911.01,3911,PC,9.3517097,3.52814,47.221,11.6301,219.72,5298.6,4.52,0.86
3912.01,3912,CP,3.4936188,14.2355,628.664,11.8747,465.992,5779.5,4.15,1.42
3913.01,3913,PC,4.0384773,7.98387,17.0069,12.5764,186.628,4180.4,4.42,0.83
3914.01,3914,FP,6.7136512,12.5036,244.013,11.3366,332.565,6179.1,4.39,1.15
3915.01,3915,PC,2.2012625,13.6145,387.574,12.3655,275.019,5177.8,4.56,0.81
3916.01,3916,PC,3.4014954,9.32202,313.317,12.9339,610.654,6005.0,4.43,1.06
3917.01,3917,FA,8.3289771,,,11.483,,,,
3918.01,3918,PC,3.0654283,10.6174,264.883,13.4565,769.96,5236.0,4.12,1.35
3919.01,3919,PC,7.4332642,10.213,184.322,12.3342,604.591,6227.0,4.28,1.32
392.01,392,APC,0.8490674,10.8189994,5884.2639739,8.300901,87.4715,5624.7,,1.44029
3920.01,3920,FA,2.317939,15.7376,719.636,12.7509,490.701,5770.0,4.25,1.25
3921.01,3921,FP,23.2556119,14.4434,51.103,12.5638,222.95,4742.0,4.6,0.73
3922.01,3922,PC,3.8960617,12.1401,84.8919,12.251,262.531,5247.0,4.59,0.8
3923.01,3923,PC,4.1377886,,392.6433908,13.0743,880.411,4964.3,,
3924.01,3924,FP,2.0474832,14.3474,12096.5,13.4802,620.264,6791.0,4.57,1.04
3925.01,3925,FP,3.0330919,7.40327,4283.51,12.1474,773.332,7471.0,4.01,2.14
3926.01,3926,PC,2.7873223,10.6299,2023.22,12.089,495.95,6466.0,,1.46
3927.01,3927,PC,4.4921154,14.9094,223.672,12.7594,426.94,5353.0,4.34,1.08
3928.01,3928,PC,2.2035349,13.3861,1272.37,12.9774,710.588,6141.0,4.14,1.52
3929.01,3929,PC,3.4608812,19.0253,672.096,13.2363,684.911,5695.0,4.08,1.52
393.01,393,FP,2.49221,1.71311,43.3259,11.2003,37.8932,3450.0,4.78,0.45
3930.01,3930,PC,2.9284231,,638.648,12.6265,749.11,4885.4,,
3931.01,3931,PC,7.6644,9.9098801,175.3654356,13.4428,684.857,5694.0,4.41,1.04215
3932.01,3932,APC,2.4892754,15.5724,660.426,11.3258,672.679,6285.0,3.65,2.76
3933.01,3933,PC,1.97549,17.6764,5560.11,13.2345,1898.68,8523.0,3.98,2.46
3934.01,3934,PC,11.7512673,17.4049,86.313,12.7091,710.669,6571.0,4.12,1.68
3935.01,3935,PC,1.2257683,,2802.16,13.4234,1872.2,6205.8,,
3936.01,3936,PC,1.4858906,,648.608,12.5722,922.432,5196.8,,
3937.01,3937,PC,1.6923573,12.7696702,762.5979736,12.9577,367.428,5287.0,4.5,0.88876
3938.01,3938,FP,2.8778095,7.35828,1005.2,13.2875,617.366,6131.0,4.46,1.05
3939.01,3939,PC,2.3466472,12.2268,153.353,13.2129,262.301,4477.0,4.53,0.75
394.01,394,APC,0.39149,5.95564,13030.0,8.00006,142.401,6216.1,3.73,2.25
3940.01,3940,PC,3.4895723,12.9484,87.9248,13.4454,250.357,4315.0,4.57,0.71
3941.01,3941,PC,2.8817718,14.8764,854.357,12.9307,707.03,6137.0,4.23,1.38
3942.01,3942,PC,3.1082514,13.7608011,1763.4216575,12.8967,691.327,6413.0,4.17,1.5486799
3943.01,3943,PC,5.5613023,10.4506,713.503,12.5714,766.246,5607.0,3.72,2.27
3944.01,3944,PC,2.3151015,,285.103,12.5871,969.298,4746.7,,
3945.01,3945,PC,4.4638411,9.59744,78.9834,12.5917,515.394,5472.0,4.11,1.42
3946.01,3946,PC,5.7033411,15.2151,217.888,12.475,519.917,5933.0,4.28,1.24
3947.01,3947,PC,6.7716021,16.5311,831.07,12.933,1125.06,6136.0,3.67,2.62
3948.01,3948,FP,2.1176601,5.16544,12280.2,12.5455,359.83,5814.0,4.56,0.89
3949.01,3949,PC,2.2297524,10.5562,970.705,13.4743,682.99,5846.0,4.32,1.17
395.01,395,APC,6.0613441,27.91045,618.1880959,10.7706,321.882,5949.2,,1.53715
3950.01,3950,PC,3.4488281,15.6361,617.246,13.3364,701.783,5994.0,4.27,1.27
3951.01,3951,PC,2.1861455,11.5599,612.53,13.3788,558.58,5342.0,4.22,1.24
3952.01,3952,PC,2.9897732,17.6166,1317.93,11.9401,591.367,6786.0,4.21,1.57
3953.01,3953,PC,2.9873441,,790.978,13.3171,729.966,5734.9,,
3954.01,3954,PC,3.4043154,20.3568,113.665,13.3356,499.795,5833.0,4.46,1.0
3955.01,3955,PC,3.1274951,17.6985303,1481.4610493,12.402,591.045,6457.0,4.25,1.41321
3956.01,3956,PC,2.6686464,12.9106,332.941,13.0795,428.906,5227.0,4.48,0.9
3957.01,3957,FP,1.5891628,12.5934,1679.03,13.2445,928.965,6227.0,3.91,2.0
3958.01,3958,PC,12.0031646,10.9265063,234.5768031,11.5687,436.306,6362.0,4.25,1.40388
3959.01,3959,PC,3.8426038,12.7873,453.87,13.0367,868.492,7032.0,4.19,1.66
396.01,396,CP,5.9739124,2.3917735,488.0089226,5.9053,31.964,6308.31,4.438,1.2845
396.02,396,CP,3.58529,1.77141,646.628,5.9053,31.964,6308.31,4.438,1.28
396.03,396,CP,11.2304605,2.0754665,210.3340005,5.9053,31.964,6308.31,4.438,1.2845
3960.01,3960,PC,3.2399875,13.613,380.139,13.2091,541.735,5521.0,4.45,0.97
3961.01,3961,PC,3.5434689,,1741.2443185,12.8669,9842.0,5354.0,,
3962.01,3962,PC,3.3501179,17.5987,279.334,12.4615,836.639,6238.0,3.7,2.57
3963.01,3963,PC,6.2329571,14.2956,1245.8,12.2996,488.547,6016.0,4.1,1.55
3964.01,3964,FA,1.8011961,9.1446,8355.02,12.8114,1153.23,7588.0,4.09,1.99
3965.01,3965,PC,4.7253516,17.6483,2045.04,12.8051,870.816,7220.0,3.98,2.15
3966.01,3966,APC,3.9967263,11.278,265.248,12.0753,,5313.6,,1.0
3967.01,3967,PC,4.6709424,21.2461,2.26831,12.1661,920.632,7211.0,4.14,1.79
3968.01,3968,APC,2.2171904,,180.255,11.7345,,4656.0,,
3969.01,3969,PC,3.8522402,,577.199,12.5806,608.077,5371.2,,
397.01,397,FP,1.5464949,3.7295,438.793,10.231,167.009,5973.5,3.89,1.14
3970.01,3970,PC,10.6001229,10.601,240.751,13.3604,878.69,5647.0,4.08,1.51
3971.01,3971,PC,3.2292942,,,13.4642,,,,
3972.01,3972,PC,10.511362,11.935,61.3806,10.7486,162.569,5908.0,4.54,0.92
3973.01,3973,PC,2.0615575,,723.916,13.0646,701.76,6213.0,,
3974.01,3974,PC,1.7922888,12.6983,318.713,13.3926,467.428,5095.7,4.47,0.89
3975.01,3975,FP,9.4258906,9.65497,76.541,11.8993,135.0,4507.0,4.64,0.67
3976.01,3976,CP,6.6080989,12.1125,298.497,11.8136,516.087,5993.0,4.12,1.5
3977.01,3977,PC,23.2547644,10.7553,172.212,11.379,221.536,5627.0,4.55,0.88
3978.01,3978,PC,3.5472157,16.293,992.177,13.4497,987.539,5548.0,3.82,2.02
3979.01,3979,FP,2.041659,8.90978,5195.14,12.9447,871.833,6806.0,4.22,1.56
398.01,398,KP,1.3600283,13.0911813,1343.1568273,9.62713,105.166,5500.0,4.48298,0.933975
3980.01,3980,PC,3.6089193,17.0677,1247.0,11.863,486.721,5854.0,4.04,1.63
3981.01,3981,FP,2.2437501,10.0826,5651.55,12.9165,1172.52,7209.0,4.06,1.96
3982.01,3982,PC,5.3438948,16.9428,1248.08,12.9324,1619.19,7469.0,3.95,2.3
3983.01,3983,FA,3.8961515,8.40446,152.54,11.208,,5477.2,,0.87
3984.01,3984,CP,4.3533211,7.17236,14.9972,13.4609,108.883,3422.0,4.77,0.46
3985.01,3985,FP,3.2358535,,656.917,13.2638,1432.74,5095.6,,
3986.01,3986,PC,1.6212474,10.3122,1846.95,12.5225,614.539,4949.0,,3.11
3987.01,3987,FA,3.2358247,,,12.753,1308.27,,,
3988.01,3988,PC,2.8744227,13.3953,2213.89,12.2454,773.366,6334.0,3.86,2.17
3989.01,3989,FP,4.0104917,,5306.6,11.9551,2949.29,12373.0,,
399.01,399,FP,1.5716819,4.5091786,715.6772333,10.6793,106.507,4752.8,4.37,0.982066
3990.01,3990,FP,5.8423636,18.7395,716.73,11.6697,1552.26,8648.0,3.6,3.85
3991.01,3991,PC,2.2774846,17.7506,1146.77,12.1197,1089.93,4827.0,,4.7
3992.01,3992,PC,6.397886,,229.482,12.4316,673.065,5324.0,,
3993.01,3993,PC,2.2237067,16.2026957,1748.4439071,11.5625,457.461,6424.0,,1.4399
3994.01,3994,FP,3.8974136,6.8757,504.623,11.0986,400.234,6827.0,4.25,1.51
3995.01,3995,APC,6.4219775,,803.471,12.1602,741.884,6197.0,,
3996.01,3996,FP,17.2045725,21.5086,434.974,12.0205,659.762,6278.0,4.03,1.77
3997.01,3997,PC,3.4600026,17.6761,744.569,12.9854,654.004,5997.0,4.21,1.37
3998.01,3998,PC,1.81451,13.3431,609.008,12.1134,399.813,5696.0,4.31,1.17
3999.01,3999,FP,4.112385,9.65749,570.966,11.6437,525.173,5659.0,3.78,2.14
400.01,400,KP,3.6344447,14.25,1133.73,11.3161,414.234,6272.0,4.25771,1.42
4000.01,4000,PC,3.7027104,21.058,1803.49,12.5696,878.067,7493.0,4.12,1.9
4001.01,4001,PC,4.8982659,4.84123,293.004,11.7194,315.572,5696.0,4.37,1.09
4002.01,4002,FP,3.3378852,19.0038,1878.15,12.9214,1083.39,6274.0,3.86,2.15
4003.01,4003,PC,3.9606593,10.7218,970.247,12.9762,626.396,6647.0,4.29,1.4
4004.01,4004,PC,5.3798996,7.09264,104.667,12.849,515.607,4930.3,,0.76
4005.01,4005,FP,3.8471662,7.48475,173.747,11.7899,329.268,5115.0,3.91,1.69
4006.01,4006,FA,3.0491667,,589.9037165,12.715,,4579.5,,
4007.01,4007,PC,4.5432349,12.5868,1563.16,12.4705,511.571,7998.0,4.6,1.16
4008.01,4008,FP,2.8278059,4.22619,885.332,10.702,311.774,6603.0,4.16,1.62
4009.01,4009,PC,4.3271416,14.5369,400.919,12.1693,670.801,5994.0,3.92,1.91
401.01,401,FP,2.48548,1.28248,1105.11,8.235,64.4827,5928.0,4.48,0.96
4010.01,4010,CP,5.4146235,6.6139476,126.2342489,11.5163,177.504,4888.0,4.45,0.880213
4010.02,4010,CP,14.7091662,6.5471787,33.3030602,11.5163,177.504,4888.0,4.45,0.880213
4010.03,4010,CP,1.3483075,3.1949876,805.779628,11.5163,177.504,4888.0,4.45,0.880213
4011.01,4011,PC,4.3359117,13.9797,485.004,13.2395,764.591,5815.0,4.1,1.51
4012.01,4012,PC,1.82544,11.7503,181.783,13.3507,245.737,4324.0,4.49,0.77
4013.01,4013,PC,2.6325313,15.2766,1493.24,13.0217,851.105,5407.0,3.64,2.42
4014.01,4014,PC,2.8067423,13.4381,361.087,13.4891,562.401,5863.0,4.48,0.98
4015.01,4015,PC,4.7427131,17.876,320.783,10.767,309.161,5947.0,4.12,1.51
4016.01,4016,PC,1.8137851,,95.2905,13.1216,,4032.5,,
4017.01,4017,PC,7.0423707,14.7821,56.09,12.636,558.336,4892.0,,1.88
4018.01,4018,PC,3.0755983,,242.553,13.4612,,4355.4,,
4019.01,4019,PC,2.2963814,20.9239,5163.1,12.6967,554.728,6620.0,4.04,1.87
402.01,402,CP,4.7559737,1.725417,161.7314334,8.3157,44.8155,5175.2,4.37657,0.841842
402.02,402,CP,17.1807214,2.1954034,29.1782002,8.3157,44.8155,5175.2,4.37657,0.841842
4020.01,4020,FA,3.2174446,,1947.5744337,11.852,1245.57,,,
4021.01,4021,PC,5.1175439,12.6029,131.814,11.08,488.31,6429.0,3.92,2.07
4022.01,4022,PC,7.2089041,,,13.3972,506.754,,,
4023.01,4023,PC,2.7991658,,201.078,13.4975,,4841.6,,
4024.01,4024,PC,6.3262148,12.5231,558.3,13.2309,958.682,5842.0,3.9,1.9
4025.01,4025,PC,16.2840915,7.99273,121.312,13.3177,769.204,5770.0,4.29,1.2
4026.01,4026,PC,3.1239771,,571.143943,13.1759,497.594,4861.0,,
4027.01,4027,PC,3.6074546,2.69934,297.468,11.3099,207.243,5593.0,4.52,0.91
4028.01,4028,PC,3.9589142,15.2242,301.848,13.0911,610.074,5963.0,4.3,1.22
4029.01,4029,PC,5.8850401,6.61503,282.509,11.1718,274.436,5712.4,4.3,1.18
403.01,403,KP,3.532822,13.474905,837.7033716,11.185,317.652,6153.0,4.34152,1.25
4030.01,4030,PC,2.5089892,5.46523,609.961,13.2338,571.615,5574.0,4.44,0.99
4031.01,4031,PC,10.0462596,16.4472821,97.290087,13.2687,565.437,5637.9,4.49,0.945159
4032.01,4032,FP,2.4567112,3.05136,614.383,11.0498,296.012,6223.0,4.39,1.16
4033.01,4033,PC,3.6142971,,,13.2787,,,,
4034.01,4034,PC,1.8020923,17.3634,1870.78,12.5798,745.145,5760.0,3.92,1.85
4035.01,4035,PC,3.0295916,,267.84,13.0874,506.315,5081.3,,
4036.01,4036,FP,2.7761628,6.58454,538.633,12.3618,644.55,5778.0,3.92,1.84
4037.01,4037,FP,4.7257129,10.5468,350.147,11.3896,653.395,6139.0,3.71,2.48
4038.01,4038,PC,4.2989288,9.94472,371.547,13.0885,562.818,5671.0,4.12,1.45
4039.01,4039,PC,4.7308142,9.85689,295.429,12.9186,548.908,5777.0,4.42,1.05
404.01,404,KP,2.9626402,12.65489,269.8828476,12.3943,281.742,5473.0,4.60845,0.718635
4040.01,4040,PC,7.1357259,2.7853042,108.1100329,12.3407,297.107,5446.0,4.57,0.835627
4041.01,4041,PC,7.8808589,10.2354,289.546,10.9342,311.111,5914.8,4.17,1.41
4042.01,4042,PC,2.3238426,13.8867,870.497,13.1659,869.366,5983.9,4.2,1.38
4043.01,4043,PC,5.1191172,13.0806,939.766,12.2319,636.467,5926.0,4.01,1.7
4044.01,4044,FP,4.1508803,8.31799,70.6022,13.2653,268.508,4460.0,4.56,0.73
4045.01,4045,PC,7.9927894,,147.635,13.2155,598.385,5530.9,,
4046.01,4046,PC,0.7583741,5.4111,1262.0,10.6525,328.581,6209.0,4.13,1.56
4047.01,4047,PC,4.5029619,9.44788,2710.22,13.028,817.383,8103.0,4.24,1.77
4048.01,4048,FP,1.972401,14.7348,2239.66,13.1947,974.435,6184.0,4.1,1.6
4049.01,4049,PC,31.4001189,10.2456091,10.156754,13.2588,353.826,4953.0,4.55,0.791713
405.01,405,FP,1.7560902,7.52118,1923.34,10.5683,266.9,6249.0,4.28,1.29
4050.01,4050,PC,4.6546139,12.7473,91.4646,13.2838,903.312,5966.0,4.08,1.58
4051.01,4051,PC,1.5373948,5.76435,621.715,13.0273,441.274,5091.0,4.36,1.0
4052.01,4052,FP,0.7409429,4.58442,1523.27,13.0109,427.299,5406.0,4.53,0.87
4053.01,4053,FP,21.7894491,,42.8575849,13.0309,681.888,6118.5,,
4054.01,4054,PC,17.356719,9.705386,17.7377655,13.0533,287.646,4697.0,4.55,0.760629
4055.01,4055,PC,4.567925,14.2306,266.468,13.1755,602.399,5675.0,4.41,1.04
4056.01,4056,PC,5.0518907,9.11036,588.998,11.4354,484.852,6328.9,4.15,1.55
4057.01,4057,PC,2.4076941,7.15781,255.63,13.2611,590.913,5702.0,4.46,0.98
4058.01,4058,PC,2.8668029,,155.045,13.4062,,4871.9,,
4059.01,4059,PC,2.0381761,13.0071,310.835,13.084,339.185,4928.0,4.52,0.82
406.01,406,PC,13.1757294,1.9602373,2.6453174,11.2828,31.0597,3349.0,4.94138,0.388609
406.02,406,PC,6.614911,1.2731554,6.6294678,11.2828,31.0597,3349.0,4.94138,0.388609
4060.01,4060,PC,23.1315739,,5.53336,13.1135,,4952.3,,
4061.01,4061,FA,7.2087245,,110.913,13.109,431.258,5144.9,,
4062.01,4062,PC,6.7473822,13.1026,47.3055,13.4167,611.532,5332.0,4.35,1.06
4063.01,4063,APC,1.6323062,15.8543427,757.4076888,13.0444,408.646,5099.9,4.45,0.912575
4064.01,4064,PC,3.8823511,9.5364228,1088.6638396,12.6555,756.022,5622.4,3.98,1.68668
4065.01,4065,PC,3.5908038,9.85407,462.467,12.8377,579.364,5657.0,4.3,1.18
4066.01,4066,PC,6.7201811,11.5271,76.4183,13.3925,415.005,4914.0,4.49,0.85
4067.01,4067,FP,3.6772391,13.2496189,567.6066573,13.1815,679.411,5801.0,4.36,1.11792
4068.01,4068,FP,1.1578392,11.2362,2519.45,13.3675,915.093,6409.0,4.4,1.18
4069.01,4069,PC,2.7240303,10.9383,193.03,13.0531,437.789,5366.0,4.47,0.93
407.01,407,APC,2.1654694,13.5615,2503.96,12.7862,959.461,5830.0,4.26,1.86
4070.01,4070,PC,3.1504798,10.0008,98.0783,13.0022,411.289,5229.0,4.49,0.89
4071.01,4071,PC,6.5169955,2.26174,62.6073,10.7133,104.24,4937.5,4.64,0.71
4072.01,4072,PC,2.1390271,,2105.59,13.3802,860.437,5869.6,,
4073.01,4073,PC,2.3079651,,,11.7332,59.7061,,,
4074.01,4074,PC,3.2175013,16.011,1034.94,12.6844,885.18,7932.0,4.32,1.56
4075.01,4075,PC,3.0492435,,,13.0731,1965.77,,,
4076.01,4076,PC,4.3965758,9.71601,350.289,12.5834,587.551,5957.0,4.3,1.23
4077.01,4077,PC,5.5679111,9.5108395,100.8499947,12.8682,302.435,4887.0,4.53,0.801525
4078.01,4078,PC,3.1639309,,1083.96,12.2305,5406.92,6323.0,,
4079.01,4079,PC,1.9872259,15.6112,1292.25,12.1484,360.76,6178.0,4.44,1.08
408.01,408,FP,1.33679,2.70732,1038.31,9.6114,109.991,5600.0,4.43748,0.98
4080.01,4080,PC,3.7519831,12.9516,297.501,13.3593,543.607,5389.0,4.43,0.97
4081.01,4081,PC,9.2584055,11.7073433,811.0432719,10.6675,439.932,5707.0,3.64,2.53632
4082.01,4082,PC,4.625568,13.2242,493.442,12.804,568.171,5972.0,4.23,1.34
4083.01,4083,FP,2.0714803,9.7546,4440.11,11.6433,732.131,7047.0,3.85,2.46
4084.01,4084,PC,15.634183,11.238,23.2536,12.8934,453.772,5725.0,4.49,0.96
4085.01,4085,PC,2.8285323,10.3779772,504.0504139,11.9705,290.594,5257.0,4.37,1.02586
4086.01,4086,PC,5.6917579,12.6894204,694.6315867,12.111,592.872,5783.0,4.01,1.66513
4087.01,4087,CP,3.1774814,13.9016,625.157,11.2961,301.676,6071.0,4.39,1.12
4088.01,4088,PC,2.7284428,12.71,427.584,12.2523,439.803,5686.0,4.28,1.21
4089.01,4089,PC,3.2462849,18.4686,610.063,11.6421,321.956,5895.5,,1.06
409.01,409,FP,6.7992776,1.09621,30.7937,9.1536,53.3027,4913.8,4.54,0.73
4090.01,4090,PC,3.177514,5.10272,150.032,12.5509,250.984,4740.0,4.49,0.82
4091.01,4091,FP,3.0038696,3.44576,1394.39,11.2834,337.362,6171.0,4.35,1.2
4092.01,4092,PC,7.495973,12.6471,328.532,12.8687,686.613,5667.0,4.14,1.41
4093.01,4093,PC,10.4722034,3.13882,59.5148,12.1517,261.191,5388.0,4.61,0.79
4093.02,4093,PC,17.7046155,2.8587599,27.963637,12.1517,261.191,5388.0,4.61,0.791536
4094.01,4094,PC,4.9111786,3.4399601,561.8717441,11.1004,312.41,6186.0,4.33,1.2372299
4095.01,4095,PC,4.1539244,9.73932,86.6756,12.9287,559.648,5737.0,4.37,1.09
4096.01,4096,PC,10.1045108,3.3818,47.9649,12.4983,306.261,5053.0,4.46,0.9
4097.01,4097,PC,2.7741864,3.6487,393.387,12.4222,317.929,5636.0,4.61,0.82
4098.01,4098,PC,1.1789842,5.02454,403.61,12.0216,425.694,5650.0,4.17,1.37
4099.01,4099,PC,4.3954123,2.02986,119.282,11.9512,177.305,4836.0,4.6,0.73
410.01,410,FP,1.42744,7.86301,28512.6,10.0081,223.145,6000.2,4.36,1.33
4100.01,4100,PC,3.585982,,442.89,12.1308,489.834,6195.0,,
4101.01,4101,PC,4.3202706,,88.2086,12.7584,691.697,6287.0,,
4102.01,4102,FP,2.6834113,2.33576,168.322,11.812,185.25,5221.0,4.62,0.76
4103.01,4103,PC,12.2740928,12.7514,50.0141,11.2056,243.002,5674.0,4.4,1.05
4104.01,4104,PC,2.3757662,19.1019,2544.85,12.9978,1367.43,6676.0,3.9,2.2
4105.01,4105,PC,5.7152049,10.4523,213.024,12.5452,1010.35,5845.0,3.75,2.25
4106.01,4106,APC,16.3558787,3.48406,68.1566,11.2452,243.519,5740.0,4.45,1.0
4107.01,4107,PC,3.5322939,3.40196,64.0026,12.8398,153.899,4003.0,4.59,0.66
4108.01,4108,PC,14.4348737,8.117,220.777,11.9824,665.929,5834.0,3.89,1.93
4109.01,4109,PC,12.320331,5.10721,7.71974,12.73,153.444,4103.0,4.62,0.65
411.01,411,CP,9.5730706,2.3053058,186.024825,7.757,62.7792,6101.0,4.38774,1.11672
411.02,411,CP,4.040413,1.5473747,587.586178,7.757,62.7792,6101.0,4.38774,1.11672
4110.01,4110,FP,0.7676706,2.98877,2825.39,11.1315,417.852,6377.0,4.17,1.53
4111.01,4111,PC,12.2788421,9.64521,84.8171,12.955,705.399,5596.0,4.15,1.39
4112.01,4112,FA,10.7166249,2.16171,27.0606425,11.024,,4235.5,,0.65
4113.01,4113,PC,22.1575175,2.17495,12.4497,11.101,148.616,5174.0,4.58,0.79
4114.01,4114,PC,4.8038539,4.0981388,51.6275524,12.3109,132.393,4080.0,4.56,0.692076
4115.01,4115,PC,2.9855843,10.0005,100.984,12.8076,264.995,4602.0,4.48,0.82
4116.01,4116,FP,3.6311186,15.6552,1145.48,12.4627,504.87,5979.9,,1.63
4117.01,4117,PC,25.0930011,10.3058363,62.0331918,12.6541,632.646,5775.0,4.2,1.33728
4118.01,4118,PC,2.5551882,13.5962,595.9,12.7376,594.975,5855.0,4.3,1.21
4119.01,4119,PC,5.201975,9.15316,30.1871,12.9267,468.817,4950.0,4.21,1.18
412.01,412,FP,1.1096992,9.33715,122457.0,8.7929,460.728,8666.0,3.80083,3.13
4120.01,4120,PC,4.8952783,14.0672,883.882,12.8777,912.594,5828.0,3.96,1.77
4121.01,4121,PC,2.8622679,18.4047,1757.24,11.6881,605.874,7167.0,4.3,1.49
4122.01,4122,APC,2.4307782,12.4035,506.486,12.0844,1212.25,6015.0,3.45,3.3
4123.01,4123,PC,2.787945,7.5851475,374.4763489,11.8522,242.624,5375.0,4.55,0.847241
4124.01,4124,PC,3.4138019,22.5559,309.683,11.436,512.0308,5150.0,,2.24
4125.01,4125,PC,4.7155974,18.3601489,821.3764221,12.72,766.601,5873.0,4.08,1.5585099
4126.01,4126,FP,3.2428744,2.3171,113.659,12.3454,107.33,4016.0,4.72,0.58
4127.01,4127,CP,56.4043748,12.5447,0.909373,11.0383,319.632,6433.0,4.36,1.25
4128.01,4128,PC,1.9795413,4.77367,604.981,12.2769,308.87,5275.0,4.46,0.92
4129.01,4129,PC,3.2724973,5.6778,44.1281,11.8417,130.284,4279.0,4.51,0.75
413.01,413,KP,3.6623918,17.2805567,1645.9886958,9.6757,246.69,6600.0,4.20892,1.48532
4130.01,4130,FP,6.269716,3.86288,154.408,10.7386,148.525,4812.0,4.26,1.08
4131.01,4131,PC,2.3382502,11.123,438.011,12.8667,411.113,5263.0,4.45,0.94
4132.01,4132,PC,11.7647926,11.5240963,287.7082031,11.8921,578.129,5801.0,4.01,1.69397
4133.01,4133,PC,4.1571604,,773.464,12.9532,708.626,5766.9,,
4134.01,4134,FP,0.9135968,2.17077,2079.14,11.2063,228.59,5987.0,4.58,0.89
4135.01,4135,FP,2.5139764,4.90303,1043.42,10.5893,421.5,6150.0,3.9,2.05
4136.01,4136,PC,3.7630305,5.96705,1050.55,12.1943,608.697,6357.0,4.19,1.5
4137.01,4137,CP,3.8016217,13.6371,672.585,10.8557,334.993,6244.0,4.19,1.47
4138.01,4138,CP,3.660032,17.5565568,1804.5548719,11.2633,505.703,5988.0,3.93,1.88626
4139.01,4139,FP,4.6200781,7.04607,216.021,12.9551,610.592,5999.0,4.36,1.16
414.01,414,FP,1.82488,24.8366,3161.32,9.15779,115.124,5773.74,3.51,1.23
4140.01,4140,PC,4.2511214,11.2617,240.568,12.1311,311.002,5501.0,4.48,0.94
4141.01,4141,PC,3.6022715,14.4799,582.883,12.5401,702.211,6338.0,4.21,1.45
4142.01,4142,PC,3.6593967,12.1105,1001.69,12.6521,890.805,5875.0,3.92,1.86
4143.01,4143,FP,9.8482192,13.8742,206.691,12.1158,1283.53,6126.0,3.46,3.31
4144.01,4144,PC,16.9020565,11.3763,62.5724,11.9039,260.002,5442.0,4.49,0.91
4145.01,4145,CP,4.0664446,12.1827,89.3911,11.5241,205.387,5421.0,4.54,0.86
4146.01,4146,APC,0.7011578,13.2816,4863.59,11.5765,464.611,6036.0,4.13,1.51
4147.01,4147,PC,2.3745416,13.6144,1303.71,12.7833,631.739,5865.0,4.23,1.3
4148.01,4148,FP,3.6841446,3.74263,286.262,12.0672,204.639,4939.0,4.55,0.79
4149.01,4149,PC,3.2928068,11.9432,159.842,12.8508,331.43,5037.0,4.44,0.91
415.01,415,KP,3.6112621,13.6137403,1818.5488883,10.5831,381.174,6450.0,4.03776,1.68443
4150.01,4150,PC,9.7938352,13.1815999,254.8254794,12.8051,636.934,5737.0,4.12,1.46202
4151.01,4151,PC,11.6999152,12.0929,157.492,11.2924,701.278,6906.0,3.94,2.16
4152.01,4152,PC,1.5822588,,,11.7729,555.317,,,
4153.01,4153,PC,4.6174254,16.6632337,1212.0072219,11.1477,423.84,6411.0,4.1,1.67219
4154.01,4154,PC,7.3446285,12.8665,506.001,12.7397,975.983,6320.0,3.94,1.99
4155.01,4155,PC,3.3207642,3.02356,586.762,11.2473,240.737,6142.0,4.55,0.95
4156.01,4156,PC,4.461878,2.32515,459.495,10.7152,213.719,5986.0,4.45,1.04
4156.02,4156,PC,12.822639,3.0954065,101.3928989,10.7152,213.719,5986.0,4.45,1.0396301
4157.01,4157,FP,5.289835,7.64474,2582.58,11.5576,348.692,6655.0,4.5,1.11
4158.01,4158,PC,13.4167713,,,12.275,397.98,,,
4159.01,4159,APC,0.8659846,8.86618,1311.06,12.2075,745.908,5815.0,3.89,1.92
416.01,416,FP,7.0114,18.1417,753.673,8.28222,131.962,6084.8,4.01,1.82
4160.01,4160,PC,4.4427146,11.7585481,375.1250027,12.2319,399.676,5754.0,4.41,1.04413
4161.01,4161,PC,4.2607797,13.7822358,3322.0021575,11.9399,1064.43,7409.0,4.0,2.1503201
4162.01,4162,PC,4.3744258,19.4866,1159.28,12.095,725.754,6013.0,3.86,2.05
4163.01,4163,PC,21.5615248,7.76454,51.2879,12.4899,485.147,5644.0,4.22,1.28
4164.01,4164,PC,3.522843,3.93303,638.021,12.2779,511.193,5952.0,,1.39
4165.01,4165,PC,7.1406422,11.978218,156.6452579,12.1926,338.176,5463.0,4.42,1.00007
4166.01,4166,PC,5.236124,2.94616,188.943,11.6431,257.962,5604.0,4.47,0.96
4167.01,4167,FP,14.793901,8.42756,19.3352,12.9474,359.643,5095.0,4.52,0.84
4168.01,4168,PC,29.3821476,14.7329776,41.9877466,11.447,326.475,6016.0,4.36,1.1547199
4169.01,4169,PC,3.4026932,11.5347,1695.28,12.7553,917.988,5661.0,3.77,2.18
417.01,417,FP,5.62162,3.35879,334.683,10.0793,186.807,5834.2,4.24,1.27
4170.01,4170,PC,2.190225,15.1395,1559.45,12.3623,587.217,5929.0,4.09,1.56
4171.01,4171,PC,3.7453991,3.17171,428.765,12.4747,279.324,5133.0,4.56,0.81
4172.01,4172,PC,4.1915095,2.33252,270.353,12.2997,241.956,4996.0,4.56,0.79
4173.01,4173,PC,8.2713274,14.0507,146.225,12.6361,462.904,5921.0,4.5,0.97
4174.01,4174,PC,1.5569519,6.93656,614.242,12.456,1043.59,6464.0,3.94,2.04
4175.01,4175,PC,2.1632835,,,8.0935,46.5528,,,
4176.01,4176,APC,3.2089372,19.3856,1849.02,9.5399,397.15,7423.0,3.89774,2.43
4177.01,4177,APC,3.6928289,15.6542,1756.36,10.1793,430.587,7042.0,3.97,2.13
4178.01,4178,FP,2.2042212,9.78883,97.961,10.0415,197.507,5702.0,4.14,1.42
4179.01,4179,PC,2.5485772,,4846.69,10.3738,,4813.4,,
418.01,418,KP,2.2359865,13.4367443,491.325955,10.3074,117.598,5260.0,4.51363,0.844379
4180.01,4180,APC,1.5954319,4.3219935,10433.760937,8.2938,166.873,7511.0,3.92857,1.92067
4181.01,4181,FP,0.5992462,2.9851107,228938.9069511,15.951,5885.3,31000.0,5.59998,0.18
4182.01,4182,PC,27.848697,2.77036,19.8693,9.2747,132.682,5399.6,3.9,1.56
4183.01,4183,PC,11.7915574,3.2687802,187.5928059,9.10478,135.086,6407.0,4.35687,1.24512
4184.01,4184,CP,4.9019938,2.5554145,5.0534848,14.2612,69.3649,3147.0,5.04654,0.240807
4185.01,4185,PC,16.5414219,3.3270234,23.3426364,10.7194,99.0303,4395.6,4.49,0.938435
4186.01,4186,PC,12.7503356,2.17135,54.0301,8.985,68.4487,5639.0,4.55041,0.88
4187.01,4187,PC,30.8812601,5.2996592,148.9610746,8.301,154.732,6047.0,3.7899,2.2319901
4188.01,4188,FP,10.2813284,11.8759119,10.9982809,13.0123,148.134,3919.0,4.63413,0.593317
4189.01,4189,PC,46.9621053,2.4680695,11.3814426,8.7601,69.6026,5744.0,4.56261,0.879321
419.01,419,FP,0.4038426,1.442393,710.634979,10.5886,42.76,4119.1,4.73,0.555
4190.01,4190,PC,15.6062307,2.1494954,29.4183635,10.6617,121.494,5067.0,4.54195,0.816585
4191.01,4191,PC,742.8561164,2.2756143,0.4671053,8.6282,83.9132,5816.0,4.37494,1.10194
4192.01,4192,PC,4.2300182,17.0408,927.501,11.8791,507.639,6064.1,4.18,1.44
4193.01,4193,PC,6.5081212,11.511,473.037,12.7464,597.937,5652.8,4.38,1.27
4194.01,4194,APC,1.0432995,6.51532,1405.89,12.5496,505.742,5943.0,4.42,1.07
4195.01,4195,PC,5.4447698,,55.9408,12.6802,491.261,5890.0,,
4196.01,4196,PC,3.125924,17.3686,600.297,12.5345,560.078,5828.0,4.28,1.24
4197.01,4197,PC,3.9017499,12.6062,73.9553,12.8512,240.7,4665.0,4.6,0.71
4198.01,4198,PC,4.746318,12.2509,290.335,13.3547,545.887,5648.0,4.36,1.09
4199.01,4199,PC,4.4466179,16.7023,1257.77,11.5141,598.941,6534.0,4.03,1.85
420.01,420,FP,2.300698,4.87824,17366.7,10.6152,145.407,5747.3,4.57,0.85
4200.01,4200,PC,1.027641,,2542.32,13.5569,1362.6,5640.0,,
4201.01,4201,CP,3.5809733,12.0428,40.4443,13.5011,189.011,3790.0,4.64,0.61
4202.01,4202,PC,2.6689906,,728.121,13.519,1466.79,5247.8,,
4203.01,4203,PC,2.9531039,,332.97,13.5854,1500.32,5304.5,,
4204.01,4204,PC,3.9592516,7.85756,1272.37,10.9786,346.758,7068.0,4.35,1.39
4205.01,4205,PC,5.9056572,11.5383,523.023,12.672,344.106,5076.0,4.4,0.97
4206.01,4206,PC,2.4170503,13.975,1340.72,13.2045,860.033,5796.8,4.07,1.56
4207.01,4207,FP,1.0681394,19.5184,7148.75,13.3581,1719.42,7248.0,3.95,2.23
4208.01,4208,PC,1.72328,,,13.6625,1725.36,,,
4209.01,4209,PC,0.8631737,12.7525,2000.07,13.2977,764.305,6142.0,4.17,1.47
421.01,421,CP,16.067522,4.7909617,36.1060604,9.2711,74.7969,5718.0,4.35658,0.860124
421.02,421,CP,5.1976858,1.9257346,162.5917886,9.2711,74.7969,5718.0,4.35658,0.860124
4210.01,4210,APC,1.0754208,9.41227,358.947,12.9715,393.038,4614.0,4.16,1.17
4211.01,4211,PC,2.2715616,,1884.67,12.9289,1523.53,6671.3,,
4212.01,4212,APC,2.3485025,,2588.32,11.974,1051.92,8807.8,,
4213.01,4213,FP,1.0435229,9.09391,2148.73,12.6825,656.326,6259.0,4.34,1.23
4214.01,4214,PC,3.491383,11.154,555.531,11.0071,346.881,5936.5,4.28,1.59
4215.01,4215,PC,1.0994412,11.0223,2816.92,13.0896,1183.53,6915.0,4.19,1.63
4216.01,4216,FP,2.1816809,,13037.6,11.2486,1675.78,8582.7,4.08,
4217.01,4217,FP,1.1870337,10.6747149,3443.5604618,13.5295,927.754,6325.0,4.41,1.15885
4218.01,4218,PC,2.6269521,17.6062,2547.74,12.7868,1016.95,6976.0,4.22,1.58
4219.01,4219,FP,1.1471548,3.90118,249.626,16.0657,695.78,3901.0,4.47,0.75
422.01,422,APC,0.6333372,4.4957089,9433.5511834,8.96,124.504,5999.0,4.22,1.34655
4220.01,4220,PC,1.9138779,,2433.26,13.475,1289.89,7246.0,,
4221.01,4221,PC,2.8395663,,412.404,12.8542,746.058,5858.0,,
4222.01,4222,FP,0.8335712,12.5164,3359.53,12.9913,1246.21,6158.0,3.87,2.09
4223.01,4223,PC,7.2654708,13.0064,181.435,12.8006,502.584,5944.0,4.43,1.05
4224.01,4224,PC,1.161347,10.7619,6500.64,12.2815,715.234,6289.0,4.11,1.62
4225.01,4225,FP,1.1355486,13.0419,47965.7,9.7402,1658.75,10262.0,,7.04
4226.01,4226,PC,2.9628955,14.7038,1606.41,11.5637,867.497,7998.0,,2.04
4227.01,4227,PC,3.4169475,13.7893,705.607,12.5536,857.708,6610.0,4.16,1.63
4228.01,4228,PC,6.0219203,19.1085522,631.2157212,13.5444,1114.01,5932.0,4.07,1.58618
4229.01,4229,FP,1.1385671,16.0326,13181.3,13.5964,2348.86,9024.0,4.19,2.0
423.01,423,KP,3.1615697,14.8619546,758.1026175,10.4408,202.218,6072.0,4.41,1.0977401
4230.01,4230,PC,1.9401022,,1077.9282958,12.6356,,5436.9,,
4231.01,4231,PC,3.2970252,13.4619,2098.67,12.3563,1175.96,8945.0,4.35,1.67
4232.01,4232,FP,1.2247985,8.32531,1294.24,13.5184,591.382,5699.0,4.55,0.89
4233.01,4233,PC,1.820443,16.6319,2155.48,13.5689,1469.53,6079.0,3.92,1.94
4234.01,4234,PC,0.908232,8.54322,7791.46,13.5392,1003.03,6481.0,4.38,1.23
4235.01,4235,FP,1.6562803,9.54495,291.778,13.0556,706.679,6044.0,4.29,1.25
4236.01,4236,PC,0.4021401,22.9091656,17100.1,12.7411,1171.09,6115.0,3.72,2.44753
4237.01,4237,PC,3.0482015,,464.675,13.1731,616.409,5774.7,,
4238.01,4238,PC,1.2732245,13.8628,1086.11,13.3502,395.573,4973.0,4.49,0.85
4239.01,4239,PC,2.8123314,16.8822046,3098.3194662,12.7797,1126.25,6614.0,4.05,1.84646
424.01,424,FP,0.99114,2.1212,1463.2,10.5094,103.69,5059.0,4.61,0.75
4240.01,4240,PC,10.1238604,15.7944,79.2946,12.6943,949.356,6531.0,4.05,1.81
4241.01,4241,PC,3.1118943,14.3339,406.945,13.6438,598.001,5412.6,,1.08
4242.01,4242,PC,3.0579913,14.2454281,1601.6545359,12.4688,656.6,5967.0,4.07,1.59436
4243.01,4243,PC,1.0886286,8.7147619,47343.510594,10.7492,650.191,6127.0,3.25,4.2160501
4244.01,4244,PC,1.8665254,10.2057,2933.46,12.4027,767.846,6310.3,,1.61
4245.01,4245,PC,3.1527177,5.7168495,316.3922274,11.7519,211.183,5093.0,4.52,0.800841
4246.01,4246,PC,12.8860009,12.0983571,122.295914,12.9,600.771,6126.0,4.41,1.11324
4247.01,4247,PC,4.3539599,23.0280318,451.4099178,13.5597,631.768,5883.0,4.39,1.09523
4248.01,4248,PC,5.1442317,13.8382,1708.0,11.548,654.475,5936.0,4.18,2.09
4249.01,4249,PC,6.772626,19.1292,203.5541234,13.551,,4360.5,,2.12
425.01,425,FP,3.60364,14.1007,2312.7,11.5781,631.385,6896.7,4.17,1.62
4250.01,4250,PC,4.0185922,13.9642,2154.02,13.4202,1432.78,7156.0,4.15,1.77
4251.01,4251,FP,0.9109508,13.0531,18809.1,12.5405,1297.87,9421.0,4.31,1.79
4252.01,4252,PC,2.6085023,13.8957666,1947.3076326,12.6583,631.32,7302.0,4.49,1.2122999
4253.01,4253,PC,3.4192373,,506.3361054,12.9027,884.15,5658.5,,
4254.01,4254,PC,1.1462769,14.1198099,12500.9173208,12.5347,955.191,6416.0,3.9,2.11854
4255.01,4255,PC,2.5057108,12.9673,2430.56,12.5225,1131.58,8330.0,4.04,2.26
4256.01,4256,FP,1.0962372,15.7533,6446.8,12.7158,1391.51,6519.0,3.54,3.25
4257.01,4257,FP,4.6512523,6.22936,432.038,11.7159,407.374,7192.0,4.56,1.1
4258.01,4258,FP,3.8505662,16.5768,475.693,13.3285,1080.66,6353.0,3.88,2.13
4259.01,4259,PC,8.9612626,17.0901716,235.8695308,11.9452,390.587,5435.5,,1.1706899
426.01,426,PC,1.3205037,2.1611735,1677.1571947,9.59689,113.59,5731.0,4.46,0.98926
4260.01,4260,PC,5.4588359,8.59319,809.823,12.1899,764.85,6349.0,,1.41
4261.01,4261,FP,1.5040804,,558.567,13.7682,,3810.2,,
4262.01,4262,PC,5.9977892,11.3637133,547.2130805,11.1882,337.209,6613.0,4.36,1.2860301
4263.01,4263,PC,0.8334976,9.0185699,7232.8618655,13.5379,1001.77,6071.0,4.2,1.3925
4264.01,4264,PC,3.1580472,8.3204,562.9431543,11.8471,,7606.3,,1.01
4265.01,4265,PC,3.7353995,8.61993,230.421,12.1162,538.114,5895.0,4.1,1.53
4266.01,4266,PC,0.8118585,16.3456,832.714,13.453,1039.14,5051.7,,1.97
4267.01,4267,PC,1.2125595,11.1279,1780.99,13.079,963.819,6719.0,4.25,1.48
4268.01,4268,FP,0.8133123,4.37963,6736.59,11.0418,433.157,8265.0,,2.12
4269.01,4269,PC,4.5766182,,881.978,12.4946,575.478,5816.5,,
427.01,427,APC,0.6090253,15.1945,8004.34,10.361,151.054,5271.7,4.34,1.02
4270.01,4270,CP,3.4671474,11.6401,391.83,12.5695,683.062,5886.0,4.07,1.58
4271.01,4271,PC,4.5016988,,820.448,11.693,460.819,5829.0,,
4272.01,4272,PC,2.7302636,13.7961,945.722,12.8441,770.937,6307.0,4.25,1.39
4273.01,4273,PC,2.9346956,23.898,1718.88,13.3012,1370.72,6728.0,3.9,2.23
4274.01,4274,PC,0.4459299,20.4459,44946.6,13.3992,1321.29,8878.0,4.33,1.7
4275.01,4275,PC,0.7617828,,3748.9914891,12.2951,689.348,6132.7,,
4276.01,4276,PC,11.851162,,96.5152588,12.0846,,4983.0,,
4277.01,4277,PC,3.2738129,14.6729,786.258,13.2152,748.416,5976.0,4.27,1.27
4278.01,4278,PC,1.7519943,9.23623,559.892,13.0236,688.773,5483.0,4.14,1.39
4279.01,4279,PC,2.0976705,12.8941,1737.52,11.2851,628.105,5914.8,3.59,2.77
428.01,428,APC,0.6333315,6.24344,451.285,7.82829,121.888,5713.0,3.67,2.35
4280.01,4280,PC,3.518972,13.7987,650.74,13.1296,709.048,5972.0,4.35,1.16
4281.01,4281,PC,5.7626055,,281.843,13.1335,,5558.7,,
4282.01,4282,PC,13.5098037,16.3981,47.2072,12.0797,334.396,5780.0,4.51,0.94
4283.01,4283,PC,3.0131053,17.061,1049.56,11.227,417.879,6838.0,4.32,1.4
4284.01,4284,PC,3.5008785,14.5866828,1774.627038,13.0528,1038.06,5759.0,4.3,1.8056901
4285.01,4285,PC,1.1703152,9.82528,2357.73,12.9526,746.443,6328.0,4.36,1.23
4286.01,4286,PC,1.0268508,3.2806,2280.33,13.5159,415.392,4938.0,4.49,0.85
4287.01,4287,PC,4.2337624,14.6498,360.852,12.5483,939.295,6387.0,4.0,1.86
4288.01,4288,PC,6.0597,8.06637,21.9969,13.1853,372.21,5036.0,4.54,0.82
4289.01,4289,PC,2.9757428,18.7018,1810.83,12.0021,610.604,6025.0,3.81,2.18
429.01,429,PC,,9.33426,229.346,10.1672,120.218,5216.0,4.43,0.98
4290.01,4290,PC,1.1771655,2.93951,695.522,12.1412,228.13,5313.0,4.59,0.8
4291.01,4291,PC,12.1525595,10.0438,232.183,13.3404,753.31,6029.0,4.27,1.28
4292.01,4292,FP,1.7201092,9.82252,1736.59,13.0566,641.969,5878.0,4.36,1.13
4293.01,4293,PC,1.6242109,14.9916,1180.41,12.6211,472.755,5705.0,4.39,1.06
4294.01,4294,PC,2.4330551,,359.358,13.5137,726.227,5512.0,,
4295.01,4295,PC,11.3929129,10.0728,81.354,13.4783,575.978,5217.0,4.28,1.14
4296.01,4296,PC,19.9706574,3.1454612,24.4738096,10.4161,115.716,4985.0,4.45,0.899081
4297.01,4297,PC,16.5272651,2.9241556,27.0141494,10.8724,132.887,5030.0,4.53132,0.821739
4298.01,4298,PC,722.2619756,2.7207078,0.6771439,9.1259,125.077,5857.0,4.26578,1.22059
4299.01,4299,PC,6.6019866,3.55715,1325.35,10.2696,284.376,6758.0,4.28,1.45
430.01,430,FP,0.58644,2.31276,6607.5,8.2482,66.5727,5997.7,,1.0
4300.01,4300,FP,0.8062768,9.05313,18112.6,9.9747,668.389,7311.1,4.16,3.37
4301.01,4301,PC,6.5445251,2.62701,94.6613,10.1737,143.833,5686.0,4.46,0.98
4302.01,4302,PC,38.7619532,2.5255313,13.958848,10.2891,132.802,5653.0,4.55306,0.876001
4303.01,4303,PC,8.6110844,4.3063675,716.9343478,9.4623,256.048,6908.0,4.12055,1.76524
4304.01,4304,KP,15.5718552,2.44317,115.206,8.4642,106.289,6352.33,4.30502,1.31
4304.03,4304,KP,31.7180208,2.2998049,55.617465,8.4642,106.289,6352.33,4.30502,1.30883
4305.01,4305,PC,183.0019106,5.5931205,22.4438469,7.8459,159.007,6200.0,3.63371,2.7539101
4305.02,4305,PC,374.3644315,5.1223706,8.6426188,7.8459,159.007,6200.0,3.63371,2.7539101
4306.01,4306,CP,2.7299049,1.3513606,4.0669768,14.2683,32.4298,2887.0,5.15917,0.155498
4307.01,4307,PC,32.696666,1.3159881,33.7475807,6.6418,36.0469,6079.16,4.438,1.09843
4307.02,4307,PC,4.6545798,0.5531037,454.0182322,6.6418,36.0469,6079.16,4.438,1.09843
4308.01,4308,CP,9.1512776,2.45142,55.3616,10.339,108.932,5015.0,4.47652,0.79
4309.01,4309,PC,87.22287,2.5058764,6.3790933,9.456101,75.7444,5220.0,4.54936,0.829943
431.01,431,CP,12.4610086,3.2809492,28.3587888,8.1705,32.5686,4891.0,4.62,0.726632
431.02,431,CP,0.4900589,1.4741529,2120.4474663,8.1705,32.5686,4891.0,4.62,0.726632
4310.01,4310,PC,739.1670007,2.6735992,0.0724872,9.4961,40.0268,4159.0,4.53501,0.721084
4311.01,4311,PC,15.0700779,2.7293235,35.2598429,10.7236,134.988,5159.0,4.519,0.850729
4311.02,4311,PC,0.9902892,1.4156529,1329.6938235,10.7236,134.988,5159.0,4.519,0.850729
4312.01,4312,FA,726.1175225,2.4385296,0.6393259,10.4779,40.9223,3808.0,4.69366,0.55033
4313.01,4313,PC,6.8227645,3.6003512,832.7758427,9.6032,232.521,5781.0,3.82788,2.0587699
4314.01,4314,FA,73.580982,3.3991025,57.7754894,8.22109,158.797,7802.0,4.21386,1.76118
4315.01,4315,PC,8.2861614,2.2912229,109.7988765,10.2768,134.093,5809.0,4.56733,0.914215
4316.01,4316,KP,20.2730282,10.4386,20.4393,12.7462,413.591,5742.0,4.58473,0.86
4317.01,4317,PC,358.2825093,3.8800495,0.3201261,10.0121,67.368,4354.29,4.39555,0.865987
4318.01,4318,PC,1.1343824,1.7532446,1466.6875463,10.3687,120.871,5683.0,4.58721,0.846842
4319.01,4319,PC,,6.5519689,4.8945816,10.82,83.6486,4438.0,4.438,0.725033
432.01,432,FP,2.24704,18.1799,1793.26,12.6038,746.646,6846.0,4.23,1.2
4320.01,4320,PC,25.1290153,1.93226,25.7431,8.6022,79.208,5871.0,4.43296,1.04
4320.02,4320,FA,46.4093732,2.1862997,17.1730953,8.6022,79.208,5871.0,4.43296,1.03563
4321.01,4321,PC,,3.3520677,431.0470784,7.3016,110.275,6163.97,3.72396,2.4612
4322.01,4322,PC,13.4190972,2.4168515,123.7286797,10.162,188.964,5914.2,4.30929,1.20531
4323.01,4323,FA,14.6762658,2.8523348,3.139825,12.531,70.7878,3414.0,4.77364,0.458861
4323.02,4323,FA,21.9692578,4.1061739,1.8336046,12.531,70.7878,3414.0,4.77364,0.458861
4324.01,4324,PC,6.2509468,1.1306823,8.76241,9.75311,17.038,3479.0,4.8309,0.395397
4325.01,4325,PC,1.6500673,2.3990078,60.7790529,11.8206,51.0354,3896.0,4.70541,0.454049
4326.01,4326,PC,1826.0790324,2.7599003,6.5512188,7.7158,57.7233,6034.49,4.42122,1.07903
4327.01,4327,PC,0.8303285,3.44971,691.538,12.1285,84.4016,3672.0,4.68064,0.57
4328.01,4328,PC,703.79367,1.860295,0.3066589,7.7679,25.0039,4709.0,4.57486,0.739835
4329.01,4329,CP,2.9224661,20.8842189,3990.5716341,11.8832,717.128,5520.0,3.55,2.7442901
433.01,433,FP,1.17409,49.6799,34547.8,9.1414,547.126,8242.0,3.61,3.67
4330.01,4330,FP,3.3513304,17.7728,295.994,7.6581,290.313,4886.0,,8.71
4331.01,4331,PC,2.9034242,6.62177,554.218,10.1952,346.327,5992.0,3.77,2.25
4332.01,4332,PC,5.4468377,4.39864,631.423,9.783,269.304,6793.0,4.15,1.68
4333.01,4333,PC,8.9021443,9.954598,597.3455143,9.326,212.956,6606.0,4.09,1.7521
4334.01,4334,PC,8.2197647,7.65998,70.2704,10.2591,398.085,6657.0,3.93,2.12
4335.01,4335,FP,4.5006638,14.2378,25501.0,11.5124,636.157,8933.0,4.45175,1.48
4336.01,4336,CP,16.3363665,2.0492403,1.6932987,11.0196,22.5455,3365.0,4.89744,0.326568
4337.01,4337,FP,2.2887763,2.8057654,99.2660496,11.1567,65.1329,3953.0,4.6489,0.617703
4338.01,4338,APC,7.4997774,10.1994,475.6053843,10.0865,219.732,4979.2,3.92,1.91
4339.01,4339,FP,1.2540806,10.3493319,73.5478383,14.0644,123.032,3455.0,4.82691,0.399724
434.01,434,KP,4.3888516,13.8994523,192.2328216,12.8461,362.273,5175.0,4.46488,0.877856
4340.01,4340,PC,2.6680587,3.45609,1634.14,10.0116,231.084,6406.0,4.23,1.44
4341.01,4341,FA,18.4043334,1.2834433,0.2638693,13.7827,23.7607,2891.0,5.22041,0.133376
4342.01,4342,CP,5.538329,2.2721409,27.6818339,11.0318,61.5204,3883.0,4.65275,0.598175
4342.02,4342,CP,10.6886084,2.4642245,11.5205083,11.0318,61.5204,3883.0,4.65275,0.598175
4343.01,4343,PC,11.5418525,1.8822681,92.6547078,11.255,242.572,6112.0,4.5884,0.901955
4344.01,4344,PC,731.4808779,3.2537107,1.6906613,9.4826,232.265,5854.0,3.83792,2.0546
4345.01,4345,PC,12.8910022,2.3547529,3826.582755,14.752,983.721,31000.0,5.59962,0.18
4346.01,4346,FP,3.9077116,1.5722799,50.3800695,12.4375,130.457,3917.0,4.61771,0.64011
4347.01,4347,PC,35.3573239,4.0299536,112.9275005,8.83419,195.126,7607.0,4.31008,1.56285
4348.01,4348,PC,602.2450921,2.8742544,2.036164,8.3987,136.786,6128.0,3.96225,1.8626699
4349.01,4349,PC,749.1605231,2.343896,0.033452,11.7463,72.4603,3851.0,4.71539,0.558169
435.01,435,PC,3.352907,5.2933196,76.2487269,12.9383,165.285,3978.0,4.438,0.672832
4350.01,4350,PC,4.8759656,1.4450569,440.1721572,8.9504,103.01,5937.0,4.35104,1.1487499
4351.01,4351,PC,20.1459438,2.4401617,28.3520842,11.0155,169.402,5303.0,4.4996,0.888701
4352.01,4352,PC,11.8918633,1.692303,55.1801287,9.3391,78.6946,5461.0,4.57288,0.834552
4353.01,4353,PC,718.1809317,1.3653089,0.4312565,10.3347,25.1426,3614.0,4.80335,0.425623
4354.01,4354,PC,10.6306165,2.7943472,100.1839963,10.1075,140.228,5737.0,4.47544,0.969791
4355.01,4355,PC,,3.0678483,1.6848896,7.2298,76.6142,5423.0,3.73635,2.1748199
4356.01,4356,PC,579.6472035,4.054669,2.0849393,9.2546,204.982,6855.0,4.20414,1.5925601
4357.01,4357,FP,1.8141215,1.3180464,1468.5674284,10.5385,189.148,5789.58,4.35115,1.12713
4358.01,4358,PC,97.6087634,2.3777411,3.4586932,8.9077,66.1798,5830.0,4.57203,0.823673
4359.01,4359,FP,2.4360845,2.46916,1556.22,9.5115,177.018,6529.0,4.33,1.32
436.01,436,FP,1.8756,,40.3912973,13.0734,77.5383,3549.7,4.87,
4360.01,4360,PC,3.0749507,1.6050039,12.6973754,12.747,43.2301,3246.0,4.91671,0.308247
4361.01,4361,PC,741.4255896,2.7683483,0.6112359,8.6661,98.2063,5944.0,4.30249,1.22039
4362.01,4362,PC,7.5480612,2.8270616,618.5525736,8.4592,135.183,6688.0,4.19679,1.57319
4363.01,4363,PC,2.118659,1.8325534,144.785351,11.2473,77.7751,4002.0,4.5511,0.69132
4364.01,4364,PC,5.4240691,2.093707,13.3328224,11.3993,43.9662,3500.0,4.76752,0.465777
4365.01,4365,PC,3.3784254,4.57722,477.405,10.3593,253.221,6311.0,4.23,1.41
4366.01,4366,PC,2.6374449,4.35478,264.845,10.1441,245.444,5355.0,3.82,1.96
4367.01,4367,PC,2.5025812,4.90076,8453.85,9.462,87.7559,5603.0,4.49875,0.91
4368.01,4368,FP,4.4518604,34.0312942,26875.974397,10.0199,882.905,8353.8,4.1,3.60934
4369.01,4369,PC,13.576858,3.5804,234.695,9.329001,311.844,6730.0,3.8,2.5
437.01,437,KP,2.7439029,11.9292388,306.4170427,13.5452,446.035,4860.0,4.438,0.885702
4370.01,4370,PC,2.5610662,2.3454,3075.23,9.32312,211.98,6161.0,3.95,1.9
4371.01,4371,PC,1.0604139,4.5487,4172.86,10.2089,261.247,5801.2,4.22,1.62
4372.01,4372,PC,3.2751914,2.81574,457.343,10.4286,150.664,5496.0,,1.03
4373.01,4373,PC,5.9423119,5.82885,281.66,9.8459,302.514,7217.6,4.11,1.63
4374.01,4374,PC,13.2689495,7.74981,328.707,10.1908,795.894,9635.0,3.92,2.85
4375.01,4375,FP,5.9685742,6.64236,1041.97,9.4128,689.355,10390.0,3.79,3.44
4376.01,4376,PC,1.6089592,4.49321,5042.03,10.2973,454.074,7029.0,3.86,2.42
4377.01,4377,CP,4.3771602,13.942648,431.0953933,10.7934,455.82,4913.0,,3.41348
4378.01,4378,PC,1.0690665,9.4235411,3231.5182291,11.7993,355.943,5930.0,4.36195,1.13442
4379.01,4379,PC,3.2535266,16.5212632,2886.0941768,11.8994,645.158,6368.0,3.91383,2.06072
438.01,438,PC,5.8123508,2.8132678,113.1261881,9.4464,72.4646,5210.8,4.58,0.796856
4380.01,4380,PC,1.3290008,,1785.0718666,11.2211,,5780.0,4.438,
4381.01,4381,PC,1.4974223,16.7115651,846.5055834,12.2907,289.745,5377.0,4.5569,0.841058
4382.01,4382,PC,10.6895417,3.7848,281.558995,9.3397,164.406,6255.0,4.19885,1.45476
4383.01,4383,FP,3.0421334,16.8899988,4675.4937303,9.8062,335.446,5715.4,3.92,2.40325
4384.01,4384,PC,14.3171998,6.37558,513.65,9.657,283.585,7596.0,4.27063,1.61
4385.01,4385,PC,9.2172172,14.1810894,1556.8674784,10.6163,612.688,6840.0,3.72526,2.7639699
4386.01,4386,PC,2.0134389,5.85423,1252.91,9.7688,351.087,8127.0,4.24828,1.75
4387.01,4387,PC,3.562038,16.7501675,4654.1090944,10.8267,631.098,7042.0,3.85746,2.42923
4388.01,4388,PC,4.4742339,5.7449202,277.8078259,12.0996,284.225,5225.05,4.35079,1.04312
4389.01,4389,APC,11.4041935,18.1901191,1064.6019947,9.50494,330.437,6160.0,3.55136,3.0048201
439.01,439,KP,3.85589,14.5222913,1062.0298035,11.7231,488.66,6244.5,4.21,1.43256
4390.01,4390,PC,4.3954444,,122.602,9.4148,,5095.6,,
4391.01,4391,PC,5.2910096,,,7.301,162.338,,,
4392.01,4392,PC,3.9693722,6.3435,1088.68,9.2752,307.139,7030.0,3.86,2.43
4393.01,4393,PC,2.2676081,6.4197,541.948,10.4708,359.343,5958.0,3.87,2.0
4394.01,4394,FP,1.491916,26.399811,132008.3553386,10.3355,1337.35,9747.0,3.54,4.42729
4395.01,4395,PC,3.7590079,7.61924,3166.13,9.087,483.206,9505.0,3.83,3.13
4396.01,4396,FP,7.4398211,5.48138,435.566,10.0288,205.112,5822.0,4.14,1.45
4397.01,4397,FP,2.6646183,4.25649,32848.2,10.4304,458.16,11526.0,4.56,1.52
4398.01,4398,APC,5.7525195,,,9.933,213.41,,,
4399.01,4399,CP,7.7121208,3.004038,219.2841258,7.7582,58.5146,5985.4,4.4,1.08958
440.01,440,FP,1.0817,2.07554,2462.7009749,7.6818,49.3375,5759.2,4.45,1.02
4400.01,4400,PC,7.0642486,19.7963184,474.1821245,11.943,534.436,5478.8,4.4,1.63563
4401.01,4401,PC,0.450264,1.7032799,4762.264913,11.0876,180.524,5366.0,4.49884,0.898718
4402.01,4402,PC,3.6989939,1.6399568,600.2525597,9.8429,151.543,5811.0,4.33357,1.15018
4403.01,4403,PC,4.4620528,3.0395927,1062.111837,10.7888,339.264,5515.2,3.91,1.72395
4404.01,4404,PC,39.6244593,16.7643991,48.5323772,10.7108,286.115,5869.0,4.07271,1.56795
4405.01,4405,PC,5.9214231,2.8781652,48.1558813,12.3813,155.501,4361.0,4.59663,0.687025
4405.02,4405,PC,1.0929203,1.3599954,458.2468016,12.3813,155.501,4361.0,4.59663,0.687025
4406.01,4406,CP,30.083503,12.1275255,58.0053608,10.5663,261.834,5906.5,4.16721,1.41293
4407.01,4407,PC,7.1366507,3.3078706,170.5007507,10.9015,199.286,5559.0,4.41401,1.01775
4408.01,4408,PC,2.054238,3.5135858,182.7664593,13.2896,234.682,4389.0,4.64365,0.655595
4409.01,4409,PC,92.4918048,7.7703331,2.0465559,11.8911,179.419,4930.5,,0.732008
441.01,441,FP,2.87436,7.91346,2011.82,9.19901,183.952,6805.0,4.26,1.44
4410.01,4410,PC,26.0179101,2.5512622,26.2295252,10.5978,162.42,5489.0,4.44576,0.913252
4411.01,4411,KP,13.7748361,2.67656,114.929,9.15722,160.125,6266.98,4.19069,1.47
4412.01,4412,PC,2.0340967,6.38274,4644.28,10.2956,389.597,6849.0,3.99,2.05
4413.01,4413,PC,4.4719937,1.08366,214.229,9.6256,92.9715,5364.0,4.5,0.89
4414.01,4414,FP,1.8697825,,,10.3147,,,,
4415.01,4415,PC,1.830108,,,10.0209,455.557,,,
4416.01,4416,PC,9.3305377,15.2895,299.515,9.5378,236.604,6238.0,3.94,1.96
4417.01,4417,PC,5.2574854,2.88855,69.4717,9.3456,56.8503,4846.0,4.57,0.76
4418.01,4418,PC,7.6247217,2.26441,42.4746,10.0819,101.606,5343.0,4.58,0.82
4418.02,4418,PC,25.7086236,2.81726,13.2098,10.0819,101.606,5343.0,4.58,0.82
4419.01,4419,PC,16.155134,2.42196,39.0235,10.3468,163.32,5785.0,4.45,1.01
442.01,442,CP,4.0520368,4.9523134,38.5441194,10.7329,52.616,3779.0,4.64,0.607751
4420.01,4420,PC,4.7259317,16.7543131,1342.2730931,9.550201,230.661,6203.0,3.98,1.85891
4421.01,4421,FP,21.7004042,3.16777,224.371,10.4078,300.427,5788.7,4.22,1.78
4422.01,4422,PC,4.90826,15.7889,4791.11,9.944,359.619,7995.0,4.2,1.83
4423.01,4423,FP,1.3875331,3.16086,13423.0,10.4425,182.238,5678.0,4.33,1.14
4424.01,4424,PC,17.7424733,2.00179,12.8216,9.8496,67.266,4926.2,4.67,0.69
4425.01,4425,PC,5.412802,11.0171044,776.5799485,9.3777,175.367,6468.0,4.22,1.47364
4426.01,4426,KP,3.905126,14.5499431,300.1569738,14.5787,914.699,5381.0,4.45342,0.947475
4427.01,4427,PC,4.6182631,13.3976162,204.8121523,11.3427,198.251,5328.0,4.50337,0.889218
4428.01,4428,KP,1.8555745,14.8951809,2077.5291591,13.9174,1093.08,5651.75,4.13988,1.40959
4429.01,4429,PC,3.4505658,12.8140087,432.6350726,12.7714,461.898,5402.0,4.37462,1.04301
443.01,443,KP,3.3106692,13.382013,1061.5542425,12.0682,516.543,6030.0,4.22,1.3514301
4430.01,4430,PC,6.6363577,12.2701,543.643,12.8668,665.068,5490.0,4.09312,1.46
4431.01,4431,KP,4.8854844,18.1759557,1459.3547301,12.4532,922.562,5974.0,3.84282,2.0812199
4432.01,4432,PC,3.0413391,25.3471107,201.6318379,12.5386,209.435,4034.0,4.21431,1.02777
4433.01,4433,FP,0.9023951,,2991.0733649,14.2502,833.364,5780.0,4.438,
4434.01,4434,KP,2.6843081,13.9748499,651.2557496,13.814,758.753,5616.02,4.4174,1.01895
4435.01,4435,KP,3.5256535,12.1210086,189.762184,14.6147,686.284,5003.05,4.56877,0.783768
4436.01,4436,PC,1.7590566,20.9577864,5910.4855015,11.8931,621.061,6250.0,3.91912,1.9992501
4437.01,4437,PC,5.8929985,16.0223,342.766,13.0024,686.482,6182.0,4.3753,1.17
4438.01,4438,CP,7.4463034,2.4048644,5.6286114,11.2695,30.0346,3353.0,4.84911,0.375859
4439.01,4439,PC,3.3792358,13.059562,395.4518688,13.8686,714.501,5529.0,4.47066,0.948617
444.01,444,CP,17.9635083,3.2970197,23.4693523,9.0567,57.3973,5229.0,4.55429,0.794471
4440.01,4440,KP,4.0822894,,399.7768506,14.6979,1071.8,5780.0,4.438,
4441.01,4441,PC,4.3753714,18.673261,2658.9801496,11.0477,627.308,7305.0,4.05424,1.99827
4442.01,4442,PC,4.0434287,16.7752,827.311,13.4835,1435.21,6557.0,4.08473,1.75
4443.01,4443,PC,1.8498567,1.7193265,1194.2103654,7.9147,56.0739,5834.0,4.44433,1.0173301
4443.02,4443,PC,10.3088724,2.2122841,120.8695,7.9147,56.0739,5834.0,4.44433,1.0173301
4444.01,4444,PC,5.2410659,12.4231453,528.7500273,13.5728,989.963,6064.0,4.27292,1.28562
4445.01,4445,KP,4.2253498,8.8893197,342.3014046,13.4584,630.785,5501.0,4.39363,1.03122
4446.01,4446,KP,2.4552388,12.9928631,77.5068035,14.9826,381.949,3792.0,4.63873,0.614823
4447.01,4447,PC,4.1596837,10.0262443,74.58191,13.5868,268.37,4230.0,4.55383,0.711036
4448.01,4448,KP,1.0186989,,2544.6509492,14.956,,5780.0,4.438,
4449.01,4449,PC,2.7519172,13.4019,328.515,10.3446,213.604,5856.0,4.25,1.28
445.01,445,PC,0.7649571,12.9538,12939.9,9.1577,176.617,6307.9,3.97,1.65
4450.01,4450,PC,10.6925011,4.01292,93.3426,10.5801,210.858,5844.0,4.34318,1.15
4451.01,4451,PC,8.8517354,3.6624912,190.2722086,8.5608,87.8966,6138.0,4.43818,1.07689
4452.01,4452,PC,3.4149091,13.9171881,537.9836369,13.5167,718.574,5480.0,4.31394,1.13032
4453.01,4453,FP,2.9985667,17.8036847,748.0922226,13.7703,880.941,6126.0,4.46702,1.04172
4454.01,4454,KP,3.1208396,16.2108254,744.4110758,14.3168,1145.28,5983.0,4.3973,1.09921
4455.01,4455,KP,1.5449334,10.7011777,3717.1991885,12.8939,822.96,6136.25,4.15767,1.4874001
4456.01,4456,KP,4.9427985,15.3204961,469.3399619,13.2394,739.412,5550.93,4.18442,1.32567
4457.01,4457,KP,3.2175184,10.5529773,393.9910424,14.3258,843.695,5549.0,4.50842,0.912927
4458.01,4458,PC,3.939371,13.6344163,1989.8418083,11.0672,505.432,5904.4,3.84,2.0955601
4459.01,4459,PC,5.7475343,6.43097,12.9407,14.3668,254.968,3750.0,4.67041,0.58
446.01,446,APC,3.5018023,22.103526,1744.6608389,11.921,674.155,6383.9,4.03,1.66889
4460.01,4460,PC,28.6648749,3.15161,117.442,10.3859,82.2168,4818.0,4.65,0.69
4461.01,4461,PC,3.7006742,2.61277,1434.65,10.4787,106.424,5025.0,4.56,0.79
4462.01,4462,PC,4.9133022,9.33912,999.403,10.445,368.922,5918.0,3.84,2.06
4463.01,4463,CP,2.88069,22.4297,678.487,10.4673,173.117,5541.0,4.36,1.09
4464.01,4464,PC,8.0379975,7.65886,83.2088,9.12551,360.444,5022.0,,5.14
4465.01,4465,PC,,11.62,130.528,9.85277,121.139,5557.0,4.44,0.99
4466.01,4466,KP,5.0141991,13.4911728,1233.0979889,13.3926,1249.41,6669.0,4.12805,1.69675
4467.01,4467,KP,7.7942155,4.9169842,112.1124314,11.8933,268.041,5461.54,4.50982,0.897403
4468.01,4468,PC,2.7708596,12.2577,208.594,13.2847,375.517,4975.0,4.55845,0.79
4468.02,4468,PC,7.014001,3.6528621,75.6935339,13.2847,375.517,4975.0,4.55845,0.789304
4469.01,4469,KP,2.6634154,13.6857367,113.6142497,14.1959,305.3,4051.0,4.54826,0.701369
447.01,447,APC,5.5292743,23.5458512,549.2969498,8.8695,126.177,6350.0,4.34,1.26396
4470.01,4470,KP,2.2185748,13.3010355,348.1506195,6.8481,19.7638,5023.0,4.58,0.776484
4471.01,4471,KP,3.2432488,14.5800064,631.4204214,14.4394,1140.95,5778.0,4.37783,1.09304
4472.01,4472,KP,8.6004516,14.548121,862.8947232,13.1981,1418.77,6011.95,3.75585,2.3108399
4473.01,4473,KP,3.7970076,11.7557579,218.0029128,14.148,646.647,5211.36,4.54655,0.832631
4474.01,4474,KP,3.3119026,10.9625327,487.2033805,13.692,698.646,5355.0,4.33005,1.09206
4475.01,4475,KP,3.578757,12.1416042,445.8323379,13.4231,639.411,5482.59,4.36922,1.06062
4476.01,4476,KP,1.5947535,14.3739674,1761.2885419,15.0236,1490.94,5703.0,4.31786,1.15986
4477.01,4477,FP,7.8127906,22.0599,2051.05,11.7018,782.732,8451.0,4.00707,2.38
4478.01,4478,PC,2.7586362,7.78435,787.087,11.4682,296.293,5774.0,4.32015,1.17
4479.01,4479,CP,1.1589013,2.6829722,88.1856149,12.9374,80.6532,3449.0,4.80176,0.427389
448.01,448,CP,0.8820624,8.3888941,983.4245957,13.1686,308.262,4669.0,4.52,0.782888
4480.01,4480,KP,3.8493846,16.8088001,6689.7863925,11.0418,788.238,5843.47,3.27448,3.9119101
4481.01,4481,PC,0.9263237,1.67823,303.547,8.72762,12.0445,3573.0,4.80376,0.43
4482.01,4482,KP,2.8164979,14.4894174,539.3972356,14.4889,939.744,5413.0,4.39994,1.0130399
4483.01,4483,KP,1.752217,20.3177656,282.3101387,15.1403,565.541,4355.0,4.53128,0.740712
4484.01,4484,PC,2.6890703,15.2271225,248.5292583,15.0893,734.772,4844.0,4.54518,0.785703
4485.01,4485,KP,7.3405675,16.7317044,378.0645504,13.9154,1177.55,5828.81,4.14418,1.4372801
4486.01,4486,KP,2.6915408,17.4501,4392.03,9.93225,350.351,6955.0,4.04,1.96
4487.01,4487,PC,3.9540617,13.1238,792.078,11.4923,479.145,5773.0,4.03,1.69
4488.01,4488,KP,4.45417,13.8017218,233.7193811,14.3945,751.776,5353.54,4.47701,0.922087
4489.01,4489,KP,2.7974757,12.0149088,412.3913581,12.7678,390.594,5477.0,4.54393,0.867368
449.01,449,KP,2.1751729,18.7874019,4812.6238237,11.8282,754.258,6291.0,3.9,2.0625999
4490.01,4490,KP,2.0523417,22.5105621,1327.2498679,14.7344,1302.33,5767.0,4.31546,1.16875
4491.01,4491,PC,5.006622,2.22447,47.6469,10.4382,46.4488,4006.0,4.68,0.6
4492.01,4492,PC,4.4331838,12.5157,430.349,9.63105,143.184,5667.0,4.24,1.26
4493.01,4493,PC,1.5076298,4.68666,820.873,8.94942,181.32,4954.0,,2.82
4494.01,4494,PC,32.535016,,33.301,7.3664,54.9701,6303.8,,
4495.01,4495,PC,5.1830043,3.63045,346.626,9.00568,132.214,6156.0,4.25196,1.34
4495.02,4495,PC,2.5693728,2.18392,1001.28,9.00568,132.214,6156.0,4.25196,1.34
4496.01,4496,PC,1.18803,,2072.9370109,9.159,264.751,,,
4497.01,4497,PC,3.6001959,16.1928,1141.26,10.3544,395.542,7172.0,4.16,1.75
4498.01,4498,FP,5.3073459,2.05347,494.046,7.948,79.4746,5821.4,4.16,1.42
4499.01,4499,PC,3.4902115,2.05978,555.873,10.1293,175.743,6111.0,4.43,1.09
4499.02,4499,PC,5.5387718,2.07738,366.683,10.1293,175.743,6111.0,4.43,1.09
450.01,450,APC,10.7148661,14.037554,3.1541502,12.4258,53.5063,3054.0,4.438,0.422267
4500.01,4500,FP,1.773346,7.95884,6411.52,10.351,604.164,6802.0,3.63,3.08
4501.01,4501,PC,2.0348789,3.57655,93196.9,8.46837,334.551,8279.0,3.81,2.94
4502.01,4502,FP,0.8560277,3.15801,46825.3,8.716291,413.683,11798.0,4.18,2.38
4503.01,4503,PC,710.6982018,2.0928405,0.8364817,9.0803,62.505,5334.0,4.6001,0.796254
4504.01,4504,PC,82.9294114,11.4756331,0.2639044,12.5542,342.605,5271.0,4.43,0.960919
4504.02,4504,PC,2.4261538,2.6600255,548.0543839,12.5542,342.605,5271.0,4.43,0.960919
4505.01,4505,PC,19.4723789,17.3337286,289.5679511,10.4223,421.749,7182.7,4.24,1.9674799
4506.01,4506,PC,5.4107024,2.9859726,1.9002158,13.6343,,2938.0,5.14513,0.185013
4507.01,4507,PC,104.6162557,15.8235575,23.5777503,10.2301,178.26,6115.26,3.90726,1.97585
4508.01,4508,PC,3.4672779,2.1135466,13.9606166,11.8371,33.4412,3383.0,4.89132,0.332564
4509.01,4509,PC,,10.4883207,18.6516855,11.4003,629.031,6930.0,4.10087,1.81171
451.01,451,CP,16.364873,3.9248322,38.2371999,10.2666,123.739,5481.0,4.56,0.856226
451.02,451,CP,1.8586624,1.9323657,695.1879631,10.2666,123.739,5481.0,4.56,0.856226
451.03,451,CP,9.1910792,2.7251006,82.5177911,10.2666,123.739,5481.0,4.56,0.856226
4510.01,4510,PC,194.2432864,4.4714848,12.3017271,10.3607,373.289,7923.0,4.35405,1.5184
4511.01,4511,PC,20.9040576,4.53003,419.568,9.81932,121.832,5708.0,4.44413,1.0
4511.02,4511,PC,10.9776867,5.76837,938.995,9.81932,121.832,5708.0,4.44413,1.0
4512.01,4512,KP,19.5620458,3.2870868,10.9554543,11.2723,99.9293,4246.8,4.5,0.758892
4513.01,4513,PC,9.7607632,2.22799,30.3621,9.96064,102.609,5558.0,4.62634,0.8
4514.01,4514,KP,2.7535993,10.7107,227.759,13.1361,361.155,5032.08,4.49678,0.86
4515.01,4515,CP,15.2664658,12.2663968,42.2986706,11.302,193.499,5420.82,4.52994,0.874078
4516.01,4516,KP,3.7224626,11.4694856,184.988035,10.9332,124.73,4926.0,4.51771,0.82064
4517.01,4517,KP,1.2089755,1.68645,325.749,9.0684,29.661,4199.0,4.65321,0.63
4518.01,4518,KP,3.408833,14.2632,695.65,11.6238,348.494,6134.0,4.41,1.11
4519.01,4519,PC,5.8903558,,245.1888178,13.4911,,5780.0,4.438,
452.01,452,KP,4.7633952,10.2196833,183.2394519,11.9012,246.384,5258.0,4.51,0.87551
4520.01,4520,KP,3.2047072,,,13.1749,537.963,5342.0,,
4521.01,4521,KP,3.0717182,12.0054949,279.7736168,11.4825,176.818,5082.0,4.5108,0.848394
4522.01,4522,FP,0.3643225,6.9527391,329.3048956,15.6615,233.735,3473.0,4.87657,0.347331
4523.01,4523,KP,2.7186256,12.4543,616.33,11.021,275.994,6427.0,4.52834,1.03
4524.01,4524,CP,0.9260632,1.67736,1025.84,8.1359,63.6796,5640.0,4.35,1.11
4525.01,4525,KP,2.4841975,13.3413,383.047,10.931,294.001,6089.0,4.28,1.28
4526.01,4526,KP,2.2602655,2.7262374,21.3031001,13.3455,62.9969,3236.0,4.88,0.341024
4527.01,4527,PC,0.3994445,0.9086617,571.5071504,9.16764,18.1037,3702.0,4.75,0.485948
4528.01,4528,FA,4.0249712,10.8574371,110.8444857,12.806,220.761,4492.0,4.51578,0.770497
4529.01,4529,PC,5.8795752,1.8721219,14.6088648,10.1406,28.384,3611.0,4.74,0.492759
453.01,453,KP,2.70582,18.4904,3557.29,9.538961,275.664,6441.6,3.91,2.1
4530.01,4530,KP,3.6528112,12.6675004,340.5513253,12.2192,300.384,5610.0,4.51915,0.907682
4531.01,4531,KP,4.53347,13.221703,501.4020843,12.1796,453.099,5846.0,4.31,1.1971
4532.01,4532,KP,5.8176452,11.6459,277.39,13.0121,635.722,5633.4,4.27,1.22
4533.01,4533,KP,2.1747824,1.79105,174.942,11.375,115.461,4542.0,4.58,0.71
4534.01,4534,KP,2.849282,4.75272,115.305,12.3071,159.522,4279.0,4.53,0.74
4535.01,4535,KP,4.0984741,14.8366922,319.8755104,12.5489,333.042,5198.0,4.33,1.0639499
4536.01,4536,KP,4.0460644,18.2851,6586.47,10.5559,376.658,6404.0,4.03,1.81
4537.01,4537,PC,6.6629951,3.7022837,257.0820256,8.1954,70.2468,5975.0,4.42,1.07392
4538.01,4538,KP,7.1385672,3.60516,63.7967,11.2451,154.961,5144.5,4.6,0.77
4538.02,4538,KP,3.4715644,2.65245,304.054,11.2451,154.961,5144.5,4.6,0.77
4539.01,4539,KP,4.1591488,12.1616,417.295,11.29,264.78,5576.0,4.34,1.11
454.01,454,APC,18.0826084,3.911716,11.0589985,9.441,78.7806,3321.0,4.95373,0.296
4540.01,4540,PC,2.5048178,3.9467,448.655,12.9485,427.038,5328.0,4.47,0.92
4541.01,4541,APC,1.1339769,,609.124,10.027,337.7234,5986.2,,
4542.01,4542,PC,5.9167817,18.1119,18.5055,12.2614,284.21,4781.0,4.29,1.05
4543.01,4543,PC,5.7740318,24.6129,660.328,6.7943,,4837.8,,3.19
4544.01,4544,KP,8.2000875,2.7997542,58.2025038,11.2867,141.731,4865.6,4.54,0.793476
4545.01,4545,KP,4.0248735,11.6786,97.8595,12.813,232.801,4492.0,4.52,0.75
4546.01,4546,PC,0.745637,7.71235,3906.17,10.0376,329.537,6984.0,4.04,1.96
4547.01,4547,KP,3.0026215,14.0672,4289.27,12.1112,491.87,5630.0,4.11,1.45
4548.01,4548,PC,4.6003967,5.39503,82.7066,9.962,165.593,5970.5,,1.59
4549.01,4549,PC,3.3129214,4.28877,260.965,12.8466,456.122,5512.0,4.44,0.98
455.01,455,CP,5.358776,1.4454154,6.2795537,8.84294,6.86929,3562.0,4.97389,0.275953
4550.01,4550,PC,1.8868668,4.74953,8350.15,9.7741,554.449,7751.0,3.81,2.57
4551.01,4551,CP,9.956296,8.32411,1247.74,9.02765,215.986,4956.0,,3.38
4552.01,4552,PC,0.3011506,1.2801124,263.5186329,11.9251,27.2684,3304.0,4.96212,0.286178
4553.01,4553,PC,20.3129649,10.8026737,133.0991422,10.4895,309.746,6490.0,4.23,1.4658999
4554.01,4554,PC,39.1076478,1.4669377,10.4193507,9.6632,88.0207,5490.0,4.61819,0.796293
4555.01,4555,PC,522.6272677,2.2445426,1.4505715,8.1676,96.7153,6199.0,4.21534,1.40973
4556.01,4556,PC,3.7924221,1.5602624,6.9863349,13.0454,36.6717,3319.0,5.03236,0.218553
4557.01,4557,PC,32.2924417,5.3693497,34.1632596,10.3342,220.465,6013.0,4.438,1.23318
4558.01,4558,PC,6.5812768,1.6765354,241.9466004,8.7147,145.248,5217.0,4.438,2.2631199
4559.01,4559,PC,3.9649849,1.5372814,17.6152592,10.9139,31.6354,3476.0,4.80232,0.426767
456.01,456,FP,0.336826,15.240658,11129.6464735,15.7298,39.4781,5780.0,4.438,1.0
4560.01,4560,PC,3.7634028,2.4144238,2109.4342142,9.1007,207.571,6491.0,4.00559,1.89742
4561.01,4561,PC,8.9356558,2.0224563,91.9623692,11.0559,179.008,5631.0,4.57723,0.851957
4562.01,4562,CP,225.1037885,13.2081506,3.2010509,11.5326,339.605,5965.99,4.28007,1.25231
4563.01,4563,PC,743.4843888,5.4510788,3.9939064,11.6157,156.348,5342.0,4.71456,0.697666
4564.01,4564,FP,22.1536777,12.6297905,126.5238849,10.7716,333.206,6123.0,4.07991,1.6267
4565.01,4565,PC,692.5150646,2.2782015,0.1784528,10.3154,33.2345,3614.0,4.71017,0.531248
4566.01,4566,PC,2.0844882,1.881105,220.7698145,11.5832,118.765,4443.39,4.57662,0.713304
4567.01,4567,PC,0.8409429,1.6732084,331.5613798,11.9212,91.313,3830.0,4.64404,0.608498
4567.02,4567,PC,23.5422422,2.3109407,3.9005169,11.9212,91.313,3830.0,4.64404,0.608498
4568.01,4568,PC,14.0063765,2.26316,19.2603,6.9608,48.0378,5899.0,4.22221,1.33
4569.01,4569,FP,1.2253159,2.3820012,72.0671413,15.764,212.947,3725.0,4.92832,0.297644
457.01,457,PC,1.1759834,7.7193559,82.500462,13.741,,3054.0,5.08962,0.512881
4570.01,4570,KP,1.9737719,14.2783974,265.9747113,15.0523,642.051,4664.23,4.61963,0.697971
4571.01,4571,KP,30.3599812,11.2141216,9.8942349,13.7589,436.257,4815.0,4.5293,0.795118
4572.01,4572,PC,13.4755461,1.5718719,5.0549516,11.9212,61.7358,3710.0,4.7642,0.469524
4573.01,4573,PC,10.7155521,1.4160391,15.8954977,11.0444,72.8333,4207.0,4.66778,0.623617
4574.01,4574,PC,0.768988,2.01326,70.4453,11.7495,69.81,3734.0,4.69992,0.54
4575.01,4575,PC,27.9815639,2.85252,69.3133,10.3203,194.791,5905.0,4.34239,1.16
4576.01,4576,PC,10.4834062,3.5119412,20.3357654,10.1658,54.9588,4271.0,4.60188,0.677846
4577.01,4577,KP,1.6255124,11.2971803,1238.8661223,14.4669,938.715,5483.74,4.38272,1.04426
4578.01,4578,PC,8.6239097,2.9176946,119.024779,10.7757,182.249,5917.0,4.58257,0.878735
4579.01,4579,KP,88.495683,5.1574303,0.4523971,11.3523,223.757,5509.61,4.47728,0.939951
458.01,458,PC,17.5288347,2.8950078,25.4510626,9.6438,76.6986,5164.0,4.5371,0.829519
4580.01,4580,PC,0.9167992,0.6115871,2437.3433306,8.5954,67.7223,5659.0,5.62196,0.973028
4581.01,4581,KP,22.3428773,11.3355032,99.086036,11.7889,477.052,6184.0,4.20121,1.42864
4581.02,4581,KP,,8.9205086,138.5753642,11.7889,477.052,6184.0,4.20121,1.42864
4582.01,4582,CP,31.0343214,10.1577688,33.7343273,10.5481,383.846,5234.0,4.438,2.56935
4583.01,4583,FA,19.5202386,,49.6259917,10.571,,5780.0,4.438,
4584.01,4584,KP,31.5786847,4.8743389,27.0094647,10.6114,185.875,5696.0,4.40025,1.05178
4585.01,4585,PC,,2.5653805,1.0601504,9.64656,156.873,6000.0,5.03448,1.2886699
4586.01,4586,PC,5.3909915,2.22182,91.5265,10.7382,150.445,5405.0,4.53628,0.87
4587.01,4587,KP,3.2903136,7.5296069,37.0869991,14.5505,258.979,3579.0,4.67905,0.567309
4588.01,4588,PC,13.1187746,2.9857871,459.9054123,9.06584,225.181,7800.0,4.31091,1.57458
4589.01,4589,KP,17.8335899,2.16267,62.1044,9.03131,147.527,6304.0,4.22164,1.43
459.01,459,APC,4.4291253,6.3443547,2105.6095608,9.5473,286.94,6559.17,3.95184,2.0848899
4590.01,4590,PC,25.9213509,1.9119702,13.4574783,9.6446,72.1096,5011.0,4.56555,0.786678
4591.01,4591,FP,27.9102929,19.2884326,55.0960466,11.7167,526.166,6327.0,4.438,1.39013
4592.01,4592,KP,8.8849511,12.6838437,94.2936984,14.575,835.356,5160.0,4.39775,0.977054
4593.01,4593,KP,7.8344688,3.7973353,51.6399559,11.6052,153.676,4837.0,4.60493,0.731146
4593.02,4593,KP,3.0051929,2.1434355,185.282957,11.6052,153.676,4837.0,4.60493,0.731146
4594.01,4594,FP,5.5460811,10.0832239,1504.9475685,11.8995,847.299,6963.86,4.07013,1.88937
4595.01,4595,KP,3.7705865,15.822462,878.8827779,14.9767,1898.26,5897.0,4.18651,1.38188
4596.01,4596,PC,4.1194175,2.68492,232.099,9.2564,93.4913,5598.0,4.45,0.98
4597.01,4597,PC,4.6663795,13.2255,711.568,7.82403,125.189,7712.0,4.31,1.57
4598.01,4598,PC,8.2003748,15.9053,530.919,9.58025,208.41,6011.0,3.99,1.76
4599.01,4599,CP,2.7694936,1.27326,21.8758,7.89863,10.0055,3807.0,4.77,0.47
4599.02,4599,CP,5.7060868,1.89602,20.536,7.89863,10.0055,3807.0,4.77,0.47
460.01,460,FP,0.5168347,6.597837,118.6676385,14.1118,210.988,3274.0,4.9794,0.273
4600.01,4600,CP,82.6901439,6.8236925,3.3159282,11.8787,216.056,5073.0,4.53,0.831915
4600.02,4600,PC,482.8191,6.9087752,48.3867084,11.8787,216.056,5073.0,4.53,0.831915
4601.01,4601,PC,2.7875233,15.2099907,1379.1372564,10.3099,225.749,6408.3,4.34,1.27487
4602.01,4602,PC,3.9812985,2.5669894,603.675393,7.7746,63.0637,6011.9,4.36,1.1566401
4603.01,4603,CP,7.2455997,14.2395,1192.46,8.6554,225.643,6169.1,3.65,2.68
4604.01,4604,KP,2.2251639,1.50436,348.601,9.3928,90.0562,5509.0,4.5,0.92
4605.01,4605,FP,3.1442556,4.69096,685.022,10.2207,148.574,5691.0,4.45,1.0
4606.01,4606,KP,11.1684037,12.77,312.155,9.31437,130.72,5981.0,4.31,1.22
4607.01,4607,PC,5.5109534,3.08109,262.935,9.67952,180.022,6404.0,4.31,1.31
4608.01,4608,PC,2.3494903,14.6551,1355.37,11.4512,550.363,7418.5,4.31,1.51
4609.01,4609,PC,2.6921752,16.0682,4194.73,10.4117,349.025,7461.4,4.22,1.68
461.01,461,CP,10.9245478,1.9015018,35.242668,8.8723,45.5621,4884.0,4.49,0.74413
4610.01,4610,FP,3.1129681,1.5002,151.507,10.0745,47.914,4104.0,4.57,0.69
4611.01,4611,PC,5.2289874,2.3513,538.64,9.02078,128.654,6213.0,4.3,1.28
4612.01,4612,KP,4.1137862,15.0368,3108.45,8.22398,134.058,6327.0,3.99,1.88
4613.01,4613,APC,4.5461685,21.1272,3271.08,12.0336,678.46,5341.8,3.98,2.4
4614.01,4614,PC,13.8338893,10.4349704,22.7363971,11.0302,101.255,4225.95,4.37245,0.876814
4615.01,4615,PC,5.3193755,19.6684639,1968.900323,11.7892,835.907,6350.0,3.78918,2.3693399
4616.01,4616,PC,1.5538188,1.2643202,17.9814886,12.8872,28.1016,3244.0,5.07736,0.192729
4617.01,4617,PC,3.4878754,16.8851071,706.3971426,12.357,333.973,5752.44,4.27789,1.22041
4618.01,4618,KP,3.7998536,13.2670623,88.67126,12.2341,143.651,4133.4,4.48806,0.759375
4619.01,4619,PC,3.4732399,16.6589645,2304.5286397,13.8232,1490.49,7406.97,4.27763,1.56373
462.01,462,PC,4.1074291,3.971632,445.4447971,10.6573,205.366,5205.0,4.45924,1.30055
4620.01,4620,PC,1.3887494,15.9057,12503.9,9.56967,272.645,7825.0,4.07227,2.08
4621.01,4621,KP,4.5195089,14.3049176,382.449189,12.3553,437.495,5887.0,4.44001,1.0321
4622.01,4622,APC,1.2969404,11.2860342,48.3357374,16.1779,297.693,3003.0,4.76981,0.463184
4623.01,4623,KP,3.2588316,12.8714868,284.4141772,11.5476,178.475,5387.06,4.58431,0.817114
4624.01,4624,KP,2.7908285,16.7559488,1998.7811524,10.5136,320.639,6635.91,4.24728,1.4707
4625.01,4625,PC,2.191342,2.301946,243.7119088,10.5774,,4384.23,4.438,0.720126
4626.01,4626,PC,17.4756122,2.65592,24.581,8.4492,51.1333,5387.2,,0.84
4627.01,4627,FP,23.1438551,13.2171669,36.2033889,11.5252,260.383,5356.0,4.38,1.06356
4628.01,4628,KP,6.32668,2.2901554,195.7303563,9.66562,113.123,5673.0,4.46318,0.975383
4629.01,4629,PC,714.6970956,2.491011,0.5647608,8.6577,92.0015,6324.0,4.37047,1.12577
463.01,463,FP,2.53405,26.5362,3632.83,9.1013,187.812,6497.8,4.17,1.65
4630.01,4630,PC,721.5622191,4.5521238,0.3470093,9.046,85.3751,6294.0,4.53886,0.968886
4631.01,4631,PC,33.6357031,2.29227,28.2932,8.7551,62.2978,5614.0,4.60434,0.82
4632.01,4632,PC,63.1448519,2.8828549,1.8139846,10.6329,65.4707,4152.0,4.55825,0.702045
4633.01,4633,PC,271.938639,3.5295923,1.2295467,8.3498,95.2016,5490.04,4.02198,1.5819
4634.01,4634,FP,0.8706763,6.52133,1486.34,12.5065,568.754,6121.0,4.16573,1.47
4635.01,4635,FP,49.1077047,12.3506372,3.1634389,10.6029,75.3511,4358.0,4.55296,0.72245
4636.01,4636,FP,42.8289152,8.539416,0.2884754,15.7488,136.79,3090.0,4.93803,0.289034
4637.01,4637,PC,14.3540583,2.8052104,38.4877433,10.3991,112.147,5142.48,4.50291,0.86465
4638.01,4638,PC,10.2829583,2.7186716,87.4018996,10.7434,168.248,5700.0,4.54131,0.894563
4639.01,4639,PC,3.990679,2.7025526,502.3405437,10.671,205.737,6153.0,4.48335,1.02672
4639.02,4639,PC,13.0780555,3.3632641,103.1976309,10.671,205.737,6153.0,4.48335,1.02672
464.01,464,FP,0.8185672,4.1552603,151050.0669195,15.61,2220.36,31000.0,5.59998,0.18
4640.01,4640,PC,2.6857229,2.8622325,854.2741042,11.0771,245.089,5978.0,4.42301,1.06715
4641.01,4641,PC,22.0933922,9.7603293,192.5802083,7.1323,86.3501,6798.4,4.11,1.75449
4642.01,4642,PC,3.6022377,1.1671855,7.9279121,11.9847,23.651,3266.0,4.99716,0.242091
4643.01,4643,PC,5.0256637,1.4655752,23.1770314,10.6127,40.1036,3782.0,4.72167,0.518021
4643.02,4643,PC,10.7387039,1.7168904,8.4213145,10.6127,40.1036,3782.0,4.72167,0.518021
4644.01,4644,PC,0.3181853,1.78228,1654.43,11.0505,88.7751,4242.23,4.5065,0.75
4645.01,4645,PC,5.0872671,20.8718,11288.2,10.2381,709.453,8972.0,3.83,3.02
4646.01,4646,PC,8.9299483,12.6566078,36.0859625,12.2257,169.637,4379.0,4.49,0.777586
4647.01,4647,PC,8.8346147,2.5385619,144.6819536,9.59055,117.411,5991.0,4.50886,0.968041
4647.02,4647,PC,11.0696104,2.5924247,107.1078742,9.59055,117.411,5991.0,4.50886,0.968041
4648.01,4648,KP,15.3886607,2.5382638,87.1069216,8.97055,101.321,6101.0,4.44514,1.0623
4649.01,4649,PC,15.0758735,2.41942,48.6781,10.1448,148.252,5744.71,4.44026,1.01
465.01,465,KP,3.8361623,6.2369926,190.7135382,10.7307,122.066,4910.0,4.60108,0.84738
4650.01,4650,PC,2.6672418,8.5917,307.867,13.492,314.596,4432.0,4.5,0.77
4651.01,4651,PC,11.1878978,10.1018,36.1679,13.3592,686.148,5721.0,4.39,1.07
4652.01,4652,PC,18.6224802,12.759,84.0311,12.1679,356.061,5654.5,4.44,0.99
4653.01,4653,PC,16.3764188,4.23355,115.374,11.3326,376.59,6397.0,4.36,1.24
4654.01,4654,PC,10.6936683,12.2512,37.24,13.2157,695.482,5820.0,4.34,1.14
4655.01,4655,PC,3.6749802,11.714,92.6245,13.4227,382.837,5134.0,4.66,0.72
4656.01,4656,PC,3.439221,6.2369,117.243,13.3652,443.769,5053.0,4.48,0.87
4657.01,4657,PC,8.115667,5.8543726,344.4795703,11.5471,433.817,6200.0,4.25,1.35175
4658.01,4658,PC,6.0142432,2.96676,103.111,11.5047,222.47,5575.0,4.58,0.85
4659.01,4659,PC,1.0451165,6.13091,1195.11,10.9774,329.19,5921.2,4.11,1.52
466.01,466,KP,4.1876154,13.9002369,811.3504171,12.8893,772.11,6675.0,4.20094,1.23733
4660.01,4660,PC,1.5090806,14.3177,365.719,13.2616,257.346,4674.0,4.46,0.84
4661.01,4661,PC,8.8085782,,,11.858,179.125,,,
4662.01,4662,PC,4.7034187,2.58065,50.104,11.4031,111.047,4481.0,4.6,0.69
4663.01,4663,PC,5.2916448,10.1289,51.2343,13.0006,230.3,4397.1,4.56,0.75
4664.01,4664,PC,3.0002713,12.4821,1054.22,12.7285,606.404,5902.3,4.27,1.26
4665.01,4665,PC,3.6831574,12.4845,1500.66,13.2467,1196.83,6304.0,4.09,1.66
4666.01,4666,PC,2.9093856,12.8688,46.992,13.3272,154.749,3666.0,4.66,0.59
4667.01,4667,PC,17.9450925,13.3791,5.5686,13.413,652.129,5681.0,4.44,1.01
4668.01,4668,PC,1.0049552,5.19137,63.8249,13.8371,106.188,3210.0,4.81,0.42
4669.01,4669,FP,0.2476684,5.81442,1087.04,13.1599,320.901,4886.0,4.59,0.75
467.01,467,FP,1.734422,4.24151,4861.83,10.2767,151.504,5890.0,4.48757,0.94
4670.01,4670,PC,15.5014296,10.8287,0.691797,14.8743,,3382.0,4.87,0.36
4671.01,4671,PC,17.1470323,5.37173,46.4785,11.6733,325.257,5689.0,4.34,1.13
4672.01,4672,PC,6.6132132,15.5423,619.404,11.8795,559.243,6110.0,4.1,1.58
4673.01,4673,PC,4.8667353,16.8337,35.4585,12.9735,480.34,5383.0,4.38,1.03
4674.01,4674,PC,4.2430633,12.965,459.164,13.1662,860.97,5595.0,4.07,1.53
4675.01,4675,PC,3.5779775,2.15124,54.0709,11.0418,61.629,3991.0,4.67,0.61
4676.01,4676,PC,13.291966,8.65633,30.0086,13.2172,428.86,5042.0,4.45,0.9
4677.01,4677,PC,4.0589926,5.84962,28.012,12.4969,408.611,5556.0,4.44,0.99
4678.01,4678,PC,4.7743169,12.3583,239.866,13.0862,614.098,5549.0,4.29,1.18
4679.01,4679,PC,6.8170909,7.4200144,297.4095784,11.7948,320.502,4955.0,,1.25717
468.01,468,KP,3.3252703,11.5039006,47.331494,13.3383,169.318,3724.0,4.68255,0.596801
4680.01,4680,PC,17.4314043,9.8169,43.2591,13.1744,671.413,5923.0,4.4,1.08
4681.01,4681,PC,3.0421828,14.5498,414.535,13.3206,567.879,5582.5,4.43,1.0
4682.01,4682,FP,6.7934811,15.1938,111.068,12.2624,816.554,6121.0,3.94,1.92
4683.01,4683,FP,3.0929206,11.6629,460.711,12.9876,757.235,5787.4,4.15,1.43
4684.01,4684,PC,6.4879123,16.7425,92.2897,12.8181,1077.65,6782.0,4.13,1.73
4685.01,4685,PC,7.0308254,3.61495,149.202,11.6829,249.796,5516.0,4.51,0.9
4686.01,4686,PC,7.9461192,13.6973,49.6833,13.372,751.692,5416.0,4.13,1.38
4687.01,4687,PC,3.313358,14.6999,817.242,13.3354,977.374,6209.0,3.97,1.87
4688.01,4688,PC,7.7688831,11.4556,40.9939,12.587,435.088,5851.0,4.35,1.14
4689.01,4689,PC,2.4337374,8.67796,116.886,12.52,,4294.3,,0.74
469.01,469,CP,13.6308024,3.5493962,60.1603117,8.7615,68.192,6114.0,4.5101,1.00528
4690.01,4690,APC,11.5341529,6.82739,19.425,11.0796,395.245,6356.0,4.18,1.51
4691.01,4691,PC,8.5725884,10.4135,222.607,13.364,994.05,5807.0,4.11,1.5
4692.01,4692,PC,4.0519584,10.7206,24.4556,13.2815,574.438,5147.0,4.28,1.12
4693.01,4693,APC,1.9113216,10.1581,223.347,11.8326,213.014,4578.0,4.25,1.05
4694.01,4694,PC,5.629318,14.4974,86.4308,13.5249,759.794,5885.0,4.1,1.53
4695.01,4695,PC,35.7861915,13.2073,8.69035,12.4332,358.057,5755.0,4.59,0.85
4696.01,4696,PC,4.1249095,10.7709,453.643,13.3233,759.867,6007.5,4.16,1.44
4697.01,4697,PC,5.0274739,13.8852,861.273,13.5473,1206.44,5178.0,,2.12
4698.01,4698,PC,4.2333233,12.5093,217.929,13.5306,624.495,5696.0,4.33,1.14
4699.01,4699,PC,10.1766089,11.0026,154.351,13.2669,621.613,5452.0,4.26,1.19
470.01,470,CP,12.1914558,4.6131319,44.7551381,10.6995,130.46,5418.0,4.57259,0.840971
4700.01,4700,APC,2.2964514,,150.096,13.8159,,4391.0,,
4701.01,4701,PC,8.5821795,9.30439,149.861,12.735,532.228,5818.0,4.38,1.1
4702.01,4702,PC,3.121702,14.8115,842.648,12.2469,521.26,5944.0,4.25,1.29
4703.01,4703,PC,5.1155806,13.6976,366.902,13.1052,934.743,6349.0,4.07,1.71
4704.01,4704,APC,2.6875966,13.3886,272.867,12.4562,954.316,5885.0,3.77,2.24
4705.01,4705,PC,11.9140328,9.89059,194.396,11.4616,454.797,5359.0,4.08,1.77
4706.01,4706,PC,735.982363,12.541,0.0728708,11.4558,217.627,5309.0,4.41,1.01
4707.01,4707,PC,0.4709937,14.5973,2761.87,12.2096,688.203,6719.0,4.26,1.47
4708.01,4708,PC,3.3560085,15.1419,1635.6,13.4142,708.347,5906.0,4.26,1.27
4709.01,4709,PC,6.2397532,7.89594,587.658,12.8771,,5956.9,,0.5
471.01,471,KP,3.5857076,15.8525901,1089.1709863,9.79059,201.224,6400.0,4.34435,1.34556
4710.01,4710,PC,1.4798437,8.37272,2205.43,12.8983,713.662,5475.0,4.07,1.5
4711.01,4711,PC,3.7081082,13.6266,1874.58,12.6127,1162.16,5337.0,,3.56
4712.01,4712,PC,8.8720052,8.76898,117.013,12.4505,494.543,5626.0,4.2,1.31
4713.01,4713,APC,2.9532479,,2007.04,11.8362,1028.39,7076.3,,
4714.01,4714,PC,7.9144674,14.5746,80.2209,13.2837,517.611,5431.0,4.42,1.0
4715.01,4715,FP,6.4274159,12.9491,41.0821,11.907,583.6,6227.0,4.12,1.58
4716.01,4716,PC,5.2376102,16.2444,3686.59,12.9871,2046.79,7666.0,3.87,2.59
4717.01,4717,PC,4.1583367,16.0152,1509.9,13.187,1422.73,8131.7,4.35,1.55
4718.01,4718,PC,5.1409029,8.29803,207.445,12.6581,563.123,6282.4,4.47,1.07
4719.01,4719,PC,14.3953055,11.615,23.3681,12.4967,239.104,4850.0,4.56,0.77
472.01,472,APC,0.5682596,24.8489,138.045,12.3123,,3294.0,4.438,0.5
4720.01,4720,PC,3.7810832,15.3456,702.278,13.3224,1113.96,6364.0,4.14,1.59
4721.01,4721,PC,4.0086493,7.2935622,161.1042737,12.8219,285.885,4779.0,,0.77199
4722.01,4722,PC,10.8910909,10.6208,177.179,12.9256,942.214,6619.0,4.17,1.61
4723.01,4723,PC,3.6590997,14.6976,814.239,13.0796,982.931,6624.0,4.18,1.58
4724.01,4724,PC,3.572359,3.43709,495.575,11.2567,225.229,5730.0,4.52,0.92
4725.01,4725,PC,2.0763072,12.6426,243.693,12.2651,367.045,5805.0,4.5,0.95
4726.01,4726,PC,4.2971136,14.1426,166.22,12.1022,250.87,5203.0,4.53,0.85
4727.01,4727,PC,7.151653,22.4773,44.731,12.7858,467.492,5635.0,4.32,1.14
4728.01,4728,PC,6.0879495,12.8134,12.8029,13.2415,196.016,3971.0,4.6,0.66
4729.01,4729,PC,6.9279673,9.55039,70.231,12.5934,464.949,5950.0,4.44,1.04
473.01,473,KP,1.5732848,14.7247524,1563.6373659,12.0506,369.926,5400.0,4.38782,1.09539
4730.01,4730,PC,4.0681112,9.75584,4517.28,11.5548,572.079,7070.0,4.13,1.78
4731.01,4731,PC,1.4553693,13.4308,1295.38,11.801,,6344.5,,1.25
4732.01,4732,PC,1.8911553,21.7999,538.48,13.1802,570.837,5711.0,4.44,1.01
4733.01,4733,PC,5.3054422,17.4742,510.647,13.0454,796.776,6473.0,4.35,1.27
4734.01,4734,PC,6.2356356,9.02698,633.344,11.9039,563.068,5854.0,3.97,1.76
4735.01,4735,PC,3.541053,,,12.922,,,,
4736.01,4736,PC,2.8564778,21.5886,8379.19,13.4148,914.606,5777.0,4.02,1.65
4737.01,4737,PC,9.3202467,7.8768,250.474,11.992,580.199,5916.0,4.02,1.67
4738.01,4738,FP,4.6498719,16.6839,4756.94,12.1359,1102.97,9056.0,4.3,1.78
4739.01,4739,PC,8.1703609,22.3829,1223.74,10.5293,626.217,8190.0,4.438,2.1
474.01,474,KP,2.5167257,12.9083148,558.8280149,12.7632,416.459,5403.0,4.50146,0.982638
4740.01,4740,PC,5.7728793,,,11.572,633.036,,,
4741.01,4741,PC,2.4849639,14.0194,1421.21,12.6648,772.403,6252.0,4.11,1.6
4742.01,4742,PC,4.1034672,10.5038,689.785,12.9065,803.756,6753.0,4.39,1.27
4743.01,4743,PC,6.2185453,19.4459,798.226,13.0802,1882.37,7968.0,4.06,2.14
4744.01,4744,PC,4.8013522,14.2355,1151.39,12.7323,999.297,6399.9,3.9,2.11
4745.01,4745,PC,4.413935,13.3105,293.437,13.1524,898.386,5972.0,,1.28
4746.01,4746,PC,7.5395871,4.39334,55.2646,11.9046,218.705,5223.0,4.6,0.78
4747.01,4747,PC,5.2192426,3.8343,190.795,11.8128,304.615,5688.0,4.45,0.99
4748.01,4748,PC,4.1018859,13.8992,759.181,13.3212,883.931,6327.7,4.3,1.31
4749.01,4749,PC,1.3832999,16.4864,10840.4,13.4835,692.636,5786.0,4.33,1.16
475.01,475,PC,8.2617663,2.3414536,18.8227716,10.8835,58.7502,4105.0,4.60015,0.6194
4750.01,4750,PC,3.2141617,11.8959,462.146,11.6252,670.702,7137.0,4.17,1.72
4751.01,4751,PC,3.6014534,,,12.097,773.945,,,
4752.01,4752,PC,5.0467874,9.9097,995.585,13.3596,746.986,6252.0,4.45,1.08
4753.01,4753,PC,5.3970484,11.7601,1200.61,12.4037,835.645,5996.0,3.78,2.24
4754.01,4754,PC,3.6307276,14.0586,855.031,13.0345,746.24,6350.0,4.35,1.25
4755.01,4755,PC,22.7273078,19.0824,34.998,12.022,757.269,6243.0,3.93,1.98
4756.01,4756,PC,8.0823172,15.2282,59.7456,12.687,553.387,5351.5,,0.98
4757.01,4757,PC,2.0804611,11.5464,3648.06,13.4965,1273.46,6434.0,4.14,1.6
4758.01,4758,PC,5.7627112,15.7774,1176.49,12.7743,817.426,6589.0,4.24,1.48
4759.01,4759,PC,9.6578504,9.98401,258.473,12.2627,766.516,5557.0,3.79,2.09
476.01,476,PC,3.0629874,14.75,2303.34,8.8742,244.897,7691.0,4.11671,2.05
4760.01,4760,PC,7.7223185,,717.021,13.4145,2406.51,8539.7,,
4761.01,4761,PC,3.7863767,9.94411,2897.86,12.1499,1053.95,6892.9,3.95,2.16
4762.01,4762,PC,4.3591525,3.61577,626.954,11.2806,304.955,5866.0,4.3,1.2
4763.01,4763,PC,5.8679992,14.2889,1505.89,11.9337,849.357,7054.0,3.96,2.16
4764.01,4764,PC,1.6025971,10.4975,905.776,13.488,514.58,5164.0,4.43,0.95
4765.01,4765,PC,16.3734954,,67.779,13.0513,600.635,5809.3,,
4766.01,4766,PC,1.9326573,10.5088307,484.1155352,12.6574,300.512,4909.0,4.47,0.861743
4767.01,4767,PC,2.7319222,13.2415,2289.27,13.1935,969.091,5473.0,3.79,2.08
4768.01,4768,PC,7.2644599,15.0763,468.187,10.4397,345.959,6617.0,4.15,1.64
4769.01,4769,PC,2.8636452,,11583.8,12.512,1662.71,8675.5,,
477.01,477,KP,2.9444273,12.7921539,317.4314288,11.7583,207.49,5150.0,4.55754,0.88727
4770.01,4770,PC,1.9491813,15.8333,3650.34,12.9825,799.474,6472.0,4.29,1.36
4771.01,4771,APC,6.0049484,12.6954,315.049,11.9135,498.418,6373.5,4.26,1.26
4772.01,4772,PC,2.8894603,13.0354,480.071,13.3319,591.645,5604.0,4.46,0.97
4773.01,4773,PC,1.7454828,14.1453349,3879.8071248,11.4048,492.888,6674.0,4.24,1.4871401
4774.01,4774,PC,8.6000244,4.55822,180.356,12.5447,469.594,5700.8,4.33,1.14
4775.01,4775,PC,2.4732088,15.4982,1846.66,11.5293,635.261,6643.0,4.04,1.87
4776.01,4776,PC,10.4137997,10.0431,118.725,11.6309,385.641,6079.0,4.33,1.2
4777.01,4777,PC,2.9588764,14.8585,1285.38,13.3209,767.763,6041.0,4.38,1.13
4778.01,4778,PC,3.8074213,15.4202705,805.2235864,12.9318,685.855,5296.0,4.01,1.56375
4779.01,4779,PC,10.7490194,11.4707,27.7925,13.4765,664.114,5424.0,4.3,1.14
478.01,478,FP,2.921685,19.091127,1458.3996927,11.0913,344.517,6332.0,4.26074,1.37266
4780.01,4780,PC,4.6942884,16.4932,948.685,12.4648,1004.09,6400.0,3.93,2.03
4781.01,4781,PC,1.9055614,,,11.14,,6071.0,,
4782.01,4782,APC,3.7244324,,3666.29,12.2563,814.057,7759.0,,
4783.01,4783,APC,6.7519508,19.5004,209.336,12.6847,1349.57,8297.0,4.29,1.69
4784.01,4784,PC,3.3583921,8.84831,344.843,13.2701,446.767,5177.0,4.46,0.91
4785.01,4785,PC,6.4311106,11.4436,202.251,12.7651,911.737,6741.0,4.27,1.45
4786.01,4786,PC,5.6984189,10.8479,1406.27,11.9623,885.636,7528.0,4.2,1.74
4787.01,4787,PC,3.5037708,13.0482,608.189,12.5494,695.55,6107.0,4.19,1.42
4788.01,4788,PC,4.3930669,14.0261,275.326,12.4832,620.549,6328.0,4.3,1.32
4789.01,4789,PC,7.5002702,11.2467,72.4941,13.1637,626.811,5644.0,4.32,1.14
479.01,479,KP,2.7817379,12.6841023,615.4708822,10.8164,194.553,5600.0,4.4291,1.02095
4790.01,4790,APC,1.6102435,16.8320485,3426.3435462,13.1561,954.883,6080.2,4.15,1.48651
4791.01,4791,CP,4.2809767,13.0113,445.261,10.8961,328.802,5964.0,4.13,1.49
4792.01,4792,APC,8.4481666,10.2494,22.9265,11.0783,243.539,5826.1,4.42,1.05
4793.01,4793,PC,3.4658629,15.0462,1145.52,13.2584,1174.05,6688.0,4.24,1.49
4794.01,4794,PC,3.5658043,13.7385,1115.66,12.0465,543.008,6214.0,4.23,1.4
4795.01,4795,PC,2.7431176,,2172.06,12.9188,1429.87,7143.0,,
4796.01,4796,PC,3.5775958,15.3215,665.763,13.1502,1090.77,6355.0,4.12,1.61
4797.01,4797,PC,2.9922495,20.032,218.392,13.3736,1055.16,5932.0,4.09,1.55
4798.01,4798,PC,5.5261155,9.00518,65.4488,12.7577,293.788,4824.0,4.48,0.84
4799.01,4799,PC,4.0234634,12.891,832.08,13.0983,1008.83,6678.0,4.26,1.45
480.01,480,CP,6.8659582,2.8144915,531.5209848,6.7799,54.5306,6212.63,4.438,1.5000401
4800.01,4800,PC,4.3229915,7.54314,50.2356,10.9833,344.296,6121.0,4.25,1.37
4801.01,4801,PC,3.251269,,549.047,12.9613,,4883.7,,
4802.01,4802,PC,1.7131374,6.86542,1919.49,13.1675,610.318,5843.0,4.39,1.08
4803.01,4803,PC,8.4516737,8.2562,168.924,12.0548,531.218,5782.9,4.11,1.48
4804.01,4804,PC,5.0648401,8.28506,873.95,10.2278,495.004,6675.0,3.75,2.62
4805.01,4805,PC,8.9981735,9.52189,155.205,13.2933,695.316,5444.0,4.24,1.22
4806.01,4806,PC,8.4476983,4.97976,189.537,11.7503,349.88,5902.0,4.36,1.13
4807.01,4807,PC,17.6868627,8.80381,2.06218,11.9698,153.227,4496.0,4.52,0.77
4808.01,4808,FP,1.4700596,16.1051,2605.29,13.4542,1585.0,6308.0,3.88,2.12
4809.01,4809,PC,4.4722598,9.0734924,917.7199576,12.6417,767.716,6211.0,4.18,1.4818799
481.01,481,CP,10.3311664,11.9428,253.126,9.3935,179.366,5760.0,3.97699,1.73
4810.01,4810,PC,2.4162514,14.6399,2303.62,12.7549,1221.9,6688.0,3.95,2.1
4811.01,4811,PC,0.9828259,21.8486399,4395.3736341,12.2124,1506.81,4959.0,,5.2980399
4812.01,4812,PC,3.3138453,8.15594,1568.27,12.9655,807.794,6153.0,4.24,1.36
4813.01,4813,PC,4.0492184,,,13.3071,1798.25,,,
4814.01,4814,PC,5.545745,15.8197,118.195,13.0015,559.569,5706.0,4.41,1.05
4815.01,4815,PC,8.9727235,13.0195,134.631,13.425,770.795,5605.0,4.27,1.21
4816.01,4816,PC,11.2473628,15.7487,119.042,13.3087,1047.64,6141.0,4.14,1.53
4817.01,4817,FP,3.190373,12.0669,75.4043,14.6435,,3722.0,4.65,0.6
4818.01,4818,PC,2.6005693,8.18984,1444.5,13.2881,722.454,6673.0,4.47,1.14
4819.01,4819,PC,1.5889429,14.0293,399.352,13.0819,319.863,5150.0,4.57,0.8
482.01,482,FP,10.8717,9.098964,4.5869403,13.084,173.8201,3692.0,4.78092,0.488
4820.01,4820,PC,27.1358856,9.90525,16.1901,11.9556,527.208,6315.0,4.28,1.33
4821.01,4821,PC,5.469359,12.6725,278.238,12.7761,833.962,7182.0,4.23,1.61
4822.01,4822,PC,4.4712213,15.8899,5650.08,12.6614,736.403,7586.0,4.22,1.71
4823.01,4823,PC,3.7260939,13.5887921,428.5861553,12.3474,401.311,5736.0,4.45,0.9975
4824.01,4824,PC,5.124162,13.6708,581.326,12.8792,839.462,5750.0,4.01,1.65
4825.01,4825,PC,2.8183053,,655.1971145,11.2275,1060.4,,,
4826.01,4826,PC,5.9730504,13.7408,421.342,12.8972,725.382,6137.0,4.2,1.41
4827.01,4827,FP,736.5601487,13.9475,0.0558395,12.3805,478.847,5895.4,,1.31
4828.01,4828,PC,19.0286016,8.13514,13.7261,13.351,332.884,4733.0,4.5,0.81
4829.01,4829,FP,0.9855374,10.8393,1493.99,13.1591,1007.8,6198.4,4.02,1.76
483.01,483,KP,4.3780807,15.1767346,1103.2707506,10.439,290.684,5570.0,4.01069,1.79224
4830.01,4830,PC,7.6945481,,87.6747,12.2452,2693.98,4875.8,,
4831.01,4831,PC,2.6375869,16.5853,2389.95,12.292,1142.11,6196.0,3.59,2.9
4832.01,4832,PC,2.7805098,8.80341,48.6261,13.7028,256.922,3949.0,4.59,0.68
4833.01,4833,PC,3.6520005,12.1216,1753.41,12.2709,878.599,7194.0,4.19,1.69
4834.01,4834,PC,3.118166,8.60632,273.914,13.0519,537.158,5218.8,4.27,1.15
4835.01,4835,PC,5.1953991,13.6454,343.068,13.0341,1068.04,6047.0,3.97,1.82
4836.01,4836,PC,5.1035091,13.7067,296.8457469,11.031,790.152,8086.0,4.1,2.07
4837.01,4837,PC,4.4644761,8.09695,136.451,10.5378,353.288,7013.0,,1.7
4838.01,4838,FP,0.760019,7.2902589,9667.9228084,11.869,515.491,5690.2,4.0,1.65999
4839.01,4839,PC,13.3441946,,58.1944,12.3907,,4866.9,,
484.01,484,FP,4.728681,8.96336,222.388,11.6888,149.953,4425.0,4.57,0.9
4840.01,4840,FP,2.3992876,4.05839,1543.44,12.2896,502.28,6536.0,4.45,1.15
4841.01,4841,PC,9.6284672,11.9294,66.4905,12.7964,355.116,5388.3,4.53,0.88
4842.01,4842,PC,5.3374045,16.5532,104.023,11.8379,696.792,5064.7,,3.01
4843.01,4843,PC,8.3548746,10.7025,205.555,12.403,846.607,6643.0,4.16,1.63
4844.01,4844,PC,4.5425274,11.925,818.029,12.5368,686.445,7333.0,4.45,1.28
4845.01,4845,PC,4.21909,12.0136223,1222.564355,12.749,850.137,5367.0,3.79,2.02385
4846.01,4846,FP,1.0638184,4.08617,4267.44,13.0246,282.469,4963.0,4.63,0.73
4847.01,4847,PC,7.0465721,,27.9177,12.3056,,4332.6,,
4848.01,4848,PC,3.7235407,18.0478848,2131.4870511,13.0971,1097.3,7492.0,4.29,1.54879
4849.01,4849,FP,3.0617364,8.08218,583.235,12.5874,483.182,6783.0,4.62,0.98
485.01,485,FP,1.2667147,8.31491,3265.32,9.9955,282.205,6084.0,4.28965,1.87
4850.01,4850,PC,7.6778159,17.73,680.523,12.8901,643.481,5938.0,4.32,1.19
4851.01,4851,PC,21.6091483,2.134,103.508,9.4051,125.772,5967.0,4.36,1.15
4852.01,4852,PC,7.2307407,13.364,1009.89,11.8422,603.347,7747.0,4.39,1.43
4853.01,4853,PC,7.2333744,9.46193,14.6012,13.2181,428.288,5508.0,4.53,0.89
4854.01,4854,PC,3.9230475,9.13123,336.151,13.2372,722.239,5620.0,4.23,1.28
4855.01,4855,PC,7.5872202,16.4426,76.4611,12.9514,1198.79,6419.0,3.86,2.21
4856.01,4856,FP,14.4896397,7.558,1.21746,14.379,119.474,3376.0,4.87,0.35
4857.01,4857,PC,1.8881146,13.7957,2630.38,13.1051,849.5,6309.0,4.23,1.42
4858.01,4858,PC,1.7509117,16.6835695,46.5314175,14.8083,193.977,3333.0,4.79,0.443812
4859.01,4859,PC,7.1878971,18.372,287.355,13.1012,434.224,5144.9,4.4,0.97
486.01,486,PC,1.7447031,0.591815,107.262,9.36854,15.2142,3445.0,4.85243,0.43
4860.01,4860,CP,1.5229985,8.99483,37.1159,13.7726,80.1423,3237.0,4.87,0.35
4861.01,4861,PC,3.4321678,9.36413,2393.6,12.3349,946.232,6176.0,3.82,2.22
4862.01,4862,CP,,9.93012,172.857,11.6707,238.377,5427.9,4.49,0.91
4863.01,4863,PC,12.4856615,12.2535,3.28873,14.667,184.734,3473.0,4.78,0.45
4864.01,4864,PC,5.2410982,9.54095,53.3051,13.0585,672.022,6119.0,4.4,1.12
4865.01,4865,APC,1.2655205,11.3966,583.776,13.4804,803.063,5243.0,4.1,1.41
4866.01,4866,PC,4.1059615,9.32533,1015.01,13.157,839.783,6524.0,4.32,1.32
4867.01,4867,PC,2.835273,11.2429,5246.76,12.959,948.787,6996.0,4.1,1.83
4868.01,4868,PC,3.5164369,22.1885,227.514,12.8007,,4395.0,,2.57
4869.01,4869,PC,3.0978928,,133.067,12.3918,536.765,5962.0,,
487.01,487,PC,24.3321784,2.727569,32.6779,9.8542,,5450.0,4.40968,1.0083
487.02,487,PC,7.4144849,,220.138,9.8542,,5450.0,4.40968,
4870.01,4870,PC,1.8119168,8.20112,2335.94,13.353,643.517,6146.0,4.54,0.96
4871.01,4871,PC,1.7687528,19.8865,3371.36,12.7595,853.761,6176.0,4.12,1.56
4872.01,4872,PC,1.7125104,9.77984,12427.4,12.6425,1670.56,7938.0,3.92,2.52
4873.01,4873,PC,0.8313018,6.57285,1906.13,12.6116,516.417,5983.0,4.4,1.1
4874.01,4874,PC,2.2866856,14.738,5350.8,13.1088,1605.92,8277.0,3.98,2.41
4875.01,4875,PC,9.7929019,10.6608,127.221,12.5502,651.686,6322.0,4.28,1.33
4876.01,4876,PC,4.1379542,,,12.5386,810.688,,,
4877.01,4877,PC,5.2220526,12.0807,896.671,12.2316,713.47,6718.0,4.15,1.67
4878.01,4878,PC,4.728422,13.0542,59.5611,13.4358,720.203,5655.8,4.29,1.18
4879.01,4879,PC,5.3763108,9.71605,242.224,13.3342,1071.24,6543.0,4.2,1.53
488.01,488,CP,1.1979996,1.2107339,58.2602237,11.1972,27.3644,3332.0,4.91528,0.354529
4880.01,4880,PC,3.4717583,15.0586,1172.33,12.8382,717.786,6549.0,4.26,1.43
4881.01,4881,PC,4.4158835,11.2662,647.404,13.2953,977.09,5306.0,3.78,2.03
4882.01,4882,PC,4.4360402,11.7883,410.649,11.2673,408.748,6633.0,4.29,1.39
4883.01,4883,PC,4.4967355,10.7052,1127.24,12.9582,907.699,6534.0,4.2,1.53
4884.01,4884,PC,1.5300843,,1479.3430207,13.351,1102.0,5951.0,,
4885.01,4885,PC,6.9392854,,,13.3328,691.779,,,
4886.01,4886,PC,3.251249,19.6899,706.995,12.9004,997.825,6951.0,4.18,1.66
4887.01,4887,PC,5.1873583,12.2426,2667.28,12.6039,983.925,7868.0,4.13,1.96
4888.01,4888,PC,9.4185437,8.08768,223.026,12.0728,595.898,6243.0,4.12,1.58
4889.01,4889,PC,1.895234,,24.4753,12.6063,,3525.0,,
489.01,489,KP,3.6466612,13.2844134,999.6687505,11.8997,506.965,6096.0,4.21513,1.35672
4890.01,4890,PC,3.0475227,14.8539,1293.5,11.6042,575.512,6823.0,4.19,1.6
4891.01,4891,PC,2.4498012,,789.7959563,12.8844,1393.25,,,
4892.01,4892,PC,4.516649,11.1801,509.073,13.2078,849.685,5850.0,4.17,1.4
4893.01,4893,PC,7.3262605,,24.4878,12.6087,,4884.2,,
4894.01,4894,PC,3.5611222,12.6024,340.982,13.4175,1092.05,5260.0,,1.76
4895.01,4895,PC,8.9641788,11.2056,56.781,12.1122,638.197,6956.0,4.12,1.77
4896.01,4896,PC,5.1609259,10.5964,1325.48,12.554,837.932,7102.0,4.23,1.6
4897.01,4897,PC,4.3066915,11.6239,313.657,13.1546,781.614,6618.0,4.4,1.23
4898.01,4898,PC,2.7652293,3.48557,33.0144,11.9277,98.5958,3830.0,4.62,0.64
4899.01,4899,PC,2.3908076,14.4175,3793.38,12.4218,951.545,7228.0,4.15,1.77
490.01,490,KP,2.8106013,15.9952263,1467.9572554,9.93908,213.985,6304.0,4.35913,1.34004
4900.01,4900,PC,7.6650157,14.8051,516.192,13.1119,1026.01,6085.0,4.04,1.68
4901.01,4901,PC,16.0462248,10.789,14.0395,12.5306,454.749,5295.9,4.22,1.23
4902.01,4902,FP,4.1934945,9.49438,137.464,12.8989,727.548,5541.0,4.01,1.63
4903.01,4903,PC,4.9142901,12.5243,2462.94,12.3934,854.029,8065.0,4.27,1.7
4904.01,4904,PC,2.4118274,19.2999,2090.41,12.5927,1470.83,8765.0,4.21,1.92
4905.01,4905,PC,11.1378464,13.1836,18.3455,12.6595,852.832,5809.0,,1.56
4906.01,4906,PC,11.9768241,8.81618,84.7541,13.3678,708.385,6059.0,4.41,1.09
4907.01,4907,PC,3.3405202,,361.948,12.9489,604.385,5108.1,,
4908.01,4908,PC,19.7112002,9.99929,104.142,13.2223,1076.25,6636.0,4.18,1.59
4909.01,4909,PC,11.6484665,16.0778778,243.8397642,10.609,341.382,6496.0,4.64,1.99518
491.01,491,KP,3.3326812,14.4797,521.877,12.7656,528.825,5645.0,4.37683,1.11
4910.01,4910,PC,5.506691,14.6366494,204.5601687,13.467,544.636,5277.0,4.38,1.01161
4911.01,4911,PC,4.4573401,13.5074,1527.79,12.7706,999.139,7514.0,4.3,1.54
4912.01,4912,PC,7.4105517,18.0468,111.176,13.346,508.676,5546.0,4.53,0.89
4913.01,4913,PC,6.5430693,4.75554,53.4345,12.3375,203.601,4689.0,4.55,0.76
4914.01,4914,PC,10.5988743,12.6054,18.1082,11.6629,299.89,5809.9,4.42,1.04
4915.01,4915,PC,3.3362143,,,11.7211,2147.14,,,
4916.01,4916,KP,4.1197036,9.06392,1047.58,12.1137,647.595,5848.8,3.96,1.79
4917.01,4917,PC,4.7738904,13.3725,597.141,11.1646,364.963,6681.0,4.33,1.35
4918.01,4918,PC,6.5329169,7.59526,221.525,12.0272,465.792,5698.0,4.15,1.39
4919.01,4919,PC,3.6470909,16.5056,369.697,12.9098,804.907,6050.0,4.09,1.58
492.01,492,KP,3.1220166,14.3229397,2108.4361588,11.3155,515.458,6280.0,4.08133,1.72958
4920.01,4920,PC,2.5245706,13.3195,3197.52,12.8127,832.199,6687.0,4.15,1.66
4921.01,4921,PC,3.4975869,13.5654,1161.69,12.1004,677.488,6987.0,,1.69
4922.01,4922,PC,7.5492321,,251.146,12.798,610.158,5295.2,,
4923.01,4923,PC,12.9175271,9.95556,69.9889,12.2607,469.545,5501.0,4.17,1.34
4924.01,4924,PC,3.1467665,,3523.36,13.0029,1196.03,8232.0,,
4925.01,4925,PC,3.9511085,12.8323,388.353,13.484,883.572,5933.0,4.19,1.38
4926.01,4926,PC,6.809144,10.1542,1033.51,12.29,880.334,6464.0,3.87,2.2
4927.01,4927,PC,0.8166936,10.8868,2102.63,13.1571,1080.6,5951.0,3.89,1.97
4928.01,4928,PC,2.7792649,12.48,4287.92,11.3943,686.164,7544.0,4.05,2.08
4929.01,4929,PC,2.5547255,13.5829,2108.75,13.405,494.931,4956.0,,0.99
493.01,493,PC,5.944441,4.4955906,56.0528481,11.4479,107.355,4383.0,4.56546,0.811865
4930.01,4930,PC,6.7789159,5.88108,310.079,12.0678,413.757,5804.0,4.33,1.16
4931.01,4931,PC,6.7635161,,74.7856,12.129,330.511,4847.4,,
4932.01,4932,PC,3.9417247,11.7599,1541.06,12.5116,777.484,4900.9,,2.3
4933.01,4933,PC,5.3861006,,477.988,12.7116,1187.08,5623.3,,
4934.01,4934,FP,2.8013515,12.9252,28108.4,12.6554,824.376,7518.0,4.23,1.67
4935.01,4935,PC,17.4230202,13.3223,45.6259,11.5845,458.015,6282.0,,1.37
4936.01,4936,PC,4.7750178,15.088,917.418,13.0936,956.723,7121.0,4.27,1.53
4937.01,4937,PC,5.0414219,11.6667,1527.97,12.4864,1030.16,5838.0,3.66,2.5
4938.01,4938,PC,2.913692,13.5499,586.602,12.4741,377.703,5816.0,4.49,0.97
4939.01,4939,PC,9.1717558,7.49243,328.919,12.1624,972.238,7513.5,,1.08
494.01,494,PC,1.7018818,1.96356,400.827,10.0854,89.9559,4985.0,4.67,0.8
4940.01,4940,PC,25.8663869,6.7555369,40.4612445,11.8153,345.659,5418.7,,1.17513
4941.01,4941,PC,3.5569996,10.8822,68.3964,13.1014,259.563,4440.0,4.49,0.78
4942.01,4942,PC,7.9248476,7.01304,283.041,12.5098,562.338,6274.0,4.35,1.22
4943.01,4943,PC,8.0176705,8.9733,26.1122,12.998,,4353.0,,0.78
4944.01,4944,PC,4.075051,9.4389,77.2131,13.0161,454.335,5674.0,4.56,0.87
4945.01,4945,PC,1.6500255,18.0511,9993.06,13.184,650.297,6449.0,4.44,1.15
4946.01,4946,FP,1.819376,11.1303,12022.3,12.1164,664.284,7567.0,4.31,1.53
4947.01,4947,PC,4.1400273,12.7772,1271.14,11.5362,607.38,6639.0,4.05,1.85
4948.01,4948,PC,0.4722347,7.34189,4192.02,13.164,608.062,5827.0,4.37,1.1
4949.01,4949,PC,1.7819156,17.5347,3451.71,12.4171,718.588,6955.0,4.22,1.58
495.01,495,KP,1.2749246,22.0328,6216.41,10.056,269.898,6459.0,4.24006,1.52
4950.01,4950,PC,3.9358604,12.0264,2417.15,11.997,776.949,6975.0,4.11,1.8
4951.01,4951,PC,4.1042587,10.2079,1000.26,11.8412,585.603,5823.0,3.89,1.92
4952.01,4952,PC,0.6534841,6.94706,5084.28,12.547,880.962,7540.0,4.31,1.53
4953.01,4953,PC,2.9590176,15.6559,1209.71,13.4571,1022.81,6808.0,4.31,1.4
4954.01,4954,PC,6.6819653,14.6987,2766.53,12.69,886.651,10126.0,4.49,1.51
4955.01,4955,PC,3.1409607,9.6232,77.0719,13.3356,367.517,4924.0,4.5,0.83
4956.01,4956,PC,5.1087099,12.7621,28.5078,13.3624,572.058,5770.0,4.52,0.93
4957.01,4957,PC,4.6622996,15.6435,778.408,11.9955,914.534,6870.0,3.82,2.48
4958.01,4958,PC,748.8277169,21.1132,0.530165,10.7546,477.519,6713.0,3.94,2.11
4959.01,4959,PC,4.6011828,13.7898,545.801,13.3895,911.483,6183.0,4.21,1.4
496.01,496,APC,2.767691,28.980984,2360.1000393,12.33,791.384,6717.03,4.2,1.54739
4960.01,4960,PC,4.0557174,16.4885,481.002,10.7133,520.445,6664.3,3.81,2.2
4961.01,4961,PC,7.4791873,11.0113,70.1254,11.6602,213.073,5078.0,4.39,0.97
4962.01,4962,PC,2.074205,,4122.6,12.6445,1175.45,6987.0,,
4963.01,4963,PC,2.365766,,661.313,13.1009,,4057.4,,
4964.01,4964,FP,1.1167145,20.4041,7730.28,13.2364,760.606,6611.0,4.41,1.22
4965.01,4965,PC,7.0857491,9.46717,384.263,11.4543,484.805,5353.0,4.29,1.98
4966.01,4966,PC,7.3136902,10.3927,425.471,11.9852,738.075,5654.0,3.58,2.68
4967.01,4967,PC,0.5979368,10.3319,2472.04,13.2313,821.066,5812.0,4.18,1.38
4968.01,4968,PC,2.2355936,19.1583617,3937.2018929,12.5808,781.768,6731.0,4.11,1.74519
4969.01,4969,PC,3.0773658,13.6438,2446.41,12.8132,1019.68,7277.0,4.17,1.75
497.01,497,FP,2.974175,3.756355,13.8678401,13.2312,56.336,3333.0,4.94824,0.302
4970.01,4970,PC,4.8397625,11.6978,647.154,12.365,583.541,6859.0,4.4,1.27
4971.01,4971,PC,7.9674915,,84.3794,11.9736,,5058.2,,
4972.01,4972,PC,2.6492703,12.9788,560.52,13.1773,677.826,5743.0,4.25,1.25
4973.01,4973,PC,7.9486299,9.54103,34.816,10.7271,178.064,5742.0,4.51,0.93
4974.01,4974,PC,10.6006859,,107.932,12.7126,782.916,6303.2,,
4975.01,4975,PC,4.4834145,,,12.967,612.156,,,
4976.01,4976,PC,3.027103,10.9691,1882.44,13.3665,802.781,6275.0,4.24,1.39
4977.01,4977,PC,7.7023687,14.6181,44.8696,12.5156,294.629,5333.0,4.55,0.85
4978.01,4978,PC,4.7190303,17.051,292.335,12.2913,719.916,6389.0,4.07,1.73
4979.01,4979,PC,3.6305988,5.32844,2058.82,10.5895,182.678,5156.0,4.14,1.31
498.01,498,APC,0.2750478,4.0587998,34263.9733582,9.58094,188.364,6218.0,4.26662,1.3227299
4980.01,4980,PC,16.1565078,,7.84717,12.9331,,5215.0,,
4981.01,4981,PC,0.2097217,11.9597,6373.11,12.4813,505.695,6046.0,4.42,1.08
4982.01,4982,PC,2.5665666,15.79,1270.4,13.3495,1068.73,6020.0,4.09,1.57
4983.01,4983,PC,5.7527363,,795.35,13.01,1403.22,5951.0,,
4984.01,4984,PC,3.6748618,,1164.16,12.4373,1211.61,6084.3,,
4985.01,4985,FP,3.5678072,34.7616,4074.35,13.3162,1421.29,7819.0,4.24,1.71
4986.01,4986,PC,6.5946181,22.1605,277.451,12.8742,1259.59,6345.0,3.89,2.12
4987.01,4987,CP,4.2889696,20.7112,646.761,10.6311,589.423,6736.9,3.76,2.61
4988.01,4988,PC,2.3696548,21.171114,119.5549647,14.881,446.614,3986.0,4.57,0.697237
4989.01,4989,PC,3.429078,21.1656,185.229,13.0413,936.608,5654.0,3.91,1.85
499.01,499,APC,8.5334865,4.14687,130.53,10.1374,158.659,5997.0,4.45722,0.97
4990.01,4990,PC,5.6386197,13.3798,120.336,12.9123,697.681,5373.0,4.02,1.56
4991.01,4991,PC,0.7702101,13.5452,120.256,14.6594,343.755,3601.0,4.58,0.68
4992.01,4992,PC,4.8807474,18.7724,424.843,13.1812,1150.11,6356.0,4.08,1.7
4993.01,4993,PC,3.1062522,12.6882,1415.95,12.782,888.672,5369.0,3.75,2.13
4994.01,4994,CP,21.4921464,9.09747,22.7774,11.9545,329.304,5520.0,4.34,1.11
4995.01,4995,PC,8.7802662,8.87975,87.107,11.8014,639.661,6124.0,3.95,1.88
4996.01,4996,PC,4.8131406,15.2753,1074.75,12.7523,1058.39,6287.0,3.88,2.1
4997.01,4997,PC,13.3178839,,261.545,11.1281,,7295.5,,
4998.01,4998,PC,9.7800223,9.06075,187.783,11.2723,352.331,6113.0,4.25,1.33
4999.01,4999,PC,5.5846356,9.33343,624.784,10.8235,368.89,5698.0,3.84,1.99
500.01,500,CP,0.5481573,1.3591774,1463.1155872,9.4022,47.3924,4590.0,4.50961,0.751825
5000.01,5000,PC,5.5422295,14.7328,271.918,12.6702,470.92,5483.0,,1.02
5000.02,5000,PC,15.3392841,11.7705,26.88,12.6702,470.92,5483.0,,1.02
5001.01,5001,PC,5.069043,13.2155,939.466,12.1641,632.346,6763.0,4.24,1.51
5002.01,5002,PC,3.7318818,13.3208,653.055,13.4479,847.863,6129.0,4.32,1.23
5003.01,5003,PC,4.4540914,12.2601,70.3253,11.8406,404.148,6188.0,4.41,1.13
5004.01,5004,PC,5.7626113,10.0697,692.871,13.0071,446.494,5470.0,4.45,0.97
5005.01,5005,CP,6.3084728,6.00429,174.188,11.13,207.891,5840.0,4.48,0.97
5006.01,5006,PC,4.254955,14.4712,5255.5,11.9055,1340.01,8653.0,3.85,2.88
5007.01,5007,PC,2.5432595,10.6224,23.828,13.6366,203.352,3757.0,4.61,0.66
5008.01,5008,PC,2.7702532,10.2658,840.782,12.9499,379.594,5183.0,4.43,0.94
5009.01,5009,PC,8.1755735,17.9327,4574.7,11.9032,1324.39,9169.0,3.73,3.44
501.01,501,KP,1.7100122,17.2191,826.113,10.3887,250.121,5720.0,4.16816,1.51
5010.01,5010,PC,6.7107895,12.843,6.07437,14.6681,420.252,3980.0,4.57,0.7
5011.01,5011,PC,2.6060495,6.7707607,205.1810486,13.4962,288.015,4471.0,4.49,0.78826
5012.01,5012,PC,4.18438,14.8687,2440.51,11.4302,729.115,10708.0,4.36,1.82
5013.01,5013,PC,8.989491,13.4707,40.9859,12.7482,1224.74,6620.0,3.89,2.21
5014.01,5014,PC,3.4507193,8.16973,830.757,12.4073,677.476,5712.0,3.99,1.7
5015.01,5015,PC,2.4533968,16.1215,2024.13,12.491,637.121,6333.0,4.07,1.7
5016.01,5016,FP,1.2833689,23.5753,5124.73,12.5209,365.511,5442.0,4.4,1.01
5017.01,5017,PC,3.3677179,12.6215,1495.44,12.4698,872.49,5575.2,3.71,2.3
5018.01,5018,PC,6.5859565,5.98453,111.468,11.576,459.435,6353.0,4.24,1.41
5019.01,5019,PC,1.090295,8.96609,3593.4,12.6345,453.404,5479.0,4.31,1.14
502.01,502,APC,2.9412694,8.8335566,990.2921795,10.3773,215.387,5642.0,4.16735,1.21356
5020.01,5020,PC,5.3450209,11.8547,1370.06,13.3298,1440.15,6279.0,3.91,2.04
5021.01,5021,PC,12.975062,11.8674,266.841,13.2565,1041.69,6480.9,4.2,1.5
5022.01,5022,PC,2.244541,13.6382,465.777,13.1509,488.161,5455.0,4.39,1.03
5023.01,5023,PC,2.2749988,17.0496,4.17143,14.9582,119.693,3199.0,4.9,0.32
5024.01,5024,PC,14.7765802,10.2309,119.223,12.9267,829.942,6247.0,4.19,1.46
5025.01,5025,PC,2.8846592,16.5935,2563.35,12.3666,803.602,8219.0,4.44,1.42
5026.01,5026,PC,3.2813635,10.9441,1226.1,11.831,462.227,6622.0,,1.54
5027.01,5027,PC,10.2436729,11.2818,190.912,10.9097,204.429,5845.9,4.5,0.96
5028.01,5028,PC,3.9353218,20.2069,575.011,12.5587,929.659,5806.0,3.78,2.17
5029.01,5029,PC,3.8861815,10.8516,1616.52,12.1989,383.371,8615.0,4.49,1.39
503.01,503,CP,3.6773543,11.426,786.44,9.19813,255.416,7887.0,4.28126,1.68
5030.01,5030,PC,4.4299239,,,12.3927,990.831,,,
5031.01,5031,PC,4.5314275,,242.998,13.302,3154.91,3605.0,,
5032.01,5032,PC,6.032661,,255.942,12.7954,732.552,5049.5,,
5033.01,5033,PC,5.4695364,1.39203,6.09736,11.7405,37.3076,3465.0,4.86,0.36
5034.01,5034,PC,8.7042937,3.59413,52.2984,12.0635,221.335,5160.9,4.61,0.77
5035.01,5035,PC,5.8009082,8.06972,171.882,12.5787,394.439,5406.0,4.37,1.05
5036.01,5036,PC,17.7481897,11.5797,11.794,12.5819,567.804,5393.0,4.06,1.51
5037.01,5037,PC,4.1245473,17.7780627,897.2680177,12.3155,605.313,6433.0,4.3,1.3291301
5038.01,5038,PC,0.9990876,16.981,9983.53,11.9036,1087.44,9391.0,4.05,2.41
5039.01,5039,PC,2.1967461,11.6242,2106.93,13.4924,1079.8,5709.0,3.94,1.8
504.01,504,FP,1.6773063,29.2836,15535.1,9.6646,425.719,6915.0,4.17618,2.56
5040.01,5040,PC,3.3808424,15.6348,1136.54,12.9612,1145.04,6445.0,3.97,1.96
5041.01,5041,PC,0.733892,12.8031517,162.6122005,14.9276,195.854,3423.0,4.79,0.438708
5042.01,5042,PC,5.6316098,6.99657,989.195,11.0384,489.651,5784.0,3.72,2.32
5043.01,5043,PC,3.8027513,14.5097,245.058,12.4337,279.685,5061.0,4.5,0.86
5044.01,5044,PC,5.5556615,13.1283718,1246.9026373,11.1072,487.432,5964.0,3.83,2.09656
5045.01,5045,PC,3.4792084,14.4016,940.992,13.3209,1024.34,6052.0,4.1,1.57
5046.01,5046,PC,11.1838046,,,13.069,737.214,,,
5047.01,5047,PC,7.3142625,12.5859,69.2385,12.6794,266.138,4881.0,4.47,0.86
5048.01,5048,APC,1.3583233,13.5621,812.252,13.115,610.636,5604.0,4.05,1.56
5049.01,5049,PC,2.9204289,12.9535,470.192,12.9072,478.128,5508.0,4.36,1.08
505.01,505,KP,3.3294649,16.0269619,1612.761812,10.6815,324.683,6003.0,4.16979,1.52238
5050.01,5050,PC,2.3064574,13.5732,1020.03,12.6487,693.064,6692.0,4.25,1.48
5051.01,5051,PC,3.5980715,14.8005,180.551,11.6451,213.538,4708.0,4.21,1.13
5052.01,5052,PC,4.0668104,15.0245,286.231,12.3562,384.47,5496.0,4.36,1.07
5053.01,5053,PC,9.8830331,10.3147,29.7162,12.6916,216.915,4456.0,4.46,0.82
5054.01,5054,PC,4.2100055,13.6161,427.599,12.7372,695.421,6160.0,4.2,1.42
5055.01,5055,PC,2.0915616,14.2961,10148.1,11.9139,439.874,5551.0,4.01,1.62
5056.01,5056,PC,7.6686232,8.82795,480.358,10.9531,397.322,6066.0,3.91,1.96
5057.01,5057,PC,1.1437772,12.9975,548.925,11.0837,347.227,4520.0,,2.85
5058.01,5058,PC,23.7123919,12.8901,181.582,10.9425,269.351,6130.0,,1.29
5059.01,5059,PC,8.7876771,11.5115,30.7909,11.8876,156.693,4676.0,4.54,0.77
506.01,506,FP,2.774207,2.582442,444.231028,10.4215,267.292,5280.0,4.44454,0.945062
5060.01,5060,PC,1.2695326,14.8016,17833.5,13.4489,941.579,9561.0,4.68,1.18
5061.01,5061,PC,3.3645349,11.8831,978.355,12.9971,792.868,6443.0,4.3,1.34
5062.01,5062,PC,6.2244575,8.34496,639.699,11.8105,627.41,5692.8,3.81,2.08
5063.01,5063,PC,3.613799,15.4064,1276.89,12.6019,881.246,6955.0,4.25,1.54
5064.01,5064,PC,3.5108018,5.42543,561.487,11.5939,433.55,5860.0,4.06,1.59
5065.01,5065,KP,19.4921473,5.50689,31.9085,9.66896,181.69,6128.0,4.23,1.36
5066.01,5066,PC,1.3454079,7.22545,3632.59,10.3418,402.304,7509.4,4.07,2.0
5067.01,5067,KP,4.6886342,3.36071,133.083,11.7421,201.856,4954.0,4.47,0.87
5068.01,5068,KP,4.7369669,2.93924,307.522,11.1704,154.83,5069.2,4.46,0.79
5069.01,5069,PC,8.8558739,3.014,599.445,9.63679,231.014,6332.0,3.99,1.87
507.01,507,PC,0.8994677,17.1200078,133.4667668,13.2304,110.884,3338.0,4.9469,0.505078
5070.01,5070,FP,6.216994,7.46488,699.959,10.3879,286.43,6304.0,4.16,1.54
5071.01,5071,KP,1.6739029,3.44449,757.167,10.0121,188.959,6115.5,4.33,1.22
5072.01,5072,KP,5.185768,7.50399,126.877,12.244,169.398,4664.8,4.68,0.65
5073.01,5073,PC,3.1393667,15.9004,963.197,13.3042,910.734,5653.4,4.08,1.52
5074.01,5074,KP,3.0801795,17.0613,3331.8707078,9.02097,226.5,7511.0,4.21,1.70169
5075.01,5075,FP,1.7134571,4.95462,4181.14,8.3482,246.968,8638.0,3.93,2.64
5076.01,5076,CP,23.4428912,3.02618,12.8373,9.9909,82.857,4794.4,4.47,0.85
5077.01,5077,PC,5.8879518,9.19044,3105.54,9.51297,208.721,5641.0,3.85,1.97
5078.01,5078,PC,1.5110224,1.47339,545.9,9.7119,53.579,4595.0,4.63,0.68
5079.01,5079,FP,1.4920726,2.23482,654.339,9.642901,77.3109,5125.0,4.56,0.81
508.01,508,KP,4.6117328,18.7958,1460.67,9.654,300.276,7346.0,4.14208,1.67
5080.01,5080,KP,9.72665,7.23871,361.739,12.9285,491.242,5583.6,4.11,1.45
5081.01,5081,KP,5.1699026,9.23587,562.184,10.5649,306.57,6283.4,4.18,1.48
5082.01,5082,PC,4.2403543,2.64301,255.637,7.6253,43.1406,5670.0,4.5,0.93
5083.01,5083,KP,4.7948642,3.3985,118.638,12.0394,107.272,4072.0,4.62,0.65
5084.01,5084,PC,5.8321337,1.15554,49.8722,7.564,21.3575,4544.0,4.54,0.75
5085.01,5085,PC,4.5117148,2.89398,921.698,10.1125,196.662,5785.0,4.19,1.35
5086.01,5086,KP,2.9956366,13.1937,963.566,11.0514,348.646,6135.5,4.21,1.4
5087.01,5087,KP,17.3070631,3.7275,31.2616,10.1192,59.2474,4230.6,4.48,0.77
5088.01,5088,PC,10.3883213,3.76664,1120.27,9.3422,86.9438,5638.7,4.56,0.87
5088.02,5088,PC,13.4155226,1.53506,62.2227,9.3422,86.9438,5638.7,4.56,0.87
5089.01,5089,KP,5.113835,5.6708634,832.2294086,10.999,371.823,6315.7,4.17,1.50876
509.01,509,CP,9.0588209,2.67607,92.839,7.9259,48.9739,5560.26,4.438,0.96
509.02,509,CP,21.4003129,3.0010426,35.2811724,7.9259,48.9739,5560.26,4.438,0.962324
5090.01,5090,KP,1.9828041,10.8910702,20.6170397,16.0573,185.731,3213.0,4.93347,0.293047
5091.01,5091,PC,3.6413702,16.4955,1340.13,11.4438,500.511,6832.0,4.2575,1.5
5092.01,5092,APC,2.3626901,6.9577388,340.3343305,11.6786,189.575,5222.44,4.63151,0.755047
5093.01,5093,KP,2.2984058,13.7058869,203.7820374,12.8033,202.152,4221.54,4.45733,0.794584
5094.01,5094,KP,3.3366511,4.1305078,29.6583759,10.2479,29.4214,3552.0,4.74,0.499698
5095.01,5095,KP,3.4845543,4.2083193,9.5041407,13.0275,44.9565,3204.0,4.93668,0.290216
5096.01,5096,KP,2.8753183,11.1331,85.1168,10.2832,71.0374,4604.0,4.64,0.68
5097.01,5097,KP,5.7459945,2.06081,3.99828,11.5219,27.9276,3413.0,4.91,0.32
5098.01,5098,KP,3.5438732,19.1202757,1915.6933754,11.8887,697.004,6466.0,4.07444,1.74624
5099.01,5099,PC,14.4507561,6.2516257,462.6827,6.9762,93.1501,6761.32,3.96878,2.0669501
510.01,510,APC,1.3523942,2.82883,252.046,8.4633,93.0994,5915.0,4.1283,1.29
5100.01,5100,PC,3.4532143,16.9569136,958.8135146,12.4261,513.756,6028.0,4.2444,1.3226399
5101.01,5101,KP,10.1367283,5.44119,992.258,11.6718,518.625,6283.0,4.17177,1.51
5102.01,5102,APC,0.4522013,7.9172286,731.2387223,15.0155,379.43,3739.0,4.6228,0.633946
5103.01,5103,APC,4.9898664,9.128,167.032,11.5679,528.469,6242.0,4.09,1.63
5104.01,5104,PC,4.890376,16.1683559,796.3219695,13.7667,1026.28,6278.0,4.20771,1.4458801
5105.01,5105,PC,4.4455436,15.8181,905.997,12.1476,923.354,6355.8,3.89,2.11
5106.01,5106,PC,2.4361097,7.79741,807.375,10.0704,450.49,7182.5,3.91,2.33
5107.01,5107,FP,1.8354365,5.7988,6809.52,9.4098,650.943,9758.0,3.8,3.27
5108.01,5108,PC,6.7535728,6.28796,122.785,9.18458,130.919,5880.0,4.22,1.32
5109.01,5109,PC,3.2104815,20.5754,2847.04,10.2846,1165.13,9124.0,3.46,4.71
511.01,511,KP,3.3552444,15.4971874,1294.9289564,11.3072,415.344,6373.0,4.27283,1.41886
5110.01,5110,PC,30.1584857,11.2128,15.1027,10.2592,392.259,6083.0,3.74,2.38
5111.01,5111,KP,3.3557219,1.9149,37.2966,11.7538,75.1691,3807.0,4.68,0.56
5112.01,5112,PC,15.532806,2.17742,31.4267,10.1857,43.8372,3973.0,4.65,0.61
5113.01,5113,PC,4.1363202,3.00841,632.772,10.2212,222.874,6113.0,4.21,1.39
5114.01,5114,PC,6.1539077,22.3615,114.033,10.0643,,5234.4,,5.63
5115.01,5115,PC,13.8240078,2.38171,35.732,12.1045,207.618,5129.0,4.67,0.71
5116.01,5116,PC,3.4355113,4.18368,146.577,11.9783,197.234,4870.0,4.53,0.8
5117.01,5117,PC,11.6986928,3.51877,89.0703,10.3657,217.786,6247.5,4.39,1.16
5118.01,5118,PC,1.5749553,2.51186,3031.49,10.0769,280.37,6635.0,4.19,1.57
5119.01,5119,FP,1.4713984,3.62613,2280.57,8.96861,179.327,5110.7,,2.66
512.01,512,PC,7.1887332,1.5254582,112.4619017,8.9767,67.3975,5581.0,4.52166,0.882675
512.02,512,APC,20.2749388,1.74398,56.5944,8.9767,67.3975,5581.0,4.52166,0.88
5120.01,5120,PC,24.9163182,12.0398,51.1862,10.2326,229.962,5778.4,4.12,1.47
5121.01,5121,KP,8.4071591,10.1248,114.149,11.6522,878.43,4642.6,,4.71
5122.01,5122,PC,3.3885867,6.12917,1838.7,9.82614,183.637,6148.7,4.25,1.34
5123.01,5123,KP,3.2810299,2.5044826,161.2475751,11.1983,123.438,4783.6,4.59,0.735345
5123.02,5123,KP,8.4388997,3.0161255,45.7571538,11.1983,123.438,4783.6,4.59,0.735345
5124.01,5124,FP,1.0754572,8.40705,3593.53,10.4406,588.788,6290.0,3.49,3.29
5125.01,5125,PC,5.909621,2.96154,468.76,9.02342,171.506,6710.0,4.21,1.55
5126.01,5126,CP,5.4589863,4.40571,402.195,9.56225,160.414,6223.0,4.33,1.24
5126.02,5126,CP,17.9051919,3.00633,76.5725,9.56225,160.414,6223.0,4.33,1.24
5127.01,5127,PC,17.5328625,2.60324,53.5244,9.80493,162.582,6160.0,4.39,1.14
5128.01,5128,PC,7.6014943,9.00796,492.37,8.2893,193.998,7642.0,4.09,1.99
5129.01,5129,PC,7.4121119,3.6822,82.6575,10.1843,201.912,6178.0,4.36,1.19
513.01,513,FP,1.445433,3.493627,29.2577267,14.7095,190.2254,3266.0,4.98546,0.269
5130.01,5130,PC,2.1667786,1.77975,4654.09,8.64885,101.55,6224.0,4.36,1.2
5131.01,5131,PC,9.4813433,6.37051,2.79712,13.1113,215.18,4427.0,4.67,0.63
5132.01,5132,APC,1.5985577,11.0534,1717.96,10.1485,493.91,7947.0,4.04,2.2
5133.01,5133,FP,30.4408598,7.19468,371.746,10.3703,404.955,8158.9,4.34,1.58
5134.01,5134,FP,6.880459,2.77633,123.942,9.16636,149.969,6474.0,4.32,1.31
5135.01,5135,FP,2.0197299,3.29943,1353.12,8.96147,152.97,5810.0,3.96,1.77
5136.01,5136,KP,7.8092052,2.70889,230.628,12.0789,446.821,5906.9,4.3,1.22
5137.01,5137,PC,3.2092033,6.33877,67.6268,12.345,238.775,5060.5,,0.91
5138.01,5138,KP,1.7292681,12.6001269,313.9308182,14.6026,495.317,4377.0,4.50156,0.766495
5139.01,5139,PC,5.9471027,7.14437,47.8442,12.7263,131.219,3859.0,4.65384,0.6
514.01,514,KP,11.3909685,11.1984741,46.9021418,13.6674,475.758,5027.0,4.51935,0.875936
5140.01,5140,PC,15.6113633,2.9033347,111.9728668,6.3687,35.26,6061.77,4.31439,1.22568
5141.01,5141,KP,11.8141726,6.9724932,275.6427299,8.74761,132.345,5609.0,3.93083,1.78598
5142.01,5142,KP,1.7554285,12.622985,867.7365296,11.0658,185.932,5306.0,4.43,0.965222
5143.01,5143,PC,5.20971,12.0204139,158.1645607,11.2668,181.38,5296.38,4.53407,0.85412
5143.02,5143,PC,2.3843304,2.8597467,448.4410045,11.2668,181.38,5296.38,4.53407,0.85412
5144.01,5144,KP,2.6556753,,640.3257634,10.15,141.887,5817.3,,
5145.01,5145,KP,7.9177855,6.5930786,88.706626,12.3049,289.827,5322.0,4.5528,0.840476
5146.01,5146,KP,10.0546003,2.1128666,11.5485637,10.5459,44.0727,3920.0,4.6932,0.550856
5147.01,5147,PC,3.9178573,7.07511,17.9382,12.2325,272.747,5174.39,4.4946,0.88
5148.01,5148,PC,5.0637114,13.5595,843.513,10.0143,237.514,5447.0,3.86,1.91
5149.01,5149,PC,27.3714952,18.3071322,95.4886533,10.4815,298.458,5903.0,4.0,1.70581
515.01,515,CP,3.1148931,12.1120086,198.0921858,13.7988,442.813,4973.0,4.438,0.74956
5150.01,5150,FP,1.7578288,13.9433,29799.8,10.0768,434.304,6640.0,3.76,2.59
5151.01,5151,PC,92.1950434,16.0082,1.32226,12.8337,485.421,5643.0,4.44,1.0
5152.01,5152,CP,54.3212423,11.6348,6.76453,10.6509,382.898,6207.0,3.99,1.82
5153.01,5153,CP,20.9108406,11.3547,49.5559,11.215,390.484,6408.0,4.27,1.38
5154.01,5154,APC,17.7256773,15.4613,39.274,10.7203,338.491,6010.0,4.06,1.63
5155.01,5155,KP,9.7956535,2.8237599,21.964027,11.7603,109.218,4147.0,4.55,0.706632
5156.01,5156,PC,22.8524131,8.99211,52.664,10.2409,160.968,5857.9,4.4,1.08
5157.01,5157,APC,2.5194039,7.65729,219.344,11.7475,476.884,6380.0,,1.76
5158.01,5158,PC,4.7464485,10.3209,281.823,12.8325,1175.98,5890.5,3.76,2.26
5159.01,5159,PC,5.8365098,1.6134349,133.1006284,8.6739,55.1788,5259.0,4.53,0.854084
5159.02,5159,PC,3.6469454,1.0301459,249.1602293,8.6739,55.1788,5259.0,4.53,0.854084
516.01,516,APC,1.04855,4.183797,26.9192494,14.114,150.5,3109.0,5.06577,0.202
5160.01,5160,PC,4.2807509,2.23474,177.537,10.187,151.465,5653.3,4.41,1.03
5161.01,5161,PC,5.7519475,2.96374,37.7733,12.1875,157.656,4181.8,4.4,0.84
5162.01,5162,KP,8.5623289,6.9223911,133.8066806,13.2027,564.454,5545.3,4.41,1.0230401
5163.01,5163,KP,15.4658691,5.07911,33.0649,11.6271,268.515,5480.8,4.41,1.02
5164.01,5164,KP,8.2669589,3.44807,140.125,11.2089,197.989,5411.1,4.49,0.92
5165.01,5165,PC,3.577501,3.3001,95.4633,12.5389,245.302,4642.1,4.43,0.87
5166.01,5166,PC,1.7726881,1.7148,482.108,10.0063,112.335,5502.0,4.53,0.89
5167.01,5167,PC,4.8740385,14.3194,819.404,13.3935,1425.02,6504.4,4.05,1.8
5168.01,5168,KP,6.7713411,5.07965,144.17,11.9186,249.645,5231.0,4.49,0.89
5169.01,5169,PC,8.0387972,2.25604,42.1222,8.1644,36.2194,5002.0,4.56836,0.78
517.01,517,FP,9.8850244,11.9173601,66.4246834,13.2361,416.217,5522.0,4.39493,0.819196
5170.01,5170,KP,14.7565015,5.7395617,102.1266495,11.5559,343.99,5790.7,4.3,1.20174
5171.01,5171,PC,15.7815791,11.7676797,65.8903912,13.4003,696.695,5780.0,4.438,1.0
5172.01,5172,PC,4.7218077,3.124138,80.1967213,10.648,84.1815,4570.0,4.59581,0.707615
5173.01,5173,KP,4.0035773,12.9627879,365.8185403,14.1768,876.565,5318.0,4.33106,1.08492
5174.01,5174,CP,12.2193392,4.8045458,100.9111624,10.6309,197.243,5643.77,4.35958,1.09457
5175.01,5175,PC,6.8548465,15.6545004,126.5073461,13.0207,414.845,4797.5,4.27798,1.06192
5176.01,5176,PC,20.3550739,10.5079933,3.5797006,14.6831,268.685,3728.0,4.70337,0.539092
5177.01,5177,PC,2.2085904,1.8831,3785.82,8.8471,154.965,6183.0,4.06,1.68
5178.01,5178,KP,14.0666014,3.1908777,37.0819499,10.7875,134.591,5141.67,4.53051,0.837606
5179.01,5179,PC,0.2874782,5.53402,5953.77,11.3617,256.739,5702.0,4.43,1.02
518.01,518,PC,17.87897,3.618524,63.7655934,10.1432,159.814,5596.0,4.32233,1.13674
5180.01,5180,PC,2.7779767,15.9998,609.495,12.2175,705.408,6976.0,4.16,1.71
5181.01,5181,PC,3.8922407,13.0318,387.931,11.7242,480.155,5943.0,4.03,1.66
5182.01,5182,PC,7.3039588,4.15031,149.732,11.1303,208.267,5718.0,4.53,0.9
5183.01,5183,PC,2.7395591,15.259201,1691.1708699,13.4685,1084.09,5919.0,4.1,1.5425
5184.01,5184,FP,2.2751393,10.5509,1207.23,11.649,504.97,5810.0,3.99,1.71
5185.01,5185,PC,4.2788309,17.4175,1098.85,12.3595,770.483,6353.0,3.94,1.98
5186.01,5186,PC,2.503254,17.5644,3356.68,12.2428,804.742,8076.0,4.25,1.73
5187.01,5187,PC,17.8597459,6.12838,80.0325,11.6215,436.183,6263.0,4.3,1.3
5188.01,5188,PC,22.43341,6.9652,46.3189,10.5784,357.174,5395.0,3.7,2.25
5189.01,5189,FP,9.5064017,14.3253,287.739,12.9177,497.269,5999.0,4.41,1.09
519.01,519,CP,1.2652338,11.9244053,53.9865076,14.4347,115.557,3225.0,5.00457,0.355309
5190.01,5190,PC,5.7488688,12.6677,786.234,11.7191,675.281,6728.0,4.12,1.73
5191.01,5191,PC,3.0278609,15.5158,4163.14,12.6103,757.613,8032.0,4.17,1.9
5192.01,5192,PC,4.7271324,16.0689,868.672,12.5231,825.977,6121.7,4.02,1.74
5193.01,5193,PC,18.9972068,4.7954,28.2737,11.8002,253.938,5469.0,4.53,0.88
5194.01,5194,PC,7.0485133,9.80458,202.23,12.1605,526.642,5889.0,4.2,1.37
5195.01,5195,PC,3.1523405,12.6359,895.126,12.1391,491.054,6124.0,4.13,1.54
5196.01,5196,PC,2.5677096,12.6572,917.773,13.2357,763.703,5854.0,4.28,1.24
5197.01,5197,APC,20.5773388,8.59393,2.81608,11.906,232.248,5062.0,4.47,0.89
5198.01,5198,FP,3.2623468,13.2175,689.893,11.9993,504.372,5957.4,4.18,1.41
5199.01,5199,FP,3.9131371,12.4444,25.4932,14.9652,372.355,3773.0,4.64,0.62
520.01,520,PC,0.523613,1.4861645,26568.3567102,9.3777,222.315,7450.0,4.33986,1.52949
5200.01,5200,PC,17.4372954,11.4845,215.608,11.3862,451.568,6520.0,4.26,1.43
5201.01,5201,PC,3.8558229,17.8128,502.171,13.306,914.238,5704.0,4.1,1.48
5202.01,5202,PC,34.6141657,7.6965,31.4696,11.5405,567.18,6382.0,4.07,1.72
5203.01,5203,PC,15.1255732,10.2442,161.672,12.6934,1119.77,5907.2,3.75,2.28
5204.01,5204,PC,1.593603,14.4804,5402.33,12.3428,821.754,6589.0,3.98,1.99
5205.01,5205,CP,1.6306523,11.1125,30.1966,13.6136,86.4493,3262.0,4.83,0.4
5206.01,5206,PC,4.4716261,17.4958,1694.87,12.8715,1297.27,5972.0,3.72,2.41
5207.01,5207,PC,24.6951647,6.41046,3.18912,13.2754,156.815,3850.0,4.68,0.56
5208.01,5208,PC,12.2307873,8.68366,85.8245,11.4731,386.638,6164.0,,1.31
5209.01,5209,PC,2.635737,13.8231,479.892,12.8462,404.438,5900.0,4.54,0.92
521.01,521,PC,1.5428486,1.9653032,60.0176145,12.4029,60.9425,3439.0,4.97486,0.420028
5210.01,5210,PC,4.5661309,11.6029,377.954,11.4194,302.086,5569.0,4.21,1.28
5211.01,5211,PC,2.0961984,18.2172,2405.31,13.3285,1054.17,6379.0,4.15,1.57
5212.01,5212,FP,2.4011407,11.6862609,1918.6201878,12.8257,790.407,5911.0,4.11,1.50878
5213.01,5213,PC,4.5333993,16.84,159.735,12.8179,625.326,6254.0,4.42,1.12
5214.01,5214,PC,5.3333965,13.3147,871.955,12.0228,893.944,5840.8,3.65,2.53
5215.01,5215,PC,7.4244269,11.1736,196.654,12.8507,666.058,5873.0,4.21,1.34
5216.01,5216,PC,1.8951273,10.1981,5318.45,12.9392,1526.91,6818.0,3.89,2.28
5217.01,5217,PC,4.3713133,12.9868,847.146,10.9992,517.506,6029.0,3.71,2.45
5218.01,5218,PC,4.2914879,9.3875781,49.1792111,14.5179,377.483,3937.0,4.59,0.675707
5219.01,5219,PC,2.88753,16.2965,1422.54,13.4066,991.551,6095.0,3.95,1.87
522.01,522,PC,0.3969687,2.108062,58306.893695,7.3645,111.179,7381.0,4.438,1.86219
5220.01,5220,PC,2.0876485,18.0794,2243.2,13.1562,1094.99,6655.0,4.19,1.58
5221.01,5221,PC,4.4247361,10.688,223.224,13.3911,539.904,5536.0,4.48,0.94
5222.01,5222,APC,13.3057762,13.7171,505.593,11.3171,900.45,8104.0,4.02,2.26
5223.01,5223,PC,4.0656968,18.7081977,1207.0370102,13.0628,1027.87,6424.0,4.18,1.53116
5224.01,5224,PC,5.2819763,14.0062,1409.33,12.5459,960.824,6228.0,3.72,2.5
5225.01,5225,PC,22.9367426,8.88483,5.57635,12.5117,584.497,5721.0,4.19,1.34
5226.01,5226,FP,7.8284207,17.0783,275.376,11.8572,296.602,5707.0,4.5,0.94
5227.01,5227,PC,3.7325203,9.10598,445.556,11.6078,388.807,5824.6,4.24,1.3
5228.01,5228,PC,8.3221959,11.2943,90.1896,12.9534,925.944,5899.0,4.03,1.65
5229.01,5229,PC,5.9184575,3.4729,130.7,11.9919,273.283,5087.5,4.41,0.97
523.01,523,FA,9.91102,7.705774,63.4418379,9.6833,77.8471,4692.0,4.29723,0.941705
5230.01,5230,PC,7.1452343,12.0822,120.883,13.1924,576.539,5685.0,4.46,0.98
5231.01,5231,FP,1.5163046,10.3854,7863.45,11.4186,876.326,6529.0,3.58,3.11
5232.01,5232,PC,4.0966887,12.9734,1193.86,11.7791,609.388,6212.0,4.04,1.74
5233.01,5233,PC,25.763332,5.77167,3.75556,11.1752,248.564,5795.0,4.41,1.06
5234.01,5234,PC,15.1016086,2.71644,126.721,10.8964,302.144,6511.0,4.42,1.18
5235.01,5235,PC,26.1442304,8.19739,35.8503,10.8131,214.496,5721.0,4.38,1.08
5236.01,5236,PC,10.9974977,9.89885,461.346,11.3335,582.527,6188.0,3.83,2.18
5237.01,5237,PC,2.9889845,17.7415,314.21,12.4705,603.735,6002.0,4.18,1.42
5238.01,5238,CP,4.8721904,4.89644,195.925,11.637,290.646,5430.5,4.42,1.02
5239.01,5239,PC,11.3182327,8.83548,59.5158,12.7986,648.893,5969.0,4.29,1.24
524.01,524,FA,12.983175,5.933251,397.4686874,10.094,293.27,6962.64,4.14716,1.67983
5240.01,5240,PC,4.1793301,16.1603,2876.9,11.6917,980.487,7349.0,3.93,2.31
5241.01,5241,PC,4.8398399,12.0967,199.608,12.1019,441.596,5506.0,4.14,1.39
5242.01,5242,PC,2.4038486,11.4754,242.515,12.789,331.852,5074.0,4.51,0.85
5243.01,5243,PC,1.6087939,16.2542,1301.71,12.5949,764.006,5995.0,3.96,1.81
5244.01,5244,PC,5.0821798,10.6708,592.328,12.8105,766.439,5929.0,4.1,1.53
5245.01,5245,APC,0.4305826,12.4063,156.925,14.5795,,3861.0,4.58,0.69
5246.01,5246,FP,0.6972223,14.5958,3144.23,13.4161,1095.81,6556.0,4.09,1.74
5247.01,5247,PC,12.9177538,15.194,21.7315,12.4228,497.041,5606.0,4.21,1.3
5248.01,5248,APC,0.701239,10.9462,1087.15,13.4319,423.737,5126.0,4.51,0.85
5249.01,5249,PC,4.6285493,12.8401,300.005,13.4752,668.429,6007.0,4.44,1.06
525.01,525,PC,14.8608019,4.4404093,239.0475595,8.7784,152.042,7064.0,4.22374,1.62231
5250.01,5250,PC,5.4463931,20.2415,236.789,11.7781,782.324,6815.0,3.92,2.19
5251.01,5251,PC,2.3205922,14.7239,1400.15,12.2492,668.834,6756.0,4.24,1.51
5252.01,5252,PC,8.5394045,13.4388,566.287,12.899,913.714,6369.0,4.08,1.7
5253.01,5253,APC,1.1110609,12.9236,2976.45,13.286,582.471,5500.1,4.4,1.02
5254.01,5254,PC,4.4836616,13.9078,445.248,11.7137,613.744,5646.0,3.69,2.35
5255.01,5255,PC,2.612273,12.9095,989.904,12.6023,678.578,5874.0,4.14,1.45
5256.01,5256,PC,21.1968768,6.85964,15.5174,13.089,352.109,4934.0,4.5,0.84
5257.01,5257,FP,3.1979646,12.9757,3205.65,12.1624,1021.21,5990.0,3.54,2.93
5258.01,5258,FP,0.5919629,9.90447,3301.1,12.4322,908.659,6337.0,4.0,1.85
5259.01,5259,PC,3.0321361,12.5315,403.028,13.0157,487.68,6071.0,4.44,1.06
526.01,526,FP,7.699087,6.21451,8.7213046,12.3069,70.9325,3617.0,4.81052,0.45
5260.01,5260,FP,7.2617331,3.97249,306.111,11.9625,256.473,4780.0,4.25,1.09
5261.01,5261,PC,4.1509756,10.8804,159.592,12.1444,377.054,5686.0,4.41,1.04
5262.01,5262,FP,2.873138,3.97027,953.868,11.8225,355.201,5856.0,4.37,1.11
5263.01,5263,PC,3.1501356,20.3727,357.357,13.1549,836.02,5950.0,4.09,1.56
5264.01,5264,PC,4.4274169,19.9341,1995.4,11.9275,673.959,6812.0,4.04,1.92
5265.01,5265,PC,11.5914514,3.16826,29.4907,11.456,301.885,5896.0,4.4,1.08
5266.01,5266,FP,4.4138638,18.0459,709.493,12.7821,519.694,6006.0,4.46,1.03
5267.01,5267,PC,13.7036806,2.8229,96.0669,11.9139,273.233,5546.0,4.55,0.87
5268.01,5268,FP,2.0685871,12.5176,6.13725,14.5982,97.0798,3162.0,4.92,0.31
5269.01,5269,PC,2.7340756,9.45026,2179.86,11.4416,656.146,8524.0,4.06,2.25
527.01,527,APC,18.0892103,22.2024283,221.7006105,8.2488,163.677,7403.0,4.13809,1.8368599
5270.01,5270,PC,1.0513177,16.1359,13073.2,12.7655,1229.65,7529.0,3.98,2.22
5271.01,5271,PC,4.3108587,4.50948,836.11,10.7988,295.41,6358.0,,1.41
5272.01,5272,PC,5.0135727,9.19425,635.189,12.4603,612.204,5930.0,4.08,1.56
5273.01,5273,FP,3.4100261,7.9526,406.598,12.2794,437.517,6109.0,4.43,1.08
5274.01,5274,PC,6.1313492,4.7793,39.468,13.1293,245.857,4310.0,4.5,0.76
5275.01,5275,PC,12.5951009,8.14346,2.98815,12.9179,486.898,5251.0,4.32,1.09
5276.01,5276,APC,2.3612205,13.5272,875.429,11.7163,749.716,5766.0,3.59,2.7
5277.01,5277,PC,15.9929608,13.4988,53.3959,13.233,876.326,6132.0,4.13,1.54
5278.01,5278,PC,0.435435,17.9748711,252.7287521,14.9343,166.421,3349.0,4.84,0.383284
5279.01,5279,PC,16.0104634,8.86029,14.2918,12.485,440.9,5733.4,4.42,1.03
528.01,528,FP,3.524465,9.045877,53.1308724,13.3675,192.351,3965.0,4.68568,0.613
5280.01,5280,PC,9.0165933,9.81811,145.183,11.1568,537.068,6543.2,4.02,1.88
5281.01,5281,PC,5.5047275,12.7051,448.634,13.1569,875.436,5865.0,4.13,1.47
5282.01,5282,PC,1.392516,9.7757,769.854,13.1137,892.373,6082.0,4.17,1.45
5283.01,5283,FP,6.949428,9.02158,208.013,11.7513,624.699,6817.0,4.18,1.61
5284.01,5284,PC,2.0327015,21.5462,1195.69,13.4842,1430.26,6555.0,4.03,1.86
5285.01,5285,PC,4.3852176,10.2627,41.2399,12.9354,187.506,4076.0,4.49,0.76
5286.01,5286,PC,3.2988824,9.7209,358.69,13.1789,533.065,5735.0,4.54,0.9
5287.01,5287,APC,4.1976789,14.6667,713.476,10.7217,357.584,6058.0,4.02,1.71
5288.01,5288,PC,3.8123614,11.0835,138.253,12.2037,215.501,4780.0,4.5,0.82
5289.01,5289,PC,3.4411264,4.89568,341.303,11.8884,258.455,5244.0,4.44,0.94
529.01,529,FP,1.665878,6.98229,10.9121139,14.1396,63.0507,3021.0,5.10725,0.172
5290.01,5290,PC,2.5688104,,,13.491,,,,
5291.01,5291,PC,2.3007511,6.24136,256.685,10.8921,236.736,5603.0,4.27,1.21
5292.01,5292,PC,2.0231137,13.4378,35.677,14.8951,337.095,3767.0,4.66,0.59
5293.01,5293,CP,2.9304371,11.8933,31.8905,13.9766,162.229,3692.0,4.77,0.5
5294.01,5294,PC,5.6707432,,97.4725,11.861,269.595,5462.7,,
5295.01,5295,APC,4.3023572,10.2749,11.1055,13.0176,140.9938,3504.0,4.67,0.58
5296.01,5296,FP,1.7386091,10.8015,444.5,12.4323,271.346,5362.8,4.65,0.75
5297.01,5297,PC,3.3014986,11.7342,426.381,12.2411,670.528,6311.9,4.16,1.53
5298.01,5298,PC,2.6831464,12.7073,262.791,13.4476,553.486,5348.0,4.38,1.03
5299.01,5299,PC,2.5792489,19.2523,56.7896,12.3913,407.758,5452.0,4.34,1.09
530.01,530,CP,6.3875739,8.6121163,14.2590446,13.5287,148.762,3688.0,4.78199,0.544769
5300.01,5300,PC,2.2623535,11.9692,131.906,12.4559,162.51,4219.0,4.53,0.73
5301.01,5301,PC,5.8588751,12.1366,429.794,11.1893,629.161,6418.0,3.82,2.31
5302.01,5302,PC,4.2417694,11.5903,67.8153,13.0557,313.459,4794.0,4.51,0.81
5303.01,5303,PC,9.809558,12.8969,52.7617,13.101,955.654,6480.0,4.27,1.39
5304.01,5304,PC,3.7079439,8.08217,203.091,13.3526,472.687,5265.0,4.5,0.89
5305.01,5305,PC,4.4632038,11.6079,545.343,12.5679,566.267,5921.4,4.2,1.37
5306.01,5306,PC,5.3331348,10.0196,203.229,12.985,655.851,5807.7,,1.31
5307.01,5307,APC,5.2976347,4.00604,19.2351,12.1314,105.824,4031.0,4.65,0.62
5308.01,5308,FP,8.34034,16.0764,206.357,11.0208,360.412,5444.3,3.89,1.67
5309.01,5309,PC,6.4666483,8.02442,166.169,13.0427,500.708,5441.0,4.41,1.01
531.01,531,FP,0.567995,2.671369,185.0742346,13.8097,167.3049,3462.0,4.88307,0.368
5310.01,5310,PC,11.2036244,6.17248,19.2497,12.4887,188.541,4329.8,4.45,0.81
5311.01,5311,PC,39.0536929,13.5254,0.431293,13.6546,243.32,3793.0,4.57,0.7
5312.01,5312,PC,46.1965072,8.33656,3.59287,12.3207,321.637,5397.7,4.5,0.91
5313.01,5313,PC,3.2571037,13.21,313.937,13.4367,596.925,5442.9,4.38,1.04
5314.01,5314,PC,2.5351022,12.5634,688.571,13.0707,641.876,6143.0,4.46,1.05
5315.01,5315,PC,2.4704071,17.1677,14.841,14.5597,,3333.0,4.8,0.43
5316.01,5316,PC,0.9997277,10.9188,2105.63,13.0211,793.998,5849.8,4.05,1.61
5317.01,5317,PC,8.662046,11.1852,119.291,12.5035,578.773,5981.3,4.24,1.31
5318.01,5318,PC,4.9583217,16.3815,862.417,12.1357,916.994,5801.0,3.64,2.55
5319.01,5319,CP,4.0785273,3.74681,38.7885,12.0828,61.171,3580.0,4.77,0.48
532.01,532,CP,2.32664,5.5911206,87.0961414,12.6785,135.047,3946.0,4.69039,0.623609
5320.01,5320,APC,0.3852177,5.99543,429.583,11.422,275.255,5313.9,4.19,1.27
5321.01,5321,FP,10.1391591,16.5118,90.2977,10.7304,483.421,6584.3,3.96,2.04
5322.01,5322,PC,5.4233428,16.7305,558.524,12.0075,476.899,5790.0,4.15,1.43
5323.01,5323,APC,5.8049376,20.5615,395.882,12.2431,967.25,5978.2,3.73,2.38
5324.01,5324,PC,5.0269053,10.4869,83.5964,13.1886,281.555,4738.0,4.57,0.75
5325.01,5325,PC,15.057596,7.19514,8.48258,12.0261,339.049,5948.0,4.54,0.92
5326.01,5326,PC,3.133469,9.11145,615.127,11.7624,455.36,6312.9,,1.61
5327.01,5327,PC,4.6671176,11.4089,128.159,12.6345,235.121,5377.0,4.48,0.91
5328.01,5328,PC,5.4886518,17.6429,1434.4,11.2303,410.855,6119.8,3.69,2.54
5329.01,5329,PC,3.7796053,11.2162,47.7257,12.7692,572.23,5892.0,4.3,1.21
533.01,533,PC,19.5715862,3.6067731,20.1362084,10.9621,123.391,4666.1,4.23,0.88568
5330.01,5330,PC,4.6303272,13.0324,958.026,12.4333,667.058,6701.0,4.31,1.38
5331.01,5331,PC,22.7545332,11.7908,12.7448,12.4433,322.87,5580.0,4.5,0.93
5332.01,5332,PC,3.9544873,9.29453,195.804,12.6345,609.385,6002.5,4.22,1.35
5333.01,5333,PC,11.4420309,4.14274,83.2925,11.992,208.746,4932.0,4.47,0.87
5334.01,5334,PC,3.6136326,12.3259,674.791,12.3857,536.758,5957.5,4.18,1.41
5335.01,5335,PC,3.6139919,4.08922,200.83,12.5223,331.289,5427.0,4.49,0.92
5336.01,5336,PC,4.0153167,16.8231,776.308,12.8019,778.572,6093.9,4.16,1.48
5337.01,5337,PC,0.7135221,10.5169,221.115,12.8997,296.179,4626.0,4.24,1.08
5338.01,5338,PC,2.6429687,13.9715,346.2,13.1504,430.82,5439.0,4.41,1.01
5339.01,5339,PC,15.1873222,8.96869,43.4731,11.375,225.157,5938.0,4.49,0.98
534.01,534,KP,4.0350444,12.5330606,546.5338871,14.4266,1148.93,5945.0,4.46721,1.1370699
5340.01,5340,PC,4.9393117,13.6199,908.364,11.7085,532.629,6287.2,4.07,1.69
5341.01,5341,PC,20.6875239,11.6872,4.38918,13.3053,273.76,4660.7,4.56,0.75
5342.01,5342,PC,0.5894678,8.96055,1143.23,11.4217,534.078,5946.0,3.72,2.39
5343.01,5343,PC,12.836391,2.49822,39.9592,11.1828,120.861,5156.0,4.7,0.69
5344.01,5344,PC,3.7927572,9.66312,13.7486,13.2239,138.367,3575.0,4.67,0.58
5345.01,5345,PC,1.1062164,3.45691,996.39,11.0543,207.17,4816.0,4.03,1.41
5346.01,5346,PC,3.9783327,12.3611,470.153,13.4348,839.92,6441.1,4.41,1.18
5347.01,5347,PC,1.7109175,7.44992,324.161,13.032,,4686.8,,0.72
5348.01,5348,PC,3.089007,15.8046856,1786.9548445,12.4069,631.337,6622.0,4.23,1.49278
5349.01,5349,PC,3.3176675,9.42671,29.6839,13.8117,188.336,3640.0,4.66,0.59
535.01,535,KP,2.8280391,17.7603707,661.1334378,14.7971,1126.37,5675.0,4.37342,1.0367399
5350.01,5350,PC,7.5811005,11.5863,321.879,11.1846,277.419,6257.6,4.41,1.14
5351.01,5351,PC,2.8817237,14.306,310.304,12.8807,796.298,6182.0,4.08,1.64
5352.01,5352,PC,2.0389145,8.65136,868.398,12.6022,508.519,6396.0,4.28,1.36
5353.01,5353,FP,1.2297408,9.99875,1036.94,12.55,647.462,6186.6,4.19,1.45
5354.01,5354,PC,4.7949288,12.1728,487.852,12.0664,461.002,5850.0,4.17,1.41
5355.01,5355,PC,9.6125545,9.05686,165.055,12.0647,397.84,5825.7,4.1,1.51
5356.01,5356,PC,3.1948695,13.3231,1793.16,12.5434,933.117,6577.4,3.97,2.0
5357.01,5357,PC,9.6995203,11.9608,95.3586,12.669,343.58,5504.0,4.38,1.06
5358.01,5358,PC,2.6599132,3.4087339,231.4473239,11.5278,138.708,4636.3,4.5,0.802524
5359.01,5359,PC,1.6817287,9.28931,6.00664,14.8143,175.567,3174.0,4.76,0.47
536.01,536,KP,9.2432303,15.3965057,180.8704391,13.8786,844.061,5880.0,4.47813,1.2998101
5360.01,5360,APC,4.0107869,24.4253,115.574,13.3701,895.565,6175.1,4.23,1.38
5361.01,5361,FP,1.3574339,8.22797,3506.27,13.0581,703.628,6332.0,4.25,1.4
5362.01,5362,PC,13.7279713,11.6412,59.8936,13.357,905.181,6416.5,4.16,1.57
5363.01,5363,PC,6.7504762,9.83914,111.352,13.462,493.144,5318.7,4.5,0.89
5364.01,5364,PC,1.4466879,12.418,600.438,10.8227,645.231,6332.0,3.27,4.28
5365.01,5365,PC,4.0069668,7.39456,2636.63,11.0418,651.291,6080.3,3.61,2.76
5366.01,5366,PC,1.5328484,9.08045,3844.96,12.4595,866.009,6943.0,4.17,1.67
5367.01,5367,PC,1.6649585,10.3733412,1713.2210773,12.9139,571.89,6155.0,4.46,1.05799
5368.01,5368,PC,3.612762,14.0647,1578.1,12.8879,748.464,7976.9,4.31,1.6
5369.01,5369,PC,4.2460352,14.2200993,959.8552062,13.1765,821.427,5905.5,4.08,1.55863
537.01,537,KP,4.0379012,18.382674,786.2949096,13.4831,882.472,6100.0,4.28733,1.27299
5370.01,5370,PC,3.7539574,14.5318,469.124,12.4064,621.805,6350.0,4.19,1.5
5371.01,5371,PC,1.27615,14.5092,212.433,13.3689,324.08,4671.0,4.28,1.03
5372.01,5372,PC,11.6270831,10.1847,58.1485,11.8941,459.882,5776.1,4.05,1.6
5373.01,5373,KP,4.1878375,11.7695065,397.4799328,11.4556,276.211,5521.95,4.34199,1.10007
5374.01,5374,KP,2.9164004,16.778361,1978.5244535,9.9596,246.81,5720.0,3.92,1.82744
5375.01,5375,PC,1.7215575,11.4801145,140.2785768,12.456,121.333,3865.0,4.62323,0.633426
5376.01,5376,APC,2.9859596,13.2487,388.241,10.8175,685.736,6417.0,3.6338,2.87
5377.01,5377,PC,4.4626933,2.68559,1155.12,9.3672,214.278,6803.0,,1.62
5378.01,5378,PC,5.2841676,13.6017,186.605,10.2275,492.608,4626.0,,5.09
5379.01,5379,APC,12.7426508,16.6789,213.224,9.59788,200.226,6385.0,4.21,1.47
538.01,538,FP,1.669769,4.4985601,49.2213077,14.1477,133.21,3411.0,4.90948,0.433512
5380.01,5380,PC,3.7723119,3.13069,796.305,10.1684,286.781,6525.0,4.18,1.56
5381.01,5381,FP,4.0802864,6.300967,4280.3235612,9.54224,390.33,6802.3,3.75,2.68185
5382.01,5382,PC,14.5416243,4.35314,176.698,9.46981,215.238,6277.0,4.06,1.72
5383.01,5383,PC,2.8114961,1.39962,2368.07,7.90653,102.134,6768.0,4.26201,1.47
5384.01,5384,KP,2.9895092,18.8182218,1949.8717061,9.6022,218.05,6317.0,4.12,1.61396
5385.01,5385,PC,5.1665549,14.3194419,1508.1655987,10.8583,483.675,6238.0,3.88506,2.0792
5386.01,5386,PC,3.6215615,15.1893,346.581,11.3502,394.486,5920.2,4.17,1.43
5387.01,5387,PC,2.8037514,1.27317,2552.75,8.19888,140.907,7531.0,4.31266,1.52
5388.01,5388,PC,2.594675,1.89426,3.30231,10.5737,18.5226,3495.0,4.91164,0.31
5389.01,5389,PC,10.4014008,8.8111557,5.0743522,14.8017,190.568,3526.0,4.80713,0.421428
539.01,539,PC,0.3096062,1.5526965,4942.3861378,10.5958,108.368,4836.0,4.44968,0.813125
5390.01,5390,PC,15.0619708,4.687483,45.2317163,10.9762,176.69,5441.34,4.51596,0.890607
5391.01,5391,APC,13.6421377,1.77499,80.3771,10.2521,170.451,5961.0,4.46,1.02
5392.01,5392,PC,17.5313321,1.66838,468.87,8.1319,48.793,5464.0,4.51,0.9
5393.01,5393,PC,30.0017176,1.82693,57.0124,8.59702,102.774,6194.0,4.32,1.25
5394.01,5394,APC,15.1935123,9.68144,84.3696,8.0152,64.2806,5977.0,4.42,1.07
5395.01,5395,PC,6.5811814,1.80641,247.2,9.74007,165.951,6269.0,4.39,1.17
5396.01,5396,FP,32.1400505,22.7389,37.4567,9.3373,265.035,5019.0,,3.37
5397.01,5397,PC,9.6477019,2.57133,77.7367,10.1174,133.778,5621.7,4.48,0.95
5398.01,5398,CP,10.590923,11.1189,118.413,9.58055,130.855,6017.1,4.44,1.05
5398.02,5398,CP,4.7728997,3.30213,370.603,9.58055,130.855,6017.1,4.44,1.05
5399.01,5399,PC,4.0625969,3.70815,1611.69,9.8008,320.903,6629.0,3.94,2.09
540.01,540,CP,1.2391534,0.9654706,21.6623126,11.5045,14.0022,3042.0,4.438,0.197117
5400.01,5400,PC,19.8067259,4.46533,39.4243,10.9815,202.211,5513.0,4.34,0.95
5401.01,5401,PC,6.8291029,12.9127343,14489.4996714,6.33044,212.02,9333.0,3.53807,4.3379302
5402.01,5402,PC,3.3174026,1.4488457,101.6854816,12.3768,156.801,4363.0,4.60832,0.677839
5403.01,5403,PC,12.8355591,11.2388,9.72374,12.5648,358.712,5311.7,4.45,0.95
5404.01,5404,PC,2.177475,4.05014,284.168,13.2476,157.413,4027.0,4.67,0.57
5405.01,5405,PC,9.0711977,10.7594,139.161,13.424,644.909,5649.0,4.38,1.06
5406.01,5406,PC,0.8045139,10.209,4653.02,13.1891,1125.7,7110.0,4.24,1.59
5407.01,5407,PC,5.4683192,13.9823,425.087,12.8161,867.107,6606.6,4.31,1.36
5408.01,5408,PC,0.9598377,17.4316,5539.92,12.8456,2162.6,7575.0,3.64,3.31
5409.01,5409,APC,0.594385,7.44558,939.24,13.0709,675.216,6078.0,4.27,1.3
541.01,541,APC,1.3534084,18.1129716,1620.9195266,14.7117,1105.38,4978.0,4.438,1.16766
5410.01,5410,PC,4.1059353,13.555,494.014,13.2148,711.856,6140.3,4.31,1.25
5411.01,5411,PC,3.0604071,18.6847,1261.17,13.176,1030.07,6623.0,4.14,1.67
5412.01,5412,PC,0.3828485,13.7767,14493.6,10.8006,403.133,6419.6,4.1,1.68
5413.01,5413,PC,12.612483,5.43397,69.7878,10.883,292.347,5981.0,4.22,1.34
5414.01,5414,PC,10.7833596,15.4312,35.1978,14.3554,357.23,3892.0,4.57,0.7
5415.01,5415,PC,2.9858191,17.8139,1945.7,13.2792,1213.74,7497.0,4.16,1.81
5416.01,5416,PC,13.0086903,10.9890553,6.6784964,12.9331,117.782,3799.0,4.72,0.520262
5417.01,5417,PC,2.8675385,14.6783,888.042,12.7225,595.812,6219.5,4.37,1.18
5418.01,5418,FP,1.6421819,2.54445,1746.99,11.6985,205.719,5627.0,4.64,0.79
5419.01,5419,PC,4.8002161,15.2174,336.117,13.3683,1088.28,6498.4,4.26,1.41
542.01,542,PC,1.6318282,11.5558043,806.9778488,14.8067,939.127,5084.0,4.48093,0.942522
5420.01,5420,PC,6.0614403,10.0397,440.51,12.9624,946.417,6507.7,4.25,1.43
5421.01,5421,PC,6.5552932,19.1366,938.617,11.7692,1198.93,7787.0,3.86,2.64
5422.01,5422,PC,5.3767997,10.5654196,628.9279068,11.2391,346.141,5663.5,4.05,1.57294
5423.01,5423,PC,5.7188414,4.2762449,91.6860673,12.6165,261.785,4964.8,4.59,0.76036
5424.01,5424,FP,0.8999342,6.8761,3729.32,12.5284,740.068,6211.0,4.09,1.64
5425.01,5425,APC,0.4553752,7.9095,2215.14,12.8591,554.08,6439.0,4.49,1.07
5426.01,5426,PC,5.8095099,5.0621,398.441,10.9753,283.552,6353.1,4.42,1.15
5427.01,5427,PC,5.2374183,14.2208,403.505,11.659,363.385,6042.1,4.28,1.27
5428.01,5428,PC,3.0343155,12.5732,1230.19,11.9736,1066.66,8415.0,,2.16
5429.01,5429,FP,4.2318085,7.88895,1128.72,11.9696,809.167,8064.0,4.17,1.91
543.01,543,FP,0.530893,3.747202,61.4271911,15.0404,,3085.0,5.0795,0.193
5430.01,5430,PC,3.8635521,15.1873,1333.49,13.2621,1031.52,6797.0,4.3,1.42
5431.01,5431,PC,4.788785,16.3086,487.83,13.1207,811.056,6045.0,3.96,1.83
5432.01,5432,PC,2.9525486,11.4188,531.966,11.444,373.957,5612.0,4.09,1.48
5433.01,5433,PC,4.1459886,12.1704,56.2686,14.9819,465.477,3981.0,4.56,0.71
5434.01,5434,FP,4.1629444,11.633,243.425,12.4151,744.34,6005.0,3.94,1.88
5435.01,5435,PC,1.2699324,7.56197,16457.7,12.1706,1052.12,9649.0,4.35,1.74
5436.01,5436,PC,11.9285531,16.0753,18.6079,13.3742,618.277,5447.3,4.34,1.09
5437.01,5437,PC,3.42015,18.3061,808.301,13.4489,943.511,5708.0,3.96,1.76
5438.01,5438,PC,2.5842514,7.50424,424.656,11.5419,317.022,5860.5,,1.51
5439.01,5439,PC,5.0775738,18.5536,1365.56,13.3853,1810.17,7648.8,4.09,2.0
544.01,544,CP,1.5483542,2.1601741,240.1950345,9.6504,41.1166,4665.0,4.67631,0.663414
5440.01,5440,FP,3.813812,3.44278,177.52,11.8338,151.894,4689.0,4.61,0.71
5441.01,5441,PC,2.8633026,11.4725,147.202,13.3605,1128.92,6642.2,4.26,1.45
5442.01,5442,PC,12.7091678,16.3709,78.6129,12.1047,499.409,6145.0,4.31,1.25
5443.01,5443,PC,1.6757659,7.62588,3221.06,12.8173,885.894,6960.9,4.25,1.53
5444.01,5444,APC,10.2780324,11.8122,37.8777,12.1258,589.655,6545.7,4.34,1.3
5445.01,5445,APC,6.3780197,18.7767,71.6141,11.8888,813.803,6540.2,3.96,2.03
5446.01,5446,PC,4.4977307,13.0442723,1111.2092116,12.7601,872.619,6544.0,4.2,1.5335
5447.01,5447,FP,1.4958429,6.70553,825.738,13.1472,602.413,5666.0,4.24,1.27
5448.01,5448,PC,3.214031,6.77869,284.023,12.1629,277.019,5366.0,4.55,0.85
5449.01,5449,PC,2.5444539,12.5904,2136.19,13.4597,1093.14,6171.0,4.01,1.77
545.01,545,KP,1.9000862,15.0496208,823.7008783,14.2465,764.889,5440.0,4.41615,0.934028
5450.01,5450,FP,0.8857522,3.19978,3880.86,11.4541,317.566,6238.2,4.42,1.13
5451.01,5451,PC,1.6822448,12.3028,379.254,12.6819,463.462,5534.6,4.34,1.1
5452.01,5452,PC,0.9907914,16.1327515,10706.9470002,12.6167,947.518,6273.8,4.0,1.82635
5453.01,5453,PC,8.3762443,10.1350877,224.1297312,13.1132,719.398,6086.0,4.38,1.13925
5454.01,5454,PC,3.7196227,13.3603,1249.33,13.2612,1141.59,5623.0,3.81,2.07
5455.01,5455,PC,4.267781,12.0047,939.48,13.3462,826.112,5903.0,4.02,1.67
5456.01,5456,FP,1.0711292,5.8474,5277.35,12.3128,555.611,6070.0,4.26,1.31
5457.01,5457,PC,1.2452975,6.31449,4049.64,11.7207,595.667,6580.3,4.13,1.66
5458.01,5458,PC,22.0632969,10.1729473,41.5500612,10.6275,187.103,5762.0,4.44,1.0093499
5459.01,5459,PC,2.8078585,14.8378,428.439,12.8255,921.369,6338.0,3.95,1.95
546.01,546,KP,9.2016496,13.4373959,203.9516754,13.1573,726.412,6190.0,4.36651,1.12271
5460.01,5460,PC,6.2987919,12.2385,653.131,12.8132,1195.12,6265.0,3.89,2.07
5461.01,5461,PC,7.4603194,11.8373,114.587,11.8517,620.87,6034.1,3.88,2.01
5462.01,5462,PC,3.5533716,4.6477,310.113,10.86,285.501,6280.9,4.36,1.21
5463.01,5463,PC,1.100804,10.0319087,8854.2514993,13.1584,1049.51,6810.0,4.19,1.60902
5464.01,5464,PC,1.1606902,9.92228,101.767,14.9671,282.849,3572.0,4.71,0.53
5465.01,5465,APC,4.3983492,18.5093039,509.9050351,12.8749,627.935,5717.9,4.27,1.22096
5466.01,5466,PC,2.8066134,17.3144,949.059,12.7625,821.135,6709.0,4.29,1.41
5467.01,5467,PC,2.6570006,10.4864,688.584,11.8423,565.359,6328.7,4.11,1.63
5468.01,5468,PC,20.9233666,12.2366,14.0816,12.2122,507.02,6283.0,4.36,1.22
5469.01,5469,PC,29.3312035,11.9961,28.6506,11.9567,727.4,7618.0,4.19,1.77
547.01,547,KP,1.5089635,20.5944,2852.63,13.0501,787.909,5950.0,4.32551,1.29
5470.01,5470,APC,1.450491,8.43132,757.504,12.5627,594.261,6067.0,4.27,1.29
5471.01,5471,PC,4.9017215,15.2294,242.247,13.2751,1204.45,6329.0,4.04,1.78
5472.01,5472,PC,2.2703829,12.7801,515.387,12.8015,536.648,5845.0,4.38,1.1
5473.01,5473,PC,7.5554044,16.0968,736.769,12.2605,1033.36,7872.0,4.09,2.04
5474.01,5474,PC,8.4332312,11.5473,911.613,11.6861,689.255,5874.0,3.68,2.45
5475.01,5475,APC,10.0532043,11.5364,55.4002,12.2106,655.835,6553.2,4.26,1.43
5476.01,5476,PC,10.3413829,10.465,89.0638,13.197,596.321,5732.6,4.43,1.01
5477.01,5477,PC,5.8936518,8.37476,92.0429,13.0406,336.879,5508.0,4.6,0.82
5478.01,5478,APC,8.3026667,14.6377,304.209,12.0515,591.13,5656.0,3.95,1.75
5478.02,5478,FP,10.1197017,9.15067,34.3345,12.0515,591.13,5656.0,3.95,1.75
5479.01,5479,PC,15.1306782,11.9169,59.008,12.2773,598.366,5799.3,4.09,1.52
548.01,548,KP,3.8971203,13.4932227,1103.8090105,13.1861,790.663,6090.0,4.08625,1.6395
5480.01,5480,PC,3.6079916,15.3816,378.206,12.352,330.387,5308.3,,1.89
5481.01,5481,PC,3.9315754,9.60432,711.472,13.4144,942.604,6032.1,4.25,1.32
5482.01,5482,PC,7.9923268,9.69724,104.579,12.9922,659.819,5825.0,4.32,1.18
5483.01,5483,PC,3.7702854,16.647,485.903,12.2304,642.965,5900.3,4.06,1.59
5484.01,5484,APC,1.1282471,8.57678,2317.44,11.394,463.462,6655.8,4.25,1.49
5485.01,5485,PC,2.5840753,7.01829,1881.65,12.8125,774.157,6119.0,4.2,1.4
5486.01,5486,PC,2.0247088,3.7963,53.3297,12.2937,89.6811,3654.0,4.69,0.55
5487.01,5487,PC,4.6549271,9.1871,566.49,12.8708,778.03,5706.0,4.06,1.56
5488.01,5488,PC,3.1910454,12.0476,197.437,13.324,676.829,5907.0,4.45,1.03
5489.01,5489,PC,3.1522131,1.4624574,25.1136938,11.6923,45.0907,3547.0,4.81,0.415961
5489.02,5489,PC,4.9212788,1.2783897,13.8663044,11.6923,45.0907,3547.0,4.81,0.415961
549.01,549,FP,0.516278,2.442348,50.4166361,14.2321,80.6542,3009.0,5.10976,0.169
5490.01,5490,PC,2.5193047,11.5079,1412.92,12.5501,707.292,5706.5,4.0,1.67
5491.01,5491,PC,5.0280368,2.87252,79.6611,11.5182,152.766,4825.0,4.56,0.77
5492.01,5492,PC,2.9238483,11.3257,728.684,13.1211,657.548,6004.0,4.43,1.06
5493.01,5493,PC,24.4383239,5.1712602,45.8413818,10.7421,225.454,6151.0,4.47291,1.03824
5493.02,5493,PC,9.4043652,2.3955263,163.7747493,10.7421,225.454,6151.0,4.47291,1.03824
5493.03,5493,PC,14.5643289,2.2567046,91.4040877,10.7421,225.454,6151.0,4.47291,1.03824
5494.01,5494,PC,2.0760349,4.92939,663.223,11.7628,265.493,5386.0,4.44,0.96
5495.01,5495,PC,9.6569059,2.91617,162.76,10.6421,190.774,5729.1,4.41,1.04
5496.01,5496,FP,43.8418559,9.29872,8.83961,10.7717,257.828,5767.0,4.21,1.32
5497.01,5497,PC,11.2120396,17.1459,336.815,12.3902,804.465,6147.0,4.02,1.75
5498.01,5498,PC,18.2050594,9.06591,12.1018,12.6811,285.229,4880.9,4.5,0.83
5499.01,5499,PC,4.8038446,11.3023,67.3083,12.8935,335.455,5019.0,4.51,0.83
550.01,550,FP,13.24981,20.6343,47.2877,9.1073,62.0121,5076.0,4.71,0.69
550.02,550,FP,10.043245,16.682435,36.1287428,9.1073,62.0121,5076.0,4.71,0.670549
5500.01,5500,PC,1.7530712,19.7783,564.728,13.189,513.084,5625.1,4.54,0.89
5501.01,5501,PC,24.166804,8.65143,41.1658,12.3295,574.701,5985.0,4.22,1.35
5502.01,5502,PC,11.6260799,4.02844,95.1955,10.3404,248.654,6317.0,4.29,1.32
5503.01,5503,FP,5.9522831,15.1211,278.678,12.3391,713.921,6031.2,4.05,1.65
5504.01,5504,PC,13.2414304,4.4877,93.077,10.8343,265.58,6062.1,4.34,1.2
5505.01,5505,PC,11.1064221,10.19,20.7088,12.8078,325.186,5190.5,4.59,0.79
5506.01,5506,PC,19.5862903,19.398,88.9614,13.259,712.281,5986.0,4.3,1.23
5507.01,5507,PC,1.5068165,0.9740062,53.6972467,10.8055,24.4583,3514.0,4.87,0.356879
5508.01,5508,PC,3.1816478,14.4913,994.501,13.4649,1076.22,5949.3,4.11,1.53
5509.01,5509,PC,5.7656076,9.12778,170.956,12.5879,466.413,5638.4,4.37,1.08
551.01,551,KP,2.6473051,10.6134481,70.1195731,13.9143,218.121,3916.0,4.71907,0.567866
5510.01,5510,PC,5.7380349,17.067,998.412,11.4769,620.47,6786.0,4.11,1.76
5511.01,5511,PC,4.7174703,5.77392,6.87901,12.8656,106.339,3628.0,4.72,0.51
5512.01,5512,PC,4.5589188,10.6821,92.6735,12.5869,416.236,5429.0,4.4,1.02
5513.01,5513,FP,7.7235903,17.2663,1249.81,12.3467,1307.02,5994.0,3.5,3.08
5514.01,5514,PC,1.7459947,12.8043,773.913,13.4277,531.582,5332.0,4.46,0.94
5515.01,5515,PC,8.5926333,2.4974696,86.6266934,10.5182,135.459,5494.0,4.57761,0.835682
5516.01,5516,PC,4.3776584,12.3407,448.118,12.2614,857.001,6077.0,3.88,2.02
5517.01,5517,PC,4.5867288,13.5857,639.287,13.4016,1016.76,5737.0,4.06,1.55
5518.01,5518,APC,4.469996,11.2936,894.532,10.927,379.6726,6948.0,,1.12
5519.01,5519,PC,5.8512587,1.3562009,8.3312712,11.7119,37.4763,3443.0,4.86,0.365053
552.01,552,CP,2.788654,9.665126,51.9487662,13.8231,194.964,3654.0,4.438,0.587106
5520.01,5520,KP,14.69808,3.177884,16.3606551,10.6269,77.5586,4362.0,4.53943,0.733789
5520.02,5520,KP,19.4834833,3.5483433,11.2355075,10.6269,77.5586,4362.0,4.53943,0.733789
5521.01,5521,PC,18.5146638,6.56184,39.6871,8.94302,137.592,6379.0,4.28293,1.35
5522.01,5522,PC,1.3851714,6.1348328,4355.4404937,11.9589,571.447,6294.0,4.20464,1.451
5523.01,5523,PC,,9.5037684,1.7221329,13.7701,182.536,3696.0,4.68275,0.563
5523.02,5523,KP,3.4712803,4.2314265,38.8530584,13.7701,182.536,3696.0,4.68275,0.563
5524.01,5524,KP,2.2979915,2.3271065,68.5515646,11.758,77.6888,3650.0,4.66,0.590525
5525.01,5525,PC,2.7521595,1.3820795,22.3702107,11.8693,42.753,3288.0,4.81007,0.418181
5526.01,5526,PC,21.7300248,2.526638,34.3158951,10.8228,106.204,4788.0,4.57314,0.752578
5527.01,5527,PC,346.1614828,2.5449936,0.9363966,10.3965,144.866,5862.0,4.53012,0.92603
5528.01,5528,KP,1.2916034,2.4511775,127.2980722,12.7482,101.632,3689.0,4.72452,0.514745
5529.01,5529,KP,8.8652886,4.2853969,53.9860738,11.8964,203.896,5368.0,4.71954,0.697439
553.01,553,FA,14.058151,2.467289,41.3300316,10.0614,108.159,5465.0,4.57025,0.839854
553.02,553,PC,11.9234819,2.2904053,55.1644235,10.0614,108.159,5465.0,4.57025,0.879477
553.03,553,PC,40.8905117,2.7104157,10.6667755,10.0614,108.159,5465.0,4.57025,0.879477
5530.01,5530,PC,0.4774382,1.118031,608.8739519,11.3978,60.8241,3888.0,4.71522,0.525437
5531.01,5531,PC,4.5352255,1.753622,413.8559989,8.5727,80.6404,5788.42,4.37027,1.10259
5532.01,5532,PC,5.6539689,2.732945,34.3228576,11.5212,90.9985,3975.0,4.5998,0.662052
5532.02,5532,PC,2.3929801,1.6929049,108.0113015,11.5212,90.9985,3975.0,4.5998,0.662052
5533.01,5533,PC,1.6098954,3.8276199,7739.833691,10.8475,516.56,7173.0,4.13332,1.79821
5534.01,5534,KP,0.3693057,2.1341819,3842.3392138,11.3328,152.509,5129.0,4.61786,0.755722
5535.01,5535,KP,3.3863171,,512.9234115,14.4087,1314.53,5780.0,4.438,
5536.01,5536,PC,3.1479748,6.17795,810.338,10.4756,463.124,6555.0,3.56,3.22
5537.01,5537,PC,22.2897649,8.90212,240.104,10.4422,370.57,5772.0,3.56648,2.77
5538.01,5538,PC,23.899595,12.8307536,12.1501484,13.1748,310.197,4736.5,4.55,0.76962
5539.01,5539,PC,7.1123703,1.85858,117.665,10.0286,123.647,5595.7,4.52,0.91
554.01,554,PC,7.0491608,2.8464941,489.6346689,6.4386,45.6181,6337.87,4.438,1.42717
554.02,554,PC,3.0440441,1.3337425,1500.1020491,6.4386,45.6181,6337.87,4.438,1.42717
5540.01,5540,FP,1.0995742,9.72799,1068.72,10.2003,242.868,6040.0,4.13,1.51
5541.01,5541,PC,9.0182382,5.61073,105.561,12.2916,378.277,5805.0,4.51,0.94
5542.01,5542,CP,75.1247037,13.8062,7.6236,11.8452,348.849,5392.9,4.2,1.27
5543.01,5543,PC,3.5424466,3.8362277,230.7314546,10.659,125.194,5058.0,4.50269,0.853329
5544.01,5544,PC,4.2050741,3.3240452,197.5133118,10.3535,113.205,5086.0,4.48,0.877822
5545.01,5545,PC,1.9613369,15.8657793,533.3830462,14.245,592.204,4427.0,4.22028,1.06738
5546.01,5546,PC,9.8479326,18.822612,997.3154311,12.3047,924.313,6887.55,3.89433,2.29041
5547.01,5547,PC,19.6304978,14.0835896,44.7962153,10.8481,193.901,5509.85,4.39122,1.03786
5548.01,5548,PC,18.9690014,2.6609357,52.0861834,9.8978,134.736,5551.25,4.36023,1.08166
5549.01,5549,PC,7.4323882,3.7818383,186.0306364,11.1971,208.148,4921.0,4.11275,1.30646
555.01,555,CP,1.9416366,11.7569044,127.6742735,14.857,385.689,3837.0,4.72608,0.633668
5550.01,5550,PC,13.955959,2.22304,58.904,9.62527,139.794,5923.8,4.36,1.13
5551.01,5551,PC,2.40541,2.0045261,66.6982074,12.4507,99.7999,3768.0,4.69159,0.552722
5552.01,5552,PC,28.6503407,9.4200991,21.030545,11.9901,287.606,5639.5,4.54594,0.883211
5553.01,5553,PC,1.7617165,1.5510074,439.121942,10.6853,103.347,4732.72,4.49669,0.814343
5554.01,5554,PC,26.694279,2.6845863,4.0851419,9.83733,39.4478,3997.0,4.6288,0.626722
5555.01,5555,KP,32.9373717,2.5336294,1.0873336,11.2373,38.0266,3464.0,4.7864,0.444516
5556.01,5556,KP,0.7195712,1.6108417,6635.8566598,8.89098,109.86,5910.0,4.27216,1.2550499
5557.01,5557,CP,4.0179805,1.1017624,4.6439935,12.4289,21.8182,3166.0,5.07428,0.194357
5558.01,5558,KP,26.1944549,2.9945935,8.8137847,11.0384,105.58,4678.0,4.60838,0.709927
5559.01,5559,KP,2.1408063,2.59639,428.205,10.3729,144.202,5372.0,4.40929,1.0
556.01,556,FP,2.294185,1.95611,304.478914,11.3075,146.905,5062.0,4.62,0.707445
5560.01,5560,PC,702.469227,9.883855,59.9115659,10.4105,408.274,6781.59,4.05268,1.88308
5561.01,5561,PC,2.0074528,7.1639347,50.6324451,15.1792,272.64,3449.0,4.74578,0.490442
5562.01,5562,KP,13.8532745,2.2098839,9.7560707,11.4529,72.7998,3893.47,4.58272,0.655766
5563.01,5563,PC,,8.2623708,16.3774202,10.7986,185.26,5776.0,4.51349,0.932735
5564.01,5564,PC,760.0530038,10.8619,0.149701,11.6871,251.487,5722.0,4.55,0.89
5564.02,5564,PC,45.4964928,8.81795,8.47778,11.6871,251.487,5722.0,4.55,0.89
5565.01,5565,PC,3.2601896,14.6248,809.661,12.932,676.655,5542.4,4.16,1.36
5566.01,5566,PC,14.5814997,9.70874,111.563,13.1133,748.345,5830.0,4.22,1.32
5567.01,5567,PC,13.62636,10.048,26.6947,13.2573,431.019,5260.6,4.58,0.81
5568.01,5568,PC,16.2601049,10.1064,5.91348,13.2187,574.817,5496.0,4.38,1.05
5569.01,5569,PC,5.4021326,23.2699,359.953,13.3273,974.173,6312.0,4.26,1.37
557.01,557,PC,3.344904,2.2540532,48.9314538,11.6434,75.9623,3883.0,4.71022,0.573953
5570.01,5570,PC,23.1678315,9.49037,14.833,13.4113,454.675,5120.0,4.48,0.88
5571.01,5571,PC,731.4778512,11.7782,0.0776109,11.2245,303.081,6250.4,4.44,1.1
5572.01,5572,PC,5.8586824,2.35965,43.4681,10.4309,78.0645,4571.0,4.58,0.72
5573.01,5573,PC,8.7960328,9.14959,8.51849,13.6281,186.562,3695.0,4.66,0.59
5574.01,5574,PC,6.8242909,2.23971,33.8464,11.6643,117.383,3999.0,4.35,0.87
5575.01,5575,PC,32.0736228,9.48121,0.243503,14.0127,56.6893,3176.0,5.0,0.24
5576.01,5576,FP,1.2833113,9.39506,3343.46,12.574,974.619,8055.0,4.49,1.32
5577.01,5577,PC,0.358558,8.24018,948.501,11.1947,508.394,6813.5,4.16,1.67
5578.01,5578,PC,13.4659853,3.3076,12.7406,12.3681,158.202,4340.0,4.59,0.69
5579.01,5579,PC,19.8628449,7.82397,0.933932,13.5426,115.906,3595.0,4.8,0.43
558.01,558,CP,14.5728985,13.5300683,248.8553739,10.9923,402.63,6025.8,4.0,1.76095
5580.01,5580,PC,5.2782582,5.6755,320.994,12.2989,486.081,5647.0,4.22,1.29
5581.01,5581,PC,33.5383044,9.8149834,9.3663171,11.8294,191.145,4947.0,4.55,0.794396
5582.01,5582,PC,4.51125,5.04347,1281.58,11.2713,533.617,6297.2,3.97,1.91
5583.01,5583,PC,3.0650073,11.1354,26.6949,14.2833,,3619.0,4.57,0.69
5584.01,5584,PC,18.6300789,3.01483,6.92991,10.7314,69.0641,4092.4,4.5,0.75
5585.01,5585,PC,1.8434549,8.05828,1139.02,13.0348,771.853,6457.2,4.44,1.14
5586.01,5586,PC,8.9165771,6.82341,108.636,13.4794,540.141,5607.0,4.45,0.98
5587.01,5587,PC,3.7349773,14.1804,702.991,13.3834,943.289,5632.0,4.05,1.57
5588.01,5588,PC,8.9109435,16.5406,51.4199,12.4506,655.855,5733.0,4.05,1.57
5589.01,5589,PC,5.6895053,12.0705,578.708,11.4972,244.354,5707.5,,1.89
559.01,559,CP,6.9839072,12.2398,404.915,10.5704,233.266,5972.0,4.31,1.21
5590.01,5590,PC,1.2749899,2.69399,201.011,11.9639,136.242,4216.7,4.48,0.78
5591.01,5591,PC,12.8665269,4.59403,179.365,12.1721,356.237,5465.0,4.38,1.05
5592.01,5592,PC,2.6085851,13.9108,680.058,12.136,597.026,6331.0,4.25,1.38
5593.01,5593,PC,4.7974601,10.4912,1955.29,13.2201,1130.59,6549.4,4.21,1.51
5594.01,5594,PC,9.2271917,9.80232,138.883,12.826,683.54,5899.0,4.23,1.32
5595.01,5595,PC,5.9900508,4.71645,24.7628,12.1765,136.955,4119.0,4.51,0.74
5596.01,5596,APC,0.3642961,15.3432,4454.77,13.2995,1439.26,6164.3,3.83,2.17
5597.01,5597,PC,1.9784368,22.5379,1211.74,13.4913,893.967,6337.0,4.44,1.11
5598.01,5598,PC,6.2948747,6.67951,9.34062,14.7371,248.266,3584.0,4.71,0.53
5599.01,5599,PC,5.4368408,6.11754,833.218,11.2785,547.948,6246.0,3.96,1.91
560.01,560,CP,6.3980642,2.62025,33.7178,8.5925,31.5666,4695.0,4.5,0.63
560.02,560,CP,18.8792871,1.99787,10.5814,8.5925,31.5666,4695.0,4.5,0.63
5600.01,5600,PC,10.717359,12.4655,30.4561,13.1922,378.06,5047.0,4.55,0.8
5601.01,5601,PC,9.5197732,3.89219,32.9482,13.3757,313.795,4541.0,4.52,0.77
5602.01,5602,PC,5.4853379,13.6635,114.21,13.4409,874.724,6054.4,4.33,1.21
5603.01,5603,PC,0.5736183,6.063,3111.57,11.6494,795.259,6711.9,3.94,2.12
5604.01,5604,PC,11.1801504,6.89187,183.14,11.2399,373.528,6413.0,4.21,1.47
5605.01,5605,PC,5.9133875,2.3864,33.3499,11.0737,95.0735,4374.8,4.54,0.74
5606.01,5606,PC,1.236949,9.84184,25.0169,13.3591,316.465,4660.0,4.56,0.75
5607.01,5607,PC,3.2750907,11.2041,664.018,13.1953,811.406,5859.0,4.21,1.33
5608.01,5608,PC,6.4424263,3.14002,58.2235,12.6975,250.177,4661.0,4.5,0.8
5609.01,5609,PC,4.019251,13.7216,96.9861,13.4584,816.667,5904.0,4.34,1.16
561.01,561,CP,10.778833,2.6584,65.3136,9.5273,85.799,5391.0,4.52526,0.84
561.02,561,CP,0.4465713,1.48867,4347.38,9.5273,85.799,5391.0,4.52526,0.84
561.03,561,CP,25.7122157,2.8781392,2.8639178,9.5273,85.799,5391.0,4.52526,0.840576
561.04,561,CP,,3.1858058,0.1423856,9.5273,85.799,5391.0,4.52526,0.840576
5610.01,5610,PC,7.9454767,9.87351,3.70033,14.8686,274.922,3714.0,4.73,0.51
5611.01,5611,PC,11.3630224,2.39002,27.5227,12.1235,191.341,4741.1,4.54,0.77
5611.02,5611,PC,26.7159918,2.7358038,10.605918,12.1235,191.341,4741.1,4.54,0.773317
5612.01,5612,PC,7.1314563,7.98487,55.3319,13.1082,334.412,4701.6,4.43,0.88
5613.01,5613,PC,12.782983,9.1313,29.951,11.7963,291.68,5594.0,4.46,0.97
5614.01,5614,PC,4.172202,3.23281,74.1594,13.0076,223.016,4313.0,4.53,0.73
5615.01,5615,PC,11.7672708,15.2219,141.822,13.0669,693.821,6205.0,4.43,1.1
5616.01,5616,PC,2.0034478,10.9523,58.2268,14.6877,390.415,3927.0,4.61,0.65
5617.01,5617,PC,3.154201,12.0524,589.138,13.0537,760.003,5771.5,4.18,1.36
5618.01,5618,PC,3.5254325,17.2611,2183.12,12.9882,631.38,5497.0,4.23,1.25
5619.01,5619,PC,37.9984529,7.69928,19.8821,10.7131,270.633,5839.5,4.18,1.38
562.01,562,CP,3.9306027,1.26995,16.4901,8.74094,9.44181,3505.0,4.90573,0.36
5620.01,5620,PC,3.2856588,12.5808,187.224,11.9683,227.174,4898.9,4.43,0.91
5621.01,5621,PC,39.9753375,14.1085,18.6491,12.64,718.289,5989.0,4.16,1.45
5622.01,5622,PC,3.0594206,9.6239,1193.52,13.2859,1186.92,5414.0,3.75,2.14
5623.01,5623,PC,3.6636707,8.91486,77.2704,13.1388,565.9,5286.0,4.18,1.28
5624.01,5624,PC,13.7317565,4.07678,157.055,10.0326,101.913,5342.0,4.57,0.83
5624.02,5624,PC,3.3903593,2.27887,251.103,10.0326,101.913,5342.0,4.57,0.83
5624.03,5624,PC,7.8854383,2.23283,96.429,10.0326,101.913,5342.0,4.57,0.83
5624.04,5624,PC,21.4904723,2.43328,21.9904,10.0326,101.913,5342.0,4.57,0.83
5625.01,5625,PC,3.4645195,10.4699,28650.3,9.1189,260.349,6351.0,3.78,2.4
5626.01,5626,PC,,10.4373,71.6585,9.80675,122.745,5699.0,4.46,0.98
5627.01,5627,PC,7.5575607,12.4415238,61.0057318,12.0051,193.533,4893.71,4.57637,0.762768
5628.01,5628,PC,4.3415097,,45.5106873,14.4733,110.03,3427.0,4.438,
5629.01,5629,PC,2.2853731,3.93456,297.666,10.4671,132.992,5299.0,4.48,0.91
563.01,563,PC,731.9380939,6.5656892,10.8794711,10.4397,157.152,5383.0,4.42352,0.983025
5630.01,5630,PC,3.2220038,2.0774,937.884,10.3331,134.047,5382.4,4.47,0.93
5631.01,5631,KP,2.2438471,14.2892,1356.33,9.32423,161.997,6458.0,4.31,1.33
5632.01,5632,KP,4.2342153,7.0962994,185.0743088,10.9016,141.837,5061.9,4.49667,0.859778
5633.01,5633,PC,17.2837172,6.4100045,75.9893459,11.1586,265.924,5600.0,4.26703,1.21154
5634.01,5634,PC,2.2054776,9.6722,64.0804,14.9839,306.144,3770.0,4.71,0.53
5635.01,5635,PC,25.0577354,5.30323,32.4574,12.899,488.879,5954.0,4.59,0.87
5636.01,5636,PC,4.2744435,4.01981,132.963,11.3476,207.621,5405.0,4.5,0.9
5637.01,5637,PC,17.7916498,5.67639,111.663,11.9229,489.497,5803.0,4.14,1.43
5638.01,5638,PC,1.0034686,2.77075,1913.7,11.2836,276.04,5601.2,4.3,1.16
5639.01,5639,PC,3.3957241,2.79896,282.135,12.5811,211.145,4479.0,4.51,0.77
564.01,564,CP,1.6511456,7.7514065,1452.3828899,10.6701,199.581,5752.0,4.47122,1.12196
5640.01,5640,FP,13.0518467,17.0183,25.631,12.0633,257.567,5268.9,4.55,0.83
5641.01,5641,PC,2.1808015,7.66626,29.151,14.5044,215.996,3379.0,4.76,0.48
5642.01,5642,PC,10.2682326,11.589,29.6484,12.9947,1004.08,6181.0,4.08,1.64
5643.01,5643,APC,17.1101127,9.37745,17.8387,12.3255,409.36,5834.7,4.47,0.99
5644.01,5644,APC,6.640285,7.34873,26.3908,11.9816,256.116,5035.9,4.51,0.87
5645.01,5645,PC,4.5362433,7.12776,305.034,12.4054,473.18,5620.5,4.28,1.21
5646.01,5646,PC,2.4277208,6.0694,1747.74,10.8829,429.221,5999.3,3.91,1.93
5647.01,5647,PC,4.0134273,10.7003,101.875,12.1436,415.29,5935.2,4.42,1.06
5648.01,5648,FP,3.3078803,9.74504,19.3914,13.8994,163.236,3571.0,4.73,0.51
5649.01,5649,PC,4.7518771,15.1227,262.123,12.4399,649.889,5676.0,4.05,1.57
565.01,565,APC,3.7271641,25.3271046,1675.5662669,12.8283,988.801,6231.0,4.26445,1.82228
5650.01,5650,PC,34.2825595,5.84592,41.8997,12.469,568.466,6145.0,4.36,1.19
5651.01,5651,PC,10.6893108,6.90838,378.489,12.3879,817.484,5887.0,3.9,1.93
5652.01,5652,PC,18.2598774,8.80539,135.04,13.1125,1038.26,6230.0,4.12,1.59
5653.01,5653,PC,7.4992916,4.15964,250.294,12.8625,593.733,6038.0,4.43,1.07
5654.01,5654,PC,4.2528141,5.49054,89.1065,11.4459,253.021,5318.4,4.33,1.09
5655.01,5655,PC,29.120986,2.28524,4.59168,10.686,71.811,4248.0,4.56,0.71
5656.01,5656,PC,3.2487833,5.49487,140.707,12.3503,302.304,5149.0,4.46,0.91
5657.01,5657,PC,0.8037513,6.33045,496.763,13.441,292.429,4708.0,4.69,0.65
5658.01,5658,PC,1.6064494,11.7098,30.0257,14.5486,295.008,3507.0,4.62,0.63
5659.01,5659,APC,6.2230846,16.4857,347.18,13.0445,803.472,5845.3,4.14,1.44
566.01,566,FP,0.846542,1.642414,85.2240732,12.625,83.5896,3380.0,4.92521,0.325
5660.01,5660,PC,4.8183501,11.5419,69.6374,13.419,622.41,5192.0,4.26,1.15
5661.01,5661,PC,2.8329023,11.996,260.223,12.958,414.658,5447.5,4.56,0.85
5662.01,5662,PC,2.3144207,2.71343,49.7933,11.8706,88.7485,3687.0,4.63,0.62
5663.01,5663,PC,45.0854117,7.92062,0.746125,13.2643,383.712,5013.0,4.55,0.8
5664.01,5664,PC,3.8863969,9.97164,726.387,12.5757,701.942,5436.0,3.95,1.71
5665.01,5665,PC,2.2465076,13.3584,3229.79,13.3931,1443.94,6064.0,3.88,2.03
5666.01,5666,PC,5.468394,16.445,147.869,13.0994,777.763,5526.0,4.06,1.51
5667.01,5667,PC,19.511064,13.6915,13.0704,13.3272,390.189,4951.8,4.52,0.82
5668.01,5668,PC,4.1753448,4.07823,689.452,10.8833,295.293,5686.0,4.12,1.45
5669.01,5669,PC,3.676651,12.1328,792.672,12.1196,700.55,5900.0,3.94,1.83
567.01,567,KP,1.5373643,13.3084502,1422.6075133,12.212,386.346,5959.0,4.4894,0.959588
5670.01,5670,PC,14.616858,15.3936,428.306,10.3918,347.621,6488.0,,1.66
5671.01,5671,PC,3.3079817,11.9758,15.6016,14.8084,167.245,3380.0,4.82,0.41
5672.01,5672,KP,3.0390851,10.9147317,336.0383887,11.4063,199.173,5316.0,4.52626,0.864673
5673.01,5673,KP,2.8386215,12.9007751,702.3850325,12.2688,398.276,5878.0,4.4413,1.02573
5674.01,5674,KP,3.5771891,13.5073506,545.3337575,12.1159,392.791,5849.09,4.40819,1.06358
5675.01,5675,KP,4.0548695,15.5446864,316.3120227,11.3763,213.982,5326.6,4.38933,1.01342
5676.01,5676,KP,3.5061649,12.8576195,174.9015383,10.5319,100.848,4906.0,4.56858,0.771086
5677.01,5677,APC,3.8480185,9.202299,637.2435989,9.50835,137.2,6153.0,4.401,1.12835
5678.01,5678,CP,119.3355264,5.11487,3.83692,10.6691,165.393,5516.0,4.48,0.94
5679.01,5679,PC,1.6622263,18.8693,3599.67,11.2016,420.716,6152.0,4.09,1.61
568.01,568,APC,9.5971977,,127.8880916,8.2866,305.676,5780.0,4.438,
5680.01,5680,CP,3.3575477,12.6518,101.253,12.9463,306.779,5013.0,4.61,0.75
5681.01,5681,APC,1.1041295,10.6327,652.193,12.8086,336.074,4974.0,4.46,0.88
5682.01,5682,PC,3.1159994,15.7497,1419.36,13.0266,974.602,6098.0,4.09,1.6
5683.01,5683,PC,0.7748443,17.1413,28.2246,14.812,,3448.0,4.61,0.64
5684.01,5684,PC,1.1000285,16.0194,1114.93,12.4344,340.9,5644.0,4.53,0.9
5685.01,5685,KP,2.3409909,15.4992,934.465,11.0062,322.114,6090.0,4.23,1.35
5686.01,5686,PC,4.2366102,15.6978,351.913,12.012,394.427,5407.5,4.19,1.28
5687.01,5687,APC,2.924439,8.56554,81.7751,11.536,153.891,4803.0,4.56,0.77
5688.01,5688,CP,2.9479689,9.41494,27.6969,14.2085,226.318,3588.0,4.67,0.58
5689.01,5689,PC,3.3299795,14.9891,258.909,13.3173,591.975,5794.0,4.5,0.95
569.01,569,CP,6.5562078,8.40415,99.2324,9.4727,156.226,6845.0,4.36113,1.47
5690.01,5690,PC,10.4995545,15.8295,60.338,12.6502,968.283,6288.9,4.02,1.79
5691.01,5691,PC,3.3894889,6.16071,352.72,12.6151,483.682,5657.3,,1.03
5692.01,5692,PC,1.6929628,12.4331,384.155,12.5806,306.397,5250.0,4.42,0.97
5693.01,5693,PC,2.8900249,,8.93236,12.169,,4305.3,,
5694.01,5694,PC,1.1544795,16.9317,39.7301,14.4753,276.652,3543.0,4.63,0.62
5695.01,5695,FP,2.2232698,9.36074,5.11732,14.2399,100.029,3157.0,4.87,0.36
5696.01,5696,PC,1637.265104,3.16626,0.0068439,9.1352,66.4522,5271.0,4.56,0.83
5696.02,5696,PC,32.429738,2.6538,9.85942,9.1352,66.4522,5271.0,4.56,0.83
5696.03,5696,PC,,4.8522374,0.8981206,9.1352,66.4522,5271.0,4.56,0.828003
5697.01,5697,PC,6.2183322,2.501165,120.9187899,10.8327,150.233,5554.41,4.64142,0.782913
5698.01,5698,PC,2.346931,9.2562,302.08,11.3529,301.644,5901.0,4.34605,1.15
5699.01,5699,PC,22.0183163,10.5432,25.8591,10.4488,304.745,5901.0,3.99,1.74
570.01,570,APC,1.4687087,5.20197,745.344,10.027,193.468,5973.0,4.27298,1.31
5700.01,5700,PC,1.7812778,1.85549,1063.79,10.4557,121.957,5329.0,4.58,0.82
5701.01,5701,PC,15.0764899,2.44538,83.5256,10.36,195.785,6149.4,4.45,1.06
5702.01,5702,FA,3.1291319,4.10795,516.613,9.83993,222.812,6236.0,4.13,1.57
5703.01,5703,PC,10.169274,6.72921,2486.89,10.0223,146.959,5856.0,4.45,1.01
5704.01,5704,CP,3.7711066,3.3409641,125.0643329,10.6147,89.637,4590.0,4.5426,0.757521
5705.01,5705,PC,10.5998647,2.82438,348.496,9.77081,128.329,5888.0,4.48,0.98
5706.01,5706,PC,0.3576493,3.4051778,5017.8475283,10.7641,120.483,4717.0,4.23,1.05486
5707.01,5707,PC,2.0364271,1.60247,614.718,9.73378,108.095,5553.0,4.48827,0.93
5708.01,5708,PC,2.6953698,4.5145927,580.7236509,9.1454,87.2349,5521.0,4.4322,0.991556
5709.01,5709,PC,3.3810227,1.4978948,30.41073,11.1501,44.6467,3600.0,4.74127,0.495592
571.01,571,KP,4.6418435,12.6031793,684.0972603,11.5598,405.238,5743.0,4.14093,1.41374
5710.01,5710,PC,28.4064643,2.5276328,15.3546861,10.305,114.555,5415.0,4.60828,0.797844
5711.01,5711,PC,16.303675,2.2450389,6.4643503,11.506,85.34439,3729.0,4.60049,0.661191
5712.01,5712,PC,8.2077264,3.816863,241.5964564,10.5591,228.546,6057.0,4.35121,1.1743
5713.01,5713,PC,10.4419896,1.8605473,2.4111217,12.7022,40.8668,3271.0,4.93417,0.292425
5714.01,5714,PC,7.7785082,2.9147429,139.4607259,10.3463,141.492,5610.2,4.46925,0.961354
5715.01,5715,PC,6.2822984,1.307924,17.2380713,11.4201,56.1495,3827.0,4.73676,0.50074
5716.01,5716,PC,6.7662729,1.0176743,3.4093064,13.1066,39.4122,3331.0,5.02076,0.225966
5717.01,5717,PC,741.3380757,3.2337664,0.5968863,10.8222,157.154,5479.3,4.5543,0.856628
5718.01,5718,PC,716.8426894,2.6487075,0.0522484,10.8075,65.9721,3922.0,4.59159,0.672256
5719.01,5719,PC,,2.5656171,0.5748565,9.67055,155.483,6347.0,4.45158,1.10473
572.01,572,APC,2.3382709,14.5827994,1647.3431502,12.54,660.815,6621.0,4.20742,1.17441
5720.01,5720,PC,1.4344602,1.393219,53.970737,11.6196,35.8256,3421.0,4.85368,0.37103
5721.01,5721,PC,729.4823472,3.330945,0.413942,9.92937,140.084,5881.4,4.45955,1.00725
5722.01,5722,PC,61.3191144,6.3907079,4.1256508,12.9454,315.535,4911.0,4.54009,0.795305
5723.01,5723,PC,170.6465146,12.8504525,3.4087943,12.8857,575.831,5695.0,4.32135,1.14952
5724.01,5724,PC,697.4037698,3.0187258,0.8882279,6.9014,50.4126,6060.54,4.21457,1.3749599
5725.01,5725,PC,746.9545356,2.7184667,0.1126616,11.4053,78.9286,3933.0,4.63174,0.623191
5726.01,5726,PC,5.4911302,2.430675,337.3312542,9.16067,108.848,5874.0,4.37711,1.10649
5727.01,5727,PC,6.3928694,3.3171645,435.391459,10.5988,261.104,5712.0,4.12,1.44969
5728.01,5728,PC,11.4974559,1.1269607,3.5120094,12.4896,54.7045,3444.0,4.84899,0.375994
5729.01,5729,PC,554.4989676,3.8883371,0.7956878,12.6265,81.2392,3870.0,4.80522,0.423548
573.01,573,APC,13.5773431,19.8484205,18.9098286,12.519,88.3935,3404.0,4.91079,0.338
5730.01,5730,PC,1.9271225,1.4261604,57.2227793,11.1557,40.9866,3572.0,4.76894,0.464169
5731.01,5731,PC,270.303816,4.4969676,0.3921479,11.241,109.835,4448.25,4.51125,0.767409
5732.01,5732,PC,60.1702823,11.9133,29.4687,10.2071,275.456,6710.0,4.29122,1.42
5733.01,5733,PC,8.2751607,2.8350779,46.1271122,10.968,102.462,4388.89,4.43387,0.832265
5734.01,5734,PC,6.1841688,2.4076002,56.3777871,8.5446,32.5102,4645.0,4.62,0.693766
5735.01,5735,PC,2.1208156,0.837844,12.9004588,12.2822,22.914,3222.0,5.0449,0.210908
5736.01,5736,PC,0.6489865,1.6168473,493.4829998,11.982,92.3604,3949.0,4.66859,0.579535
5737.01,5737,PC,19.4480946,2.3009285,5.921701,12.3105,118.505,3966.0,4.63584,0.618273
5738.01,5738,PC,0.768125,1.3040556,302.1102929,12.1898,91.2062,3717.0,4.67682,0.569914
5738.02,5738,PC,28.5462089,2.8547322,2.4359973,12.1898,91.2062,3717.0,4.67682,0.569914
5739.01,5739,PC,8.4306162,2.0500339,383.1101186,7.1367,61.8703,6104.12,4.15159,1.49138
574.01,574,KP,3.3023907,17.8079912,2236.5715968,12.4257,861.843,6071.0,3.93311,1.91031
5740.01,5740,PC,1.689442,1.3821489,386.3588109,11.958,168.06,4552.0,4.50087,0.788247
5741.01,5741,PC,24.0004143,2.83659,6.01946,10.4514,86.8854,4579.0,4.49,0.8
5742.01,5742,FP,3.965824,7.03413,624.031,10.042,438.137,6199.0,3.62,2.8
5743.01,5743,PC,7.6603722,8.87205,40.7846,10.4748,127.428,5250.0,4.51,0.87
5744.01,5744,PC,5.7488832,2.08943,974.493,9.75577,207.057,6009.0,4.11,1.54
5745.01,5745,PC,,2.2163959,0.1593327,9.8127,78.3388,5097.94,4.61197,0.759102
5746.01,5746,FP,711.7642825,12.6338972,2.4542117,10.5295,85.5353,4661.56,4.57751,0.732648
5747.01,5747,PC,0.5734766,1.4969531,225.4185164,10.7818,28.5321,3466.0,4.80761,0.420908
5748.01,5748,PC,3.0269043,14.2605,1446.66,12.9255,866.343,6154.0,4.06,1.67
5749.01,5749,PC,5.4328364,12.63,1693.95,10.7778,609.042,6024.0,3.43,3.4
575.01,575,FP,19.3721051,17.4598301,233.1335405,8.77728,181.987,6529.0,4.00314,1.88186
5750.01,5750,PC,1.9044134,12.8293,33.8566,14.6578,353.098,3952.0,4.62,0.63
5751.01,5751,PC,1.7465205,9.21007,349.37,13.3889,439.501,5219.0,4.36,1.04
5752.01,5752,PC,6.7113743,15.6415,66.8731,13.4016,634.873,5616.2,4.42,1.02
5753.01,5753,PC,7.4242482,14.2577,114.75,13.1895,914.008,5760.0,4.08,1.53
5754.01,5754,PC,3.6479472,11.96,208.679,12.6025,557.293,5999.0,4.35,1.16
5755.01,5755,PC,5.4397285,10.0246,150.751,12.9079,444.485,5188.0,4.29,1.12
5756.01,5756,APC,7.6408565,9.43925,1.50483,14.0287,,3517.0,4.69,0.56
5757.01,5757,PC,32.6116713,11.6182,1.72193,13.1351,316.349,4626.0,4.45,0.84
5758.01,5758,PC,10.9299688,11.7101,28.5552,13.4932,592.293,5555.0,4.5,0.92
5759.01,5759,PC,8.350615,13.6804,39.5424,13.2038,738.614,6075.0,4.23,1.36
576.01,576,CP,5.4435354,7.30242,402.866,8.86849,114.173,6313.0,4.32632,1.25
5760.01,5760,PC,7.924204,12.6224,226.813,12.5992,618.078,5739.6,4.17,1.39
5761.01,5761,APC,19.5422056,5.05981,15.7305,11.7149,192.846,5221.0,4.62,0.77
5762.01,5762,PC,3.946066,11.2929,179.278,12.6536,527.004,5769.6,4.35,1.13
5763.01,5763,PC,6.9541458,15.5368,289.666,13.185,774.0,5917.0,3.97,1.78
5764.01,5764,PC,5.0859973,16.2391,114.916,12.768,960.081,6503.0,4.13,1.65
5765.01,5765,PC,3.8779743,9.43,549.351,11.5437,371.785,5798.0,4.06,1.57
5766.01,5766,APC,0.5721596,9.61266,3696.08,13.0009,550.385,5560.2,4.33,1.12
5767.01,5767,PC,4.015073,15.9171,383.57,13.4429,648.967,5690.0,4.42,1.03
5768.01,5768,PC,3.7749324,12.3016,1208.55,12.8212,928.084,6448.0,4.14,1.62
5769.01,5769,PC,1.7548863,5.83196,397.807,11.5578,278.969,5589.0,4.37,1.08
577.01,577,APC,3.329754,22.3335,694.276,12.4167,680.747,7341.0,4.14244,1.5
5770.01,5770,PC,1.4529225,12.177,993.613,13.0383,512.769,5986.6,4.59,0.88
5771.01,5771,PC,6.6867154,11.1995,166.048,13.038,864.093,5839.0,3.95,1.8
5772.01,5772,PC,3.5023306,13.5233,91.9991,13.442,757.959,5568.0,4.26,1.21
5773.01,5773,PC,2.7404478,12.6696,908.875,12.4443,614.872,5390.0,3.93,1.74
5774.01,5774,PC,5.4049747,14.7278,170.944,13.2035,554.905,5662.6,4.49,0.95
5775.01,5775,PC,2.4369467,7.18163,471.423,14.8831,190.462,3550.0,4.82,0.41
5776.01,5776,PC,4.1816344,13.4666,782.898,12.1884,676.452,5900.0,3.98,1.76
5777.01,5777,PC,6.9171675,2.51967,21.9209,11.8799,114.277,4208.0,4.6,0.67
5778.01,5778,PC,6.0962241,9.0747,11.1142,14.0296,236.52,3769.0,4.65,0.6
5779.01,5779,PC,10.2515829,11.6535,190.021,13.1293,1161.94,6080.0,3.97,1.83
578.01,578,KP,2.0528684,17.6267405,3140.923774,12.3368,730.933,6010.0,4.13259,1.70948
5780.01,5780,PC,7.5358996,16.6203,20.3071,13.4747,657.865,5306.0,4.29,1.13
5781.01,5781,PC,5.38265,10.2347,986.287,11.8987,675.318,4942.0,,3.05
5782.01,5782,PC,5.0048582,4.81636,795.439,10.6582,327.322,5641.8,3.91,1.83
5783.01,5783,PC,5.4459647,2.77011,158.296,9.0745,78.454,5483.0,4.48,0.93
5784.01,5784,FP,8.6800186,5.59572,106.576,9.96017,309.386,6521.0,4.02,1.86
5785.01,5785,PC,3.0783215,,,10.421,198.793,,,
5786.01,5786,PC,12.7791964,6.85813,374.462,9.77301,192.475,6280.0,4.28,1.33
5787.01,5787,FP,3.1072375,5.27608,24167.8,9.77017,174.979,6030.0,4.25,1.31
5788.01,5788,PC,16.2134274,1.99447,38.9693,9.6069,97.614,5664.0,4.58,0.86
5788.02,5788,PC,6.3346129,1.53236,224.712,9.6069,97.614,5664.0,4.58,0.86
5789.01,5789,PC,12.9256051,2.53704,8.71939,6.5715,20.4581,5132.0,4.49,0.88
579.01,579,PC,1.6843068,14.0651,368.424,9.6668,,4959.7,,4.94
5790.01,5790,APC,2.1981511,22.1803,1034.78,8.73331,337.653,6898.0,3.53,3.49
5791.01,5791,FP,2.2906144,4.657,638.802,10.4519,198.263,5651.0,4.27,1.22
5792.01,5792,APC,0.7036041,7.01336,1029.5,10.492,183.242,5726.0,4.36,1.11
5793.01,5793,KP,2.6940348,18.2513755,2485.0720832,10.5523,348.185,6479.0,4.1239,1.65082
5794.01,5794,KP,1.4857148,14.8585448,1530.9037436,13.6414,720.753,5781.0,4.44616,1.01034
5795.01,5795,PC,6.1406882,5.4273017,240.6726137,10.1872,156.53,5708.0,4.4,1.05042
5796.01,5796,KP,1.7430143,16.9227097,932.907623,11.6659,213.283,5529.0,4.48157,0.937741
5797.01,5797,KP,2.152163,11.9994427,473.405643,10.9984,153.242,5147.0,4.51349,0.85467
5798.01,5798,KP,1.2129139,14.1049577,2796.2341961,11.734,364.813,5918.23,4.34796,1.15176
5799.01,5799,PC,4.1645448,1.9881393,13.3265301,11.1798,27.8123,3521.0,4.8805,0.343358
580.01,580,PC,1.5498373,13.3884,159308.0,9.5518,346.494,11159.0,4.51,1.58
5800.01,5800,PC,2.6282606,2.8331017,274.1629769,8.6133,42.9052,4821.0,4.51,0.817034
5801.01,5801,KP,3.067816,11.7996868,72.441983,10.3622,49.7876,3965.0,4.62,0.636572
5802.01,5802,KP,2.7161298,14.5541659,1034.0911042,11.8886,398.505,5962.0,4.32795,1.18678
5803.01,5803,CP,5.3829728,3.5038,73.722,9.937,84.0126,5134.0,4.61,0.76
5804.01,5804,FP,1.7615631,6.69058,636.482,9.78095,263.608,6270.7,3.94,1.95
5805.01,5805,PC,20.5676815,5.30408,670.217,9.30608,195.711,6809.0,4.26,1.49
5806.01,5806,PC,3.1856488,11.2665,473.071,8.2942,119.199,6602.0,4.22,1.51
5807.01,5807,PC,14.2423724,2.12067,184.841,6.8806,72.9611,6815.9,4.17,1.65
5808.01,5808,PC,7.1701672,2.37279,162.379,8.9415,79.953,5707.0,4.5,0.94
5809.01,5809,PC,9.2103194,2.62813,26.9787,9.3206,,4115.1,,0.88
581.01,581,PC,1.3891689,6.01556,84020.4,9.5287,434.207,10585.0,4.35,1.84
5810.01,5810,PC,5.6857105,15.1292,1023.84,10.291,320.387,6142.0,3.96,1.87
5811.01,5811,PC,6.25656,11.4949,1247.98,7.74689,169.494,5608.0,,3.81
5812.01,5812,KP,10.1466193,11.2199,212.215,10.4106,194.333,5660.0,4.27,1.22
5812.02,5812,PC,,8.79039,156.203,10.4106,194.333,5660.0,4.27,1.22
5813.01,5813,PC,27.0525472,2.99769,17.7487,9.77358,121.745,5615.0,4.42,1.01
5814.01,5814,PC,6.254395,2.73791,115.322,10.4008,104.955,4986.0,4.52,0.83
5815.01,5815,KP,3.8993831,15.2636582,1703.2412549,11.5352,568.42,6152.0,3.96619,1.86222
5816.01,5816,PC,20.4282929,12.8306,559.996,11.2546,566.807,8991.0,4.45701,1.47
5817.01,5817,PC,15.6146058,3.0272584,126.863222,8.0581,80.7542,5809.0,4.17404,1.3820699
5818.01,5818,KP,2.6052674,17.8543699,2114.8556223,12.5375,738.519,5916.0,4.02617,1.66978
5819.01,5819,PC,3.4200073,2.8520931,443.2548574,10.828,188.762,5463.0,4.39104,1.03162
582.01,582,FP,3.7442007,18.117379,38392.1562998,9.3994,900.651,9988.0,3.59,4.23822
5820.01,5820,KP,3.9156848,16.7083729,1704.493923,11.07,466.433,6228.0,3.98845,1.83823
5821.01,5821,KP,2.1425095,21.3705,38711.5,8.08821,182.273,7893.0,4.105,2.02
5822.01,5822,KP,1.5487245,14.506178,2978.2047666,12.0671,523.337,5887.35,4.16889,1.41021
5823.01,5823,KP,3.8681492,12.2658903,180.5563786,8.8628,49.9605,4746.0,4.4323,0.877591
5824.01,5824,KP,3.8555897,13.9654622,456.1749634,14.8018,1257.16,5741.0,4.40631,1.05268
5825.01,5825,PC,9.7348295,3.6974,204.476,9.95806,182.264,6115.71,4.33401,1.21
5826.01,5826,PC,2.8140207,17.2648,2559.93,11.7134,774.122,7456.0,4.09,1.96
5827.01,5827,PC,5.0493049,15.7942,435.709,12.9192,614.225,5821.0,3.97,1.76
5828.01,5828,PC,1.1951761,4.46821,2437.87,12.2148,264.73,5313.0,4.56,0.83
5829.01,5829,PC,1.3502386,9.28384,1251.72,11.3492,418.945,5015.0,,2.29
583.01,583,PC,6.5604227,11.1988,227.331,9.3761,354.432,10902.0,4.42,1.72
5830.01,5830,FP,2.8465928,8.8779,536.42,11.8512,487.216,5308.0,3.82,1.94
5831.01,5831,PC,3.7846792,12.2675,501.062,10.9653,324.532,6360.0,4.16,1.55
5832.01,5832,PC,5.1357505,13.7192,461.579,12.776,675.49,6301.0,4.32,1.28
5833.01,5833,PC,2.6721807,13.6986,499.207,13.1692,509.036,5549.0,4.38,1.06
5834.01,5834,PC,3.5242025,12.31,60.7404,12.231,178.827,4485.0,4.5,0.78
5835.01,5835,PC,6.4226101,13.4185,78.3241,13.0949,407.252,4977.0,4.37,0.98
5836.01,5836,PC,8.4498763,11.6649,2.51961,14.5478,145.911,3330.0,4.82,0.41
5837.01,5837,PC,2.9665122,13.1813,2634.75,12.4152,614.974,7564.0,4.35,1.46
5838.01,5838,PC,3.5982966,13.0275,43.9473,12.8557,218.118,4458.0,4.54,0.75
5839.01,5839,FP,2.5411063,16.4931,2348.06,12.3367,730.258,6657.0,4.08,1.78
584.01,584,FP,1.2602151,28.2499512,60333.0433838,9.1103,436.431,9255.0,3.88,2.9098899
5840.01,5840,PC,4.006489,16.2059,1122.8,13.4506,1176.96,6600.0,4.23,1.49
5841.01,5841,PC,4.2025514,10.5624,646.84,12.1201,500.44,5678.0,3.93,1.8
5842.01,5842,PC,2.8091879,5.92308,392.13,12.5432,460.272,5821.0,4.44,1.03
5843.01,5843,PC,4.197866,12.6868,356.665,13.3247,680.835,5581.0,4.27,1.21
5844.01,5844,PC,6.0671557,6.40583,98.668,11.9963,465.656,5737.0,4.18,1.36
5845.01,5845,PC,1.9081122,18.193,5740.22,11.4599,1465.57,8944.0,3.75,3.3
5846.01,5846,PC,10.5353472,15.2166,9.27536,12.8895,784.865,6044.0,4.19,1.4
5847.01,5847,PC,2.5641981,6.33611,2863.8,11.8895,351.781,6014.0,,1.23
5848.01,5848,PC,1.5101054,19.2985,3194.9,13.4236,1095.42,5964.0,4.0,1.74
5849.01,5849,PC,3.9964264,13.0504,132.764,11.2543,273.452,5771.0,4.34,1.14
585.01,585,APC,5.547255,19.6103,1064.8261726,8.9544,157.612,6118.1,4.29,1.66
5850.01,5850,FP,3.9997367,13.8899,3.03288,10.9951,64.193,3827.0,4.62,0.64
5851.01,5851,PC,4.5049415,11.5788,181.815,12.8137,433.416,5697.0,4.45,0.99
5852.01,5852,PC,3.9956793,13.077,51.5714,13.4781,255.965,4348.0,4.62,0.67
5853.01,5853,PC,3.7219898,12.8025,257.512,11.9781,293.498,5806.0,4.47,0.98
5854.01,5854,PC,4.449914,14.3475,105.034,12.647,385.952,4910.0,4.19,1.2
5855.01,5855,FP,2.4710528,12.1002,5313.3,12.3924,438.754,6114.0,4.52,0.97
5856.01,5856,PC,0.5498864,4.44804,7481.4,11.0263,298.032,5808.0,4.2,1.35
5857.01,5857,PC,3.415047,11.3277,131.926,13.4236,667.063,5449.0,4.31,1.12
5858.01,5858,PC,7.1476512,11.017,86.2156,12.3224,318.912,5287.0,4.45,0.94
5859.01,5859,PC,3.3787501,6.36345,39.4252,13.1338,165.237,3769.0,4.63,0.63
586.01,586,FP,22.6384642,28.0326,636.099,8.2268,253.02,9511.0,4.05,2.42
5860.01,5860,APC,5.2498931,12.9409,109.163,12.0019,442.817,5988.0,4.27,1.27
5861.01,5861,PC,14.3033451,17.1437,72.8052,12.5375,432.745,5862.0,4.42,1.05
5862.01,5862,FP,5.3194765,15.9815,1271.35,12.0997,1276.28,6987.0,3.77,2.66
5863.01,5863,PC,2.8492565,13.9182,129.049,12.7354,276.469,4829.0,4.46,0.87
5864.01,5864,PC,10.4453589,11.824,150.959,12.9564,659.756,5961.0,4.32,1.19
5865.01,5865,PC,6.6314176,10.0835,165.896,11.3471,482.143,6044.0,4.0,1.75
5866.01,5866,FP,3.8421028,13.2581,120.549,11.1838,356.406,6247.0,4.28,1.32
5867.01,5867,FP,1.109435,10.2843,1164.27,14.9156,254.311,3613.0,4.75,0.49
5868.01,5868,PC,2.677573,14.0246,1812.44,11.3283,756.82,6875.8,3.85,2.41
5869.01,5869,PC,3.3879742,19.4699,1395.05,13.2483,1368.83,6236.0,3.94,1.95
587.01,587,FP,8.044239,15.1761031,3094.0780065,7.81307,210.139,9333.0,,2.0411401
5870.01,5870,PC,,10.8653,17.2269,10.7974,344.862,6336.8,4.2,1.48
5871.01,5871,PC,1.343636,18.3699,2519.68,12.7966,581.579,6339.0,4.45,1.1
5872.01,5872,PC,2.2425137,6.01656,830.151,12.3295,466.611,6032.0,4.37,1.14
5873.01,5873,PC,0.4131063,12.2118,111.259,14.0135,175.022,3621.0,4.74,0.5
5874.01,5874,PC,2.5784481,10.3952,147.884,12.3072,406.631,5512.0,4.33,1.12
5875.01,5875,PC,5.216581,8.2634,213.2,13.1099,454.912,5248.0,4.42,0.96
5876.01,5876,FP,9.7216312,7.28362,176.156,10.6372,387.926,6702.0,4.13,1.7
5877.01,5877,PC,6.9100016,15.2568,1742.51,12.0836,970.989,8722.0,3.99,2.47
5878.01,5878,PC,3.4363074,14.7953,274.056,12.8056,350.804,5213.0,4.53,0.85
5879.01,5879,PC,4.0331416,9.63078,7.64407,14.3602,167.333,3355.0,4.76,0.48
588.01,588,PC,39.4718663,16.3498,176.652,7.3123,154.186,10416.0,4.35,1.82
5880.01,5880,PC,3.1162505,15.0692,1071.51,13.3573,943.441,6244.0,4.22,1.42
5881.01,5881,PC,2.2377411,14.7763,3548.41,12.5366,1101.02,6148.0,3.72,2.46
5882.01,5882,PC,7.1487697,14.1861,4792.5,10.6338,416.104,5706.0,3.7,2.35
5883.01,5883,APC,0.5223032,14.2556,3259.1,12.5701,882.718,6285.0,4.06,1.72
5884.01,5884,PC,5.8311038,15.2747,354.772,10.5002,440.704,6390.0,3.83,2.29
5885.01,5885,PC,4.7264391,14.0851,506.011,12.5816,1036.16,6132.0,3.75,2.37
5886.01,5886,FP,0.9655766,11.5845,3796.11,12.3886,832.543,7542.0,4.11,1.92
5887.01,5887,FP,6.3989216,10.6347,280.377,12.4276,726.81,6243.0,4.12,1.59
5888.01,5888,PC,15.2501659,9.87708,63.3289,12.6212,629.405,5796.0,4.14,1.44
5889.01,5889,PC,2.4013188,12.4643,118.916,12.9722,200.902,4224.0,4.54,0.72
589.01,589,FP,2.5183846,21.1354407,30104.8834446,6.725,390.393,10817.0,,5.7888398
5890.01,5890,PC,5.9029732,11.3389,547.695,13.1251,665.349,7142.0,4.49,1.18
5891.01,5891,PC,4.1784844,15.7612,1094.98,11.3909,688.501,6283.0,3.77,2.4
5892.01,5892,FP,1.9447712,13.5597,425.174,11.6866,593.047,5369.0,3.68,2.32
5893.01,5893,PC,,10.6236,193.477,11.4879,320.641,5887.0,4.35,1.15
5894.01,5894,PC,3.0076713,12.7756,708.388,13.1645,682.724,5704.0,4.27,1.22
5895.01,5895,APC,3.6491012,11.0954,144.518,12.0995,486.566,5628.0,4.14,1.4
5896.01,5896,PC,0.9965843,6.86149,815.756,14.6656,284.245,3662.0,4.67,0.58
5897.01,5897,PC,6.9349089,11.4838,112.177,12.7968,409.12,5364.0,4.46,0.94
5898.01,5898,PC,9.7884653,10.0684,96.5028,12.5037,715.744,5369.0,3.84,1.92
5899.01,5899,FP,0.7835688,11.8563,1710.79,12.935,675.895,5932.0,4.26,1.28
590.01,590,FP,18.90372,,,10.441,,,,
5900.01,5900,PC,2.4667486,18.8159,1380.7,13.3192,1406.96,5960.0,3.78,2.22
5901.01,5901,FP,5.555905,11.9323,409.941,12.5454,853.753,5867.0,3.88,1.95
5902.01,5902,PC,4.8292589,13.6377,1106.76,12.2866,760.606,7035.0,4.18,1.67
5903.01,5903,PC,2.4707357,11.779,343.055,12.5937,682.522,5869.0,4.1,1.53
5904.01,5904,PC,5.6567374,13.5941,296.507,13.4171,1036.7,5975.7,4.09,1.57
5905.01,5905,PC,3.0233509,11.3795,201.365,12.8127,296.925,4881.0,4.5,0.84
5906.01,5906,APC,30.1181254,16.7776477,34.9078647,11.2922,283.463,5809.0,4.35,1.1248
5907.01,5907,PC,0.6583175,8.31454,2467.92,12.4411,456.741,5766.0,4.38,1.08
5908.01,5908,FP,2.4515393,11.6029,3082.85,13.0008,841.296,7143.0,4.4,1.32
5909.01,5909,PC,4.7729363,12.9614,517.385,12.6132,987.706,6269.0,3.94,1.96
591.01,591,FP,8.4915117,87.0155,2278.83,10.1749,1219.08,9365.0,4.08,4.18
5910.01,5910,FP,17.2182695,8.64247,236.125,13.4177,932.309,6330.0,4.31,1.29
5911.01,5911,PC,4.009823,12.1613,1001.22,12.8343,786.279,6304.5,4.27,1.35
5912.01,5912,PC,6.9038328,14.2131,426.677,12.1486,802.137,5612.0,3.71,2.31
5913.01,5913,APC,10.1522322,19.4581,466.261,11.7685,694.7,6509.0,4.0,1.92
5914.01,5914,PC,4.3887257,8.92241,359.493,12.0389,369.604,5561.0,4.32,1.13
5915.01,5915,FP,12.5482879,13.0082,8.90508,14.3196,273.689,3923.0,4.66,0.59
5916.01,5916,PC,2.3682389,10.9197,48.4913,14.5249,199.724,3504.0,4.75,0.49
5917.01,5917,PC,4.0387941,9.54371,850.594,12.7031,654.081,6345.0,4.31,1.31
5918.01,5918,PC,2.0353259,11.6988,675.543,12.8978,537.542,5771.0,4.41,1.05
5919.01,5919,PC,4.3686174,13.2129,277.556,12.2869,704.54,5393.0,3.76,2.13
592.01,592,FP,10.4137962,8.3814,131.058,10.1985,358.441,6439.3,4.12,1.97
5920.01,5920,PC,15.4159906,10.5168,18.6278,11.499,453.294,6120.0,4.12,1.56
5921.01,5921,PC,5.0114216,15.3662,788.546,13.0598,1329.58,6152.0,3.82,2.22
5922.01,5922,PC,5.2079858,16.7817,261.968,13.3113,914.716,5204.1,3.88,1.79
5923.01,5923,PC,4.0252588,13.4189,692.888,12.7861,742.549,6059.0,4.2,1.4
5924.01,5924,FP,6.2043746,14.9548,911.223,11.429,707.092,6122.0,3.71,2.49
5925.01,5925,PC,6.1606297,11.9381,134.424,12.2493,496.639,6352.0,4.42,1.14
5926.01,5926,PC,3.8116176,7.38288,157.644,12.0025,275.103,5430.0,4.52,0.89
5927.01,5927,PC,3.7306955,12.6264,1136.26,12.143,700.098,6503.0,4.17,1.56
5928.01,5928,PC,3.246565,12.5001,1210.17,12.7,722.174,6277.0,4.29,1.32
5929.01,5929,PC,4.6079976,15.6586,605.972,12.9153,1011.55,6662.0,4.08,1.79
593.01,593,FP,13.9086,37.5946,,10.1078,382.898,6333.0,3.81,2.29
5930.01,5930,PC,3.7984372,11.9632,1535.28,11.0235,486.583,6289.0,3.95,1.94
5931.01,5931,PC,4.2447791,9.6255,409.43,12.4083,501.965,5763.0,4.26,1.24
5932.01,5932,PC,3.1003012,18.292,383.536,13.0812,1067.12,6323.0,4.09,1.67
5933.01,5933,PC,5.5901313,8.79073,16.0188,13.4538,326.203,4743.0,4.57,0.75
5934.01,5934,PC,2.5505105,20.0973,292.554,12.9724,940.966,6190.0,4.11,1.59
5935.01,5935,PC,3.0200448,13.0636,171.551,12.6045,468.664,5585.0,4.25,1.23
5936.01,5936,PC,0.3781425,9.06704,946.484,13.0338,406.197,5080.0,4.4,0.96
5937.01,5937,PC,21.0685273,13.6234,10.5716,13.3872,609.717,5403.0,4.36,1.06
5938.01,5938,PC,2.260431,3.92152,249.273,11.3519,114.035,4452.0,4.54,0.74
5939.01,5939,PC,6.13049,12.5189,940.498,13.1765,1316.27,6078.0,3.86,2.08
594.01,594,PC,13.9492617,,77.676157,10.3979,992.63,,,
5940.01,5940,FP,2.8534013,11.4232,961.087,14.1736,196.44,3662.0,4.72,0.52
5941.01,5941,PC,11.0771916,2.97165,51.7045,11.9693,161.365,4738.0,4.64,0.69
5942.01,5942,FP,1.6540803,15.2145,2118.23,11.7528,799.123,6453.0,3.76,2.51
5943.01,5943,PC,15.7866044,11.2628,150.132,13.0251,782.391,6237.4,4.27,1.33
5944.01,5944,PC,5.9404096,11.945,133.684,13.2223,593.58,5933.0,4.5,0.97
5945.01,5945,PC,3.3825012,9.00661,967.25,13.0581,849.105,6117.0,4.22,1.38
5946.01,5946,PC,5.754879,12.52,2173.06,12.1724,1186.44,6742.0,3.66,2.95
5947.01,5947,PC,6.9341584,2.15853,96.5124,8.5898,57.6245,5451.0,4.54,0.87
5948.01,5948,APC,7.9058861,12.3664,15.0146,10.1223,333.474,6294.0,3.88,2.1
5949.01,5949,PC,1.8826035,1.40901,387.637,9.0331,53.6142,4996.0,4.57,0.78
5949.02,5949,PC,3.3751374,0.974713,178.535,9.0331,53.6142,4996.0,4.57,0.78
595.01,595,FP,7.64348,6.82171,170.804,9.9959,432.642,6258.1,3.59,2.94
5950.01,5950,PC,6.4389303,,,10.447,187.377,,,
5951.01,5951,PC,3.1728284,3.27956,932.329,8.80558,160.708,6689.0,4.19,1.59
5952.01,5952,PC,28.1315937,17.2116,23.9447,9.53851,219.386,5513.0,3.75,2.18
5953.01,5953,PC,7.4702557,5.16592,306.832,9.77894,219.343,5242.0,,2.12
5954.01,5954,PC,10.7004569,13.1568,51.9069,9.41809,339.255,6906.0,3.84,2.44
5955.01,5955,PC,0.5902387,1.6802901,517.0065166,10.3224,42.8747,3844.0,4.6589,0.590924
5956.01,5956,PC,0.9292334,10.6079914,104.4129181,15.762,303.767,3207.0,4.74975,0.485926
5957.01,5957,PC,3.2520192,12.5826,1493.68,13.0091,783.179,6756.31,4.38298,1.28
5958.01,5958,PC,2.3062125,2.0651033,791.3345542,9.5236,108.991,5816.0,4.48945,0.963996
5959.01,5959,KP,4.4571444,18.031156,1747.4150659,10.9726,464.469,6074.0,3.85122,2.09465
596.01,596,FP,1.5136003,8.3090193,14144.8668844,9.9071,388.682,6017.0,3.55,2.93328
5960.01,5960,KP,3.076329,14.2287485,1519.96446,9.7758,211.553,6401.79,4.23563,1.4311
5961.01,5961,PC,1.617487,1.3134056,197.2074933,9.0392,26.2533,3900.68,4.5239,0.70171
5962.01,5962,FP,1.9261183,4.8624405,395.0450985,10.9417,127.29,5383.13,4.7447,0.678984
5963.01,5963,KP,4.3226229,15.1546943,705.0438271,10.9644,258.426,5924.0,4.21239,1.3475699
5964.01,5964,PC,3.9816471,14.4616,431.951,12.6108,494.908,5771.0,4.33924,1.14
5965.01,5965,PC,4.2254748,7.6400361,1118.0567499,11.7066,408.59,5729.0,3.95931,1.75516
5966.01,5966,FP,3.5381039,12.0728557,591.3277978,10.5332,202.773,6084.0,4.45887,1.0424401
5967.01,5967,PC,,3.4227619,65.5704505,10.1233,145.066,5758.0,4.45663,0.993436
5968.01,5968,PC,,3.0017761,105.4951725,9.50492,122.831,5940.0,4.42516,1.05723
5968.02,5968,PC,9.2255167,2.50867,171.745,9.50492,122.831,5940.0,4.42516,1.06
5969.01,5969,KP,7.9192605,11.5285264,38.0328101,11.5549,115.936,4302.0,4.5054,0.758608
597.01,597,FP,6.5224,8.46817,71.5773,9.796,253.619,4951.7,3.55,2.65
5970.01,5970,KP,3.0927595,12.6473444,174.0310286,11.5189,140.998,4713.98,4.56492,0.750341
5971.01,5971,PC,3.9914012,17.0087765,1687.7566393,10.9852,427.467,6528.05,4.0799,1.75165
5972.01,5972,KP,3.5247546,16.3776,587.098,7.1274,48.3016,6052.0,4.34258,1.19
5973.01,5973,PC,3.1643744,6.79941,643.751,12.4884,552.989,6238.0,4.33794,1.23
5974.01,5974,PC,1.7266943,1.2127014,45.5940395,10.8221,25.6553,3487.0,4.85306,0.371684
5975.01,5975,PC,373.0381637,8.4472776,26.2251959,10.6338,349.787,6508.0,4.18652,1.54352
5976.01,5976,FP,0.4378024,1.4551234,211.8109673,12.0575,,3256.0,4.85874,0.365717
5977.01,5977,APC,0.4317124,8.4942819,365.8471618,14.6343,236.385,3180.0,4.66041,0.58914
5978.01,5978,PC,0.7394818,1.3097748,3360.8723448,9.64057,110.828,5632.0,4.45734,0.977079
5979.01,5979,KP,4.7267257,1.45952,333.088,9.4087,95.9115,5655.0,4.50815,0.92
598.01,598,FP,3.0432421,11.9045,3620.18,10.1356,869.555,8000.0,,3.59
5980.01,5980,KP,79.5839995,1.9748837,3.7628265,9.0638,63.9207,5391.0,4.61444,0.79137
5981.01,5981,PC,7.0142458,2.3954787,14.7225544,11.8086,70.6891,3721.0,4.703,0.539525
5982.01,5982,KP,38.4787613,12.5609376,0.4962968,13.2147,442.871,5439.49,4.59877,0.810043
5983.01,5983,PC,1.0271879,1.375524,90.6681431,12.7949,66.0022,3406.0,4.82682,0.399822
5984.01,5984,KP,3.4130781,5.5008027,304.4148279,14.0672,658.924,5410.0,4.53617,0.865985
5985.01,5985,PC,2.4157665,1.5356382,278.2134769,10.6894,106.05,4837.0,4.55481,0.774575
5986.01,5986,KP,38.5835889,6.8872276,76.5626552,11.7942,639.239,6373.72,4.05962,1.74231
5987.01,5987,PC,48.7130843,2.4883067,1.7149724,12.3932,122.896,3943.0,4.6329,0.621798
5988.01,5988,KP,0.8374997,2.0046235,3684.5206378,10.4767,185.506,5706.0,4.37,1.08974
5989.01,5989,PC,6.8669657,3.5242338,271.6138825,11.0644,272.599,6173.0,4.44273,1.07955
599.01,599,FP,0.82967,20.1053,65023.4,10.4708,618.602,6991.1,3.83,2.65
5990.01,5990,PC,700.9622566,2.2203819,17.5711392,9.43301,102.798,5626.0,5.47131,1.00018
5991.01,5991,PC,7.0893162,1.6279088,318.1431068,8.77912,105.85,5983.0,4.29138,1.24177
5992.01,5992,KP,8.0276821,11.980977,161.117342,15.0277,1351.17,5368.0,4.30215,1.12772
5993.01,5993,KP,28.5410557,7.1843683,94.828344,11.2877,455.982,6197.21,4.08307,1.64162
5994.01,5994,KP,7.9726644,3.7927661,32.2210236,13.0702,232.75,4564.61,4.68645,0.637495
5995.01,5995,KP,6.2468813,15.6817806,324.7805755,11.7971,1294.69,4643.39,4.438,6.3787198
5996.01,5996,PC,109.0502946,12.6721874,62.0087384,10.2403,547.169,8953.0,4.22329,1.92506
5997.01,5997,PC,5.655018,1.5874236,67.2014321,9.2576,46.521,4674.0,4.61121,0.704768
5998.01,5998,PC,9.3380252,3.093161,22.8910424,11.5118,95.6465,4066.0,4.52539,0.723481
5999.01,5999,KP,6.8834027,2.87691,87.7838,10.4081,228.439,6133.77,4.32058,1.23
600.01,600,FP,4.3652608,,1044.26,10.2681,829.726,9156.5,,
6000.01,6000,PC,0.4489589,1.015263,258.7481981,13.1638,75.7664,3419.0,4.84756,0.377509
6001.01,6001,KP,3.003901,16.7208629,1512.6541471,14.5855,1745.77,6052.0,4.1353,1.50633
6002.01,6002,PC,10.9048392,1.5489482,1.8239545,12.6396,32.0266,3272.0,4.99712,0.242121
6003.01,6003,KP,5.8599392,2.9189614,649.7355768,10.593,303.728,6149.0,4.14765,1.5092
6004.01,6004,KP,9.8786838,2.1083189,6.7948733,12.1042,66.4074,3759.27,4.86726,0.460619
6005.01,6005,KP,16.1455898,3.563467,19.5319797,10.8515,107.796,4816.0,4.59996,0.732995
6006.01,6006,KP,2.5080815,2.6163105,223.5290118,12.1773,191.904,4715.0,4.57812,0.739515
6007.01,6007,PC,949.7905952,2.8632815,0.030453,11.8288,48.3609,3500.0,4.80448,0.424371
6008.01,6008,PC,0.8573727,1.2465478,42.012202,12.2936,23.1008,3098.0,5.00721,0.235048
6009.01,6009,PC,1.5500607,11.5208,7523.43,10.4403,597.281,8552.3,4.18,2.04
601.01,601,PC,3.477756,11.3342,379.541,9.9223,409.766,6221.0,3.53,3.1
6010.01,6010,PC,0.5868508,6.12033,1255.21,10.4963,274.738,5842.0,4.17,1.48
6011.01,6011,PC,2.3179699,14.5204,172.957,12.598,374.145,5770.0,4.438,1.33
6012.01,6012,PC,16.2117629,7.2826036,101.5736987,10.5418,226.572,6119.0,4.35436,1.18343
6013.01,6013,KP,3.2573898,12.3569361,554.7122128,12.3396,401.319,5698.38,4.40322,1.0461299
6014.01,6014,KP,2.5199146,17.7001932,2121.5175266,11.1355,393.072,6116.0,4.11132,1.56419
6015.01,6015,KP,4.304829,13.8395402,925.4934848,11.5639,431.052,6001.0,4.12263,1.51284
6016.01,6016,PC,4.0236805,14.9702,606.797,11.3864,364.715,5807.0,4.06406,1.57
6017.01,6017,KP,2.5079177,14.717643,2704.955558,12.355,735.601,6207.39,4.03891,1.72725
6018.01,6018,PC,2.3322524,1.902342,267.3379607,10.3337,88.1971,4983.53,4.65066,0.708945
6019.01,6019,PC,14.5465245,12.189719,249.6501113,10.0651,260.342,5559.5,3.84,1.9794101
602.01,602,APC,11.1002046,28.1216204,3860.9897074,10.0465,613.411,10633.0,4.08,2.5065
6020.01,6020,FP,9.1099373,13.5278,1223.52,12.0471,507.236,6511.0,4.438,1.48
6021.01,6021,KP,2.0319883,17.7163979,2886.2922002,12.489,705.981,6161.0,4.1171,1.56523
6022.01,6022,PC,1.9281092,17.7947707,30.0343207,13.7057,86.9388,3264.0,4.8548,0.369847
6022.02,6022,PC,1.5454492,2.4829303,40.3385544,13.7057,86.9388,3264.0,4.8548,0.369847
6023.01,6023,FP,9.0330414,7.35267,2661.86,8.629,475.345,7527.0,,5.64
6024.01,6024,FP,2.7218347,14.1545,616.895,9.3185,365.845,4758.0,,5.53
6025.01,6025,PC,1.0222806,8.97675,15853.1,9.645701,486.144,8448.0,3.98,2.46
6026.01,6026,PC,1.2757761,1.28307,357.418,8.9553,42.0564,4540.4,4.5,0.79
6027.01,6027,PC,2.8406462,24.2892126,293.4109933,13.8504,416.463,4389.0,4.24954,1.02903
6028.01,6028,KP,5.7238582,11.6470757,434.1768781,11.2791,313.576,6086.0,4.31517,1.23052
6029.01,6029,PC,5.7998626,11.022,806.794,11.6593,603.119,5852.0,3.64892,2.55
603.01,603,CP,16.1798603,7.89958,131.122,9.74179,205.924,5900.8,4.04,1.63
6030.01,6030,KP,1.7442831,15.3898195,7630.771499,11.9004,655.013,8039.0,4.31943,1.6008
6031.01,6031,KP,2.1499907,20.6364944,1865.4537814,10.7696,289.205,6340.0,4.33387,1.2630399
6032.01,6032,PC,7.3723906,4.8405988,1331.9212095,7.98475,153.525,6083.0,3.68069,2.5524099
6033.01,6033,PC,18.0401494,11.1154985,143.3387586,10.6492,309.804,6345.0,4.21827,1.4445699
6034.01,6034,PC,2.5761796,12.1450869,45.3541068,13.2297,117.992,3628.0,4.73924,0.497905
6035.01,6035,PC,3.9074188,,423.8082529,13.859,,5780.0,4.438,
6036.01,6036,APC,6.5234682,19.045,872.331,9.74061,300.063,6409.0,3.93,2.04
6037.01,6037,FP,4.0158199,5.20076,17781.5,10.3755,480.772,6950.0,3.78,2.64
6038.01,6038,PC,5.8267724,4.615,744.793,9.3229,179.147,6305.0,4.11,1.62
6039.01,6039,FP,8.503614,10.2441,33.4398,10.244,425.467,6255.0,3.88,2.31
604.01,604,FP,1.07242,22.0397,1909.78,10.4029,1006.54,5001.6,,7.97
6040.01,6040,PC,3.4925674,15.7585,1792.0,9.8781,,6558.7,,1.8
6041.01,6041,PC,1094.062167,4.39378,17.1449,9.2063,72.4731,5359.0,4.55,0.85
6042.01,6042,PC,7.7966237,18.0417,200.285,10.0201,897.633,9434.0,3.66,3.78
6043.01,6043,KP,2.6452121,12.7803657,970.5163576,11.8889,348.815,5596.0,4.24644,1.2406
6044.01,6044,PC,2.2538642,2.1962137,1142.2633882,9.97967,161.482,5957.0,4.39105,1.10261
6045.01,6045,PC,7.4826325,11.8138164,1070.588751,10.5547,398.105,6128.0,3.7824,2.2911999
6046.01,6046,PC,3.413702,12.9118144,530.104856,13.7471,653.446,5845.0,4.44554,1.01592
6047.01,6047,PC,2.0814345,14.7083576,808.6671936,14.1279,690.466,5583.0,4.46043,0.9697
6048.01,6048,PC,5.4928246,5.5323212,936.5163332,10.3971,280.271,6235.0,4.05522,1.70647
6049.01,6049,KP,10.8614911,9.5731365,79.7577939,11.0878,192.516,5663.55,4.53693,0.895095
605.01,605,PC,3.3840629,16.52,1009.39,10.4349,508.905,8265.0,,2.12
6050.01,6050,PC,5.4823596,15.2816665,1118.657778,11.2873,462.414,6243.0,3.98185,1.85996
6051.01,6051,PC,3.9200919,22.5941886,1241.1751658,13.4593,915.507,6574.32,4.23875,1.47238
6052.01,6052,KP,4.01357,14.9544789,886.2336482,12.1957,515.59,5679.0,4.07294,1.53012
6053.01,6053,APC,2.2118281,10.3424055,8662.5781435,9.89943,359.465,7690.0,4.03855,2.12813
6054.01,6054,PC,7.4903271,2.5277726,526.6956422,7.4961,79.407,6111.67,4.08398,1.61211
6054.02,6054,PC,12.5759948,2.7981797,263.9394474,7.4961,79.407,6111.67,4.08398,1.61211
6055.01,6055,PC,0.8497194,19.5460599,337.1057655,14.4907,229.367,3493.0,4.432,0.679269
6056.01,6056,PC,3.1420495,12.6079161,275.6027117,14.6332,515.161,4996.0,4.47095,0.877202
6057.01,6057,PC,10.327438,8.6575486,856.7350684,9.51295,305.581,6402.35,3.78349,2.4084699
6058.01,6058,PC,2.3673676,1.78396,58.4073,9.5951,47.6869,4403.0,4.58,0.71
6059.01,6059,PC,6.3667329,2.19947,118.939,10.2596,118.685,5413.7,4.55,0.85
606.01,606,FP,2.0034063,30.4003,15162.9,10.2688,431.861,6514.0,4.03,2.27
6060.01,6060,PC,3.3906311,8.3102,1156.25,9.86105,384.79,7373.8,3.56,3.54
6061.01,6061,PC,8.1309123,1.51687,144.968,8.895701,79.384,5639.0,4.46,0.97
6062.01,6062,PC,8.2125432,2.76845,156.917,9.47632,115.362,5936.0,4.47,1.0
6063.01,6063,PC,2.1142179,17.3594,4869.36,10.4246,1476.12,10207.0,,5.54
6064.01,6064,PC,15.3058859,13.4962,70.5288,10.409,347.587,6803.6,4.12,1.75
6065.01,6065,PC,8.2065998,4.6173,3451.52,9.4526,162.125,6061.0,4.21,1.38
6066.01,6066,PC,1.8330979,1.87367,2928.12,8.85042,157.64,6335.0,4.1,1.65
6067.01,6067,PC,87.2129046,2.89746,1.3372,9.76711,173.577,6236.0,4.35,1.22
6068.01,6068,PC,10.6684085,2.75843,100.776,9.67596,200.447,6718.0,4.32,1.37
6069.01,6069,FA,1.6290926,3.94559,2815.3764354,8.92071,122.51,5658.0,4.08591,1.5037
607.01,607,FP,2.1456324,11.0288578,28811.4006979,10.5259,921.917,9389.0,3.92,2.80165
6070.01,6070,PC,9.5128916,2.7531721,48.3015382,11.1878,140.442,4998.0,4.58615,0.767312
6071.01,6071,PC,5.3664457,10.9418064,248.9480604,12.9311,478.189,5358.0,4.34315,1.07573
6072.01,6072,KP,3.691559,14.7244708,512.0234924,10.7447,209.229,5720.0,4.37355,1.0878299
6073.01,6073,KP,3.2687063,15.0466879,1155.6463869,14.3999,1523.0,6007.22,4.18781,1.40537
6074.01,6074,PC,12.1324506,1.5690907,98.4603771,6.8456,34.5797,5865.0,4.44965,1.0159301
6075.01,6075,PC,832.9236254,1.7373781,0.4058463,9.4287,39.889,4193.0,4.53686,0.725064
6076.01,6076,PC,720.5742399,5.3917254,1.0721258,9.82897,221.682,6665.4,4.31,1.37318
6077.01,6077,PC,2.2111104,2.9944585,95.0381191,12.3475,124.484,3761.0,4.60411,0.656735
6078.01,6078,PC,9.6703611,2.23934,35.0646,9.1641,68.6994,5212.0,4.51487,0.86
6078.02,6078,PC,25.0882806,3.89809,135.17,9.1641,68.6994,5212.0,4.51487,0.86
6079.01,6079,PC,104.2892798,7.5126605,14.4080456,10.5083,306.839,6501.0,4.25028,1.43159
608.01,608,APC,1.1908287,14.221,52597.1,10.1978,500.647,7471.9,4.09,2.14
6080.01,6080,PC,8.0555716,3.3778836,168.8120184,10.5912,188.183,5680.0,4.38997,1.06221
6081.01,6081,KP,7.8864218,12.4048291,358.1159257,14.4952,1506.58,5597.0,4.04717,1.56051
6082.01,6082,PC,3.5941651,1.31196,200.507,8.793181,103.741,5694.0,4.95801,1.39
6083.01,6083,KP,,6.0762071,0.7995303,11.9363,298.532,5576.31,4.48425,0.940603
6084.01,6084,FP,4.3724063,10.7278887,2515.0175544,11.7056,819.949,8096.0,4.28307,1.67777
6085.01,6085,PC,,1.4099651,0.1156456,8.7475,47.3174,5106.0,4.62161,0.750716
6086.01,6086,PC,1.3888584,0.9650619,31.5257386,12.4106,31.4566,3300.0,4.97775,0.256456
6087.01,6087,KP,,5.0218625,18.5331878,11.8216,334.797,5819.72,4.41305,1.0546401
6088.01,6088,KP,9.2866733,2.6996251,93.8814469,11.3992,218.562,5511.0,4.50367,0.911823
6089.01,6089,KP,3.2135636,4.1549554,1364.5815362,11.7266,487.916,5772.0,4.04527,1.59521
609.01,609,APC,4.9699991,21.4073,112.974,9.836,144.623,5759.0,4.3,1.19
6090.01,6090,KP,4.7080353,11.5403605,363.7711103,14.5892,1065.37,5490.0,4.3011,1.14715
6091.01,6091,PC,5.1855507,2.4406793,31.8495386,11.9323,94.6679,3921.0,4.648,0.603804
6092.01,6092,FP,,5.1306856,0.674929,12.9805,76.6119,3476.0,4.81846,0.408956
6093.01,6093,PC,1.2710408,7.85938,5327.83,10.0452,219.78,6004.0,4.13,1.5
6094.01,6094,FP,3.0519843,12.1856,10790.5,9.65609,310.559,6251.1,3.79,2.33
6095.01,6095,PC,2.1613171,1.86733,329.608,10.0956,99.172,5260.0,4.59,0.8
6096.01,6096,FP,1.3154261,2.42354,11290.9,9.34567,181.94,6613.8,4.28,1.42
6097.01,6097,PC,1.1256838,10.2362,5124.79,10.4284,452.889,7433.0,,1.85
6098.01,6098,PC,2.7297541,2.11652,200.856,8.7699,82.2325,5599.3,4.37,1.08
6099.01,6099,PC,5.2887576,1.80945,63.339,9.4499,52.5883,4610.0,4.55,0.75
610.01,610,FP,3.6649528,16.4945,13611.8,10.4989,437.969,7889.0,4.53,1.61
6100.01,6100,PC,1.2280156,3.2034237,1038.6284238,11.9433,235.778,5223.0,4.53,0.852493
6101.01,6101,CP,1.3328252,15.3206915,1924.8044588,10.8042,211.73,5595.4,4.4,1.0670201
6102.01,6102,PC,5.3708293,12.0561316,277.4411832,13.5803,733.926,5878.0,4.47546,0.986176
6103.01,6103,PC,3.2422424,13.8082328,1534.9908103,10.6664,295.408,7069.0,4.40124,1.30309
6104.01,6104,PC,6.4095555,17.4517774,2737.1453387,10.4146,614.477,6316.0,3.53,3.18048
6105.01,6105,PC,3.1122402,14.3844522,496.0520698,10.8235,266.809,6176.8,4.5,1.1207401
6106.01,6106,APC,6.4240944,14.8362261,212.2599833,11.646,294.59,5618.0,4.39959,1.04006
6107.01,6107,PC,3.7899018,23.926255,12025.9181554,11.8338,1311.48,7810.0,4.08,2.64206
6108.01,6108,PC,3.8783341,12.5321785,739.7659967,13.7453,1013.74,5748.0,4.19506,1.34253
6109.01,6109,PC,8.5386633,4.04578,63.3913,10.3622,151.738,5416.1,4.49,0.95
6109.02,6109,PC,5.6952223,3.92346,39.9451,10.3622,151.738,5416.1,4.49,0.95
611.01,611,PC,3.1471655,5.30134,3942.66,10.4259,97.3234,4869.0,4.54,0.79
6110.01,6110,PC,1.2541235,8.66923,78.6048,13.0739,122.281,3642.0,4.7,0.54
6111.01,6111,APC,5.8340292,12.1719,42.4777,11.6894,302.326,5698.0,4.4,1.06
6112.01,6112,PC,1.8859353,7.26339,721.952,11.2223,471.571,6556.9,4.18,1.57
6113.01,6113,PC,4.9218915,20.0897,1810.88,12.307,1174.24,6178.0,3.65,2.7
6114.01,6114,PC,8.9539287,8.74683,79.5224,12.4185,486.122,5943.0,4.34,1.17
6115.01,6115,PC,3.5529033,17.9469,236.183,13.3897,1056.92,6389.0,4.24,1.41
6116.01,6116,FP,3.1256662,,1434.05,11.785,,4940.2,,
6117.01,6117,PC,9.866312,11.5656,283.77,11.5989,483.576,6209.0,4.08,1.64
6118.01,6118,PC,4.6474314,16.1625,3924.24,11.8495,1242.07,6455.0,3.48,3.44
6119.01,6119,PC,4.2070367,16.5857,498.042,13.2225,920.216,6437.0,4.15,1.59
612.01,612,PC,0.9136081,5.5813,5597.87,10.1939,292.623,7126.0,4.29,1.5
6120.01,6120,PC,2.1350899,12.6797,280.388,12.3983,240.498,4894.0,4.53,0.8
6121.01,6121,PC,4.2916798,13.1247,675.152,11.5823,441.015,6725.0,4.32,1.37
6122.01,6122,PC,4.6107024,15.7213,1656.67,11.6925,765.772,6391.0,3.87,2.18
6123.01,6123,PC,4.0833335,19.554,1082.21,13.1618,1040.95,6298.6,4.14,1.58
6124.01,6124,PC,2.8474853,12.7345,260.51,12.3101,271.974,5149.0,4.53,0.84
6125.01,6125,PC,2.3107907,12.0547,213.379,12.8119,291.92,4767.0,4.46,0.86
6126.01,6126,PC,7.1603723,14.5353,304.256,12.2601,565.492,5767.0,4.07,1.54
6127.01,6127,PC,6.9191027,11.0925,448.269,13.0551,713.987,5922.0,4.0,1.72
6128.01,6128,PC,4.5016419,10.3672,237.971,12.2652,726.371,5713.2,3.89,1.89
6129.01,6129,PC,5.0310168,17.1637,262.966,13.261,762.451,5656.1,4.2,1.32
613.01,613,PC,0.7784962,9.22083,529.373,9.94921,221.016,4949.2,,2.19
6130.01,6130,PC,2.3927114,14.5439,553.561,10.5581,220.882,5967.0,4.34,1.17
6131.01,6131,PC,2.5530138,13.9066,1540.79,12.5948,692.772,6286.0,4.01,1.81
6132.01,6132,PC,18.8155978,14.443,35.8015,13.4411,643.588,5641.0,4.32,1.14
6133.01,6133,FP,3.6534344,20.7632,869.445,11.5102,402.816,6364.0,4.3,1.32
6134.01,6134,PC,4.679209,14.7013,1141.48,12.8813,1004.18,6600.0,4.13,1.67
6135.01,6135,PC,3.1106751,13.4185,891.85,12.0052,399.63,5660.5,4.27,1.22
6136.01,6136,PC,3.9779111,12.2764,116.092,12.8196,375.401,5494.0,4.52,0.89
6137.01,6137,PC,0.520403,21.8226,155.949,14.5158,128.661,3112.0,4.83,0.4
6138.01,6138,PC,9.7824078,5.19023,124.326,12.2562,362.283,5749.0,4.47,0.98
6139.01,6139,PC,10.3299557,16.2977,170.744,13.1008,1305.91,6486.0,3.97,1.97
614.01,614,FP,0.88501,6.77007,2010.85,9.947331,255.901,5362.0,3.75,2.15
6140.01,6140,PC,3.4742682,12.8496,517.706,13.2907,925.873,6121.0,4.25,1.34
6141.01,6141,PC,2.6607389,16.2086,315.217,12.4789,560.429,6090.2,4.28,1.27
6142.01,6142,PC,4.9564809,10.077,71.7847,13.2516,518.031,5511.0,4.46,0.96
6143.01,6143,FP,4.0938735,20.6029,695.416,12.266,546.747,5489.0,4.04,1.55
6144.01,6144,PC,6.3765906,10.9141,436.742,13.1564,923.907,5433.0,3.91,1.8
6145.01,6145,PC,3.9921399,11.9626,547.02,13.3616,912.432,5885.0,4.19,1.38
6146.01,6146,PC,4.5803096,14.6817,937.58,13.1289,1121.67,5770.0,3.81,2.1
6147.01,6147,PC,1.5801759,9.31686,56.4235,12.95,320.803,4547.0,4.31,0.98
6148.01,6148,PC,8.3753156,11.1765,251.431,11.351,501.221,6134.6,4.01,1.76
6149.01,6149,PC,13.3562254,8.52588,277.264,12.4814,567.759,6122.0,4.3,1.27
615.01,615,CP,4.6616079,19.1536,1329.63,10.3015,360.408,7437.0,4.21,1.7
6150.01,6150,PC,1.3094686,13.7943,215.564,13.5156,209.656,3818.0,4.6,0.66
6151.01,6151,PC,1.4354814,7.06395,2365.6,11.5561,590.69,6008.0,3.77,2.27
6152.01,6152,FP,4.2005957,11.3204,1013.24,12.1566,950.289,7803.0,4.26,1.67
6153.01,6153,PC,3.6720231,14.495,595.319,12.9172,723.473,6158.0,4.32,1.23
6154.01,6154,PC,2.301919,12.3642,129.797,12.8213,258.643,4654.0,4.51,0.79
6155.01,6155,PC,1.6029811,11.6345,591.525,11.8355,504.806,6049.0,4.13,1.52
6156.01,6156,APC,12.6885127,16.2893,32.0654,12.5126,938.702,7710.0,4.37,1.45
6157.01,6157,FP,0.4916402,11.7778,109.834,14.9131,221.034,3522.0,4.77,0.46
6158.01,6158,PC,3.0444485,9.04276,7.01479,14.5372,180.96,3413.0,4.77,0.47
6159.01,6159,PC,4.1846077,11.2001,143.488,13.2906,650.131,5714.9,4.35,1.12
616.01,616,PC,2.8056739,,,9.9794,862.802,,,
6160.01,6160,PC,40.7401072,14.5988,3.77501,12.4261,286.532,5081.0,4.48,0.88
6161.01,6161,PC,5.7415661,11.2346,64.1962,12.8566,716.394,6051.0,4.19,1.42
6162.01,6162,PC,1.8478843,18.4423,3803.45,10.9837,499.081,7218.8,4.21,1.65
6163.01,6163,PC,9.9754699,15.8848,60.6571,12.7912,442.143,5472.0,4.42,1.0
6164.01,6164,PC,3.6948038,10.2565,22.9867,12.6951,203.52,4376.0,4.52,0.75
6165.01,6165,PC,4.3172876,9.68709,29.3516,14.2349,262.682,3744.0,4.63,0.63
6166.01,6166,PC,1.8021196,13.3235,1374.91,12.128,413.383,6012.0,4.4,1.1
6167.01,6167,PC,6.7080688,10.6429,498.329,11.5534,534.326,6174.0,4.0,1.79
6168.01,6168,PC,5.0809743,14.7894,884.118,11.9966,735.685,6071.2,3.9,1.97
6169.01,6169,PC,17.9661374,11.3217,90.3305,11.5337,688.605,6891.0,3.93,2.2
617.01,617,FP,2.42232,,197.858,10.251,6149.76,2838.0,,
6170.01,6170,CP,2.709631,14.9972,1041.16,12.1088,535.689,5838.0,4.12,1.47
6171.01,6171,PC,3.7473877,12.686,1322.91,11.0537,492.525,5876.0,3.79,2.18
6172.01,6172,FP,6.1429164,7.50153,592.787,13.0091,869.253,6291.9,4.25,1.38
6173.01,6173,PC,3.8753785,18.0963,380.113,13.0745,786.433,4637.0,,2.98
6174.01,6174,PC,3.5257269,7.44411,819.047,13.2513,718.342,5638.1,4.26,1.23
6175.01,6175,PC,4.1877227,13.6598,118.196,12.1384,363.425,5543.0,4.39,1.05
6176.01,6176,PC,9.6422713,12.931,27.248,13.3976,341.972,4799.0,4.58,0.75
6177.01,6177,PC,3.89989,14.6814,211.573,12.7145,635.864,6076.0,4.2,1.41
6178.01,6178,PC,5.8878118,12.1166,77.0112,12.6685,502.874,5925.0,4.41,1.08
6179.01,6179,PC,19.2445211,20.2585,173.181,13.2368,809.109,6203.0,4.32,1.25
618.01,618,PC,7.7614672,7.85756,405.393,10.1277,234.072,6515.0,4.25,1.43
6180.01,6180,PC,2.7432173,20.2394,682.635,13.0636,761.754,6087.0,4.29,1.27
6181.01,6181,FP,2.7649802,10.4307,1119.71,11.8563,873.578,7776.0,4.2,1.78
6182.01,6182,PC,4.7783263,13.2499,1511.43,12.8026,922.871,5622.0,3.84,2.0
6183.01,6183,PC,8.7311119,11.1752,235.614,12.9591,912.735,6047.0,4.03,1.69
6184.01,6184,PC,3.6153701,13.6892,350.5,11.8836,334.216,5516.0,4.32,1.13
6185.01,6185,PC,6.3720834,12.1724,58.7935,12.7875,774.276,6390.0,4.19,1.5
6186.01,6186,FP,1.4252334,10.7664,1265.88,12.4033,543.454,6033.0,4.23,1.35
6187.01,6187,PC,5.5133822,12.462,363.901,13.4144,758.848,5785.0,4.13,1.46
6188.01,6188,PC,4.7061119,4.75935,331.92,12.1075,300.589,5660.0,4.44,1.0
6189.01,6189,PC,5.5867425,13.0389,103.299,13.2903,497.836,5444.0,4.4,1.02
619.01,619,FP,1.8080364,,12760.9,10.1853,,5354.5,,
6190.01,6190,PC,3.5595352,5.24582,60.7503,11.6283,261.749,5669.0,4.5,0.94
6191.01,6191,PC,3.7752321,10.759,96.9264,11.4105,303.581,5585.0,4.26,1.22
6192.01,6192,PC,3.563037,7.13684,190.511,12.545,217.319,4490.0,4.43,0.85
6193.01,6193,PC,2.8953095,12.6737,2522.62,12.6449,932.053,6526.0,3.97,1.98
6194.01,6194,PC,8.6738593,12.6434,108.749,12.863,1013.07,6446.0,4.09,1.72
6195.01,6195,PC,3.1989808,7.20813,133.516,10.5489,330.476,6442.9,4.18,1.54
6196.01,6196,PC,3.6119975,10.1678,1057.47,13.4836,578.849,5979.0,4.46,1.03
6197.01,6197,PC,3.7294859,9.77695,553.409,12.5814,549.225,5719.9,4.26,1.24
6198.01,6198,PC,3.6166109,14.0162,1746.66,11.7644,937.243,8143.0,4.2,1.85
6199.01,6199,PC,3.8311803,5.75003,1067.42,10.6336,146.254,5366.0,4.5,0.9
620.01,620,CP,5.0988038,3.0503381,19.827421,10.2139,33.0231,3633.0,4.80423,0.547453
6200.01,6200,PC,3.1923193,13.949,206.861,11.6166,554.658,6003.0,3.96,1.83
6201.01,6201,PC,2.9172231,,63.1506,12.12,,4843.0,,
6202.01,6202,PC,2.8979408,12.4152,2931.18,11.4737,569.89,7767.0,,1.97
6203.01,6203,PC,25.1745344,6.78671,30.5175,10.5505,245.424,5776.9,4.16,1.41
6204.01,6204,PC,4.0673088,13.1156,417.756,12.8643,685.554,6333.0,4.35,1.24
6205.01,6205,PC,3.9089363,15.0353,1032.67,13.1349,923.266,5800.0,3.91,1.87
6206.01,6206,PC,13.1471808,9.63171,79.8277,12.8939,544.396,5670.0,4.3,1.18
6207.01,6207,FP,9.7712443,15.2558,104.782,12.1134,243.593,5294.0,4.61,0.79
6208.01,6208,PC,5.2266285,15.6275,1046.27,11.9806,696.374,6205.0,3.91,2.0
6209.01,6209,APC,0.747693,6.17927,414.266,12.9672,314.979,4825.0,4.47,0.86
621.01,621,APC,3.1123343,22.1621,7091.97,8.1327,184.125,7850.0,4.08695,1.92
6210.01,6210,APC,7.8580085,21.4783,908.368,11.707,1093.37,6406.0,3.46,3.5
6211.01,6211,PC,10.3473602,10.117,38.6952,12.6474,510.917,5672.0,4.33,1.14
6212.01,6212,PC,3.6444426,19.0899,1872.26,13.0803,849.122,5407.0,3.86,1.88
6213.01,6213,PC,2.3921761,12.2947,1055.22,12.3642,628.024,5817.0,4.04,1.63
6214.01,6214,PC,7.0346299,17.638,533.148,12.4954,1183.88,8294.0,3.97,2.44
6215.01,6215,PC,2.0323202,15.3325,5028.16,13.0454,1459.35,8011.0,4.27,1.68
6216.01,6216,PC,29.5406035,10.9471,12.4858,12.0152,322.084,6315.0,4.58,0.94
6217.01,6217,PC,3.0365848,17.0668,850.609,13.1013,837.654,5928.0,3.84,2.06
6218.01,6218,PC,5.1570194,12.0548,50.6137,11.702,159.96,4476.1,4.38,0.89
6219.01,6219,PC,2.4784193,12.5391,493.403,13.2805,1093.22,6115.0,4.04,1.69
622.01,622,CP,6.4025295,9.3002413,623.0276834,8.5615,123.297,7056.0,4.33435,1.4072
6220.01,6220,PC,19.6518502,8.79457,27.0742,10.7981,358.734,6359.0,4.15,1.56
6221.01,6221,PC,9.8326403,6.80252,229.607,12.5316,606.891,5966.4,4.18,1.41
6222.01,6222,PC,9.4321076,11.0911,223.365,12.0861,615.666,6704.0,4.28,1.43
6223.01,6223,PC,3.8553342,4.94518,41.8646,12.6758,133.122,3909.0,4.65,0.6
6224.01,6224,PC,1.5554236,13.1166,711.089,13.2049,498.044,5318.0,4.39,1.01
6225.01,6225,PC,8.555965,5.09342,4.00885,13.104,83.7373,3376.0,4.79,0.44
6226.01,6226,PC,3.8857292,13.8034,248.774,13.0145,1027.44,6084.0,3.99,1.79
6227.01,6227,PC,3.0922512,15.731,64.8463,14.3279,313.996,3661.0,4.59,0.68
6228.01,6228,PC,3.3338016,15.1293,2284.74,11.6181,960.874,7894.0,4.04,2.17
6229.01,6229,PC,4.6071277,10.6145,87.2497,12.9192,314.824,4928.0,4.52,0.82
623.01,623,FP,7.574675,13.4069567,516.8517446,10.1913,275.377,6422.0,4.20608,1.4885499
6230.01,6230,PC,4.3518774,12.0164,673.068,12.6848,891.159,6496.3,4.15,1.61
6231.01,6231,PC,24.8366994,8.57154,40.0666,12.735,391.594,6334.0,4.63,0.89
6232.01,6232,PC,9.8538051,13.3007,102.929,13.0754,581.095,5634.0,4.35,1.11
6233.01,6233,PC,3.7069545,12.7103,517.456,11.1585,377.069,6643.0,4.23,1.49
6234.01,6234,PC,6.6283182,9.65916,273.774,12.8741,631.946,5528.0,4.16,1.35
6235.01,6235,APC,7.8209807,14.2139,43.9112,12.8967,374.957,5917.0,4.76,0.71
6236.01,6236,APC,3.3045926,12.7666,145.508,11.4715,403.61,6102.0,4.22,1.38
6237.01,6237,PC,4.1533998,15.5058,1266.49,13.2587,1556.04,6866.0,3.96,2.11
6238.01,6238,PC,5.7419523,9.81505,82.5797,13.3351,676.128,5396.0,4.21,1.26
6239.01,6239,PC,6.0749198,10.0564,146.106,12.483,563.864,5643.0,4.13,1.43
624.01,624,CP,2.7443216,20.1852,5405.6,9.3371,330.739,8730.0,4.19,1.97
6240.01,6240,PC,1.1797412,11.867,8997.74,12.9847,960.615,6393.0,4.16,1.55
6241.01,6241,PC,3.7812464,4.97462,167.006,12.0227,278.827,5209.0,4.4,0.99
6242.01,6242,FP,5.6020298,11.3612,89.7874,11.0999,328.625,5750.6,4.14,1.44
6243.01,6243,PC,3.5653226,2.88847,185.407,10.7106,181.395,5715.0,4.45,1.0
6244.01,6244,APC,2.5553078,15.4336,551.23,10.5508,230.559,5739.2,4.22,1.3
6245.01,6245,PC,3.2149937,0.9044272,7.3383538,12.133,22.1852,3106.0,5.00517,0.236457
6246.01,6246,PC,6.7786403,13.8147158,2865.1981035,7.7085,187.612,7665.0,3.86,2.5943999
6247.01,6247,PC,24.0916432,2.97668,71.5184,9.62005,216.838,6675.0,4.24,1.49
6248.01,6248,PC,3.8528933,18.8912058,974.4816829,12.7841,701.295,6306.0,4.267,1.35595
6249.01,6249,PC,1092.002299,3.1384101,0.0742263,9.0449,47.9491,4813.0,4.57884,0.751037
6249.02,6249,PC,15.5739143,2.5864246,21.461443,9.0449,47.9491,4813.0,4.57884,0.751037
625.01,625,CP,4.786958,18.0112,2320.18,9.6129,341.263,7668.6,4.13,1.91
6250.01,6250,PC,1076.6094165,2.7512261,0.2824759,9.51477,121.523,5848.0,4.38886,1.08752
6251.01,6251,CP,12.7614706,0.9705763,1.9017251,10.1769,12.21,3376.0,4.9613,0.269427
6252.01,6252,PC,2.1077445,12.0414,95.8765,13.7607,244.588,3954.0,4.61,0.65
6253.01,6253,PC,9.2347348,1.3883495,112.6755159,11.6807,163.316,4902.0,4.59853,0.744485
6254.01,6254,PC,1.5361137,2.4339573,876.5741465,10.4564,131.686,5317.0,4.50528,0.885814
6255.01,6255,PC,0.2381823,0.9617386,588.9943508,10.4458,20.3167,3423.0,4.85554,0.369077
6256.01,6256,PC,7.9945503,3.4801634,311.9071042,10.2602,218.299,6088.0,4.27,1.30233
6257.01,6257,PC,6.5452014,2.5553163,462.9139946,10.6713,287.03,6353.0,4.29887,1.31864
6258.01,6258,PC,0.5570869,1.2151478,189.5973427,12.0398,44.0959,3392.0,4.84507,0.380156
6259.01,6259,PC,3.2376482,5.6488,2947.16,10.2279,606.267,10023.0,4.17,2.19
626.01,626,CP,4.4010465,19.7441,3731.9,9.50712,437.215,8489.0,4.03,2.32
6260.01,6260,PC,2.3898191,2.32849,3762.79,7.11719,113.102,7707.0,4.11,1.96
6261.01,6261,PC,5.4920894,8.83359,265.101,10.4441,267.542,6090.0,4.12,1.53
6262.01,6262,PC,1.4945947,2.79068,21608.7,9.9551,441.135,9532.0,4.34,1.75
6263.01,6263,PC,3.0178746,0.930891,303.499,9.1348,46.2588,4717.0,4.61,0.71
6264.01,6264,PC,5.6928845,3.80626,908.509,10.1972,437.146,6610.0,3.79,2.47
6265.01,6265,PC,5.7935723,1.50725,444.131,7.4829,71.8401,6387.1,4.27,1.37
6265.02,6265,PC,4.1793325,1.20236,697.716,7.4829,71.8401,6387.1,4.27,1.37
6266.01,6266,PC,2.7895524,0.986147,376.853,8.5953,42.6435,5039.0,4.62,0.74
6267.01,6267,PC,733.9910938,4.8141,31.6587,9.19706,118.021,5699.6,4.24,1.27
6268.01,6268,PC,2.8959153,13.8781874,1511.7126877,12.2659,629.506,6249.0,4.22232,1.4101501
6269.01,6269,KP,4.3744614,6.4637765,419.4378829,11.8134,343.525,5677.0,4.34735,1.11563
627.01,627,FP,1.13889,22.4869,16504.7,10.0267,629.834,7852.8,4.08,2.79
6270.01,6270,PC,4.228362,14.7143973,1012.4773418,12.8122,819.375,6001.0,4.09439,1.56496
6271.01,6271,PC,1.6041616,13.8626063,1388.9668139,13.7025,705.238,5780.0,4.438,1.0
6272.01,6272,APC,2.5141406,17.7772903,3909.7422133,10.7852,476.194,6880.0,4.08875,1.82496
6273.01,6273,KP,3.052057,13.6453428,1077.3440583,13.9069,1096.19,5726.0,4.16246,1.38708
6274.01,6274,PC,1.1109053,12.0880982,17057.3557355,10.4819,502.979,6498.6,3.67,2.3323801
6275.01,6275,CP,6.2462252,13.4614756,339.10135,11.6337,362.087,6132.0,4.38741,1.1417201
6276.01,6276,PC,6.207472,0.9558514,45.9200706,6.7213,12.7781,4633.87,4.70763,0.630715
6276.02,6276,PC,4.4653471,0.8856846,71.2440519,6.7213,12.7781,4633.87,4.70763,0.630715
6276.03,6276,PC,7.8708661,1.0314874,33.4599699,6.7213,12.7781,4633.87,4.70763,0.630715
6277.01,6277,PC,3.3733506,14.4530162,582.4111152,11.9905,362.374,5704.0,4.36494,1.09866
6278.01,6278,KP,7.5337657,10.611119,422.1623374,11.6634,446.442,5869.0,4.09453,1.52905
6279.01,6279,FP,5.1681189,13.3663,1947.87,10.3879,860.379,8254.0,3.67,3.44
628.01,628,CP,3.4076,12.1343,1052.9,9.65646,178.68,6174.0,4.23,1.38
6280.01,6280,PC,15.9865424,6.25995,8.96921,9.927,199.531,6429.0,4.34,1.28
6281.01,6281,PC,1.0542548,2.77385,4181.02,9.9542,57.7451,4160.1,4.37,0.87
6282.01,6282,PC,12.4751631,1.56473,172.89,9.1848,113.881,6055.0,4.41,1.09
6283.01,6283,PC,51.6708185,12.8776,7.89484,9.3478,262.942,7115.0,4.07,1.91
6284.01,6284,PC,3.4475935,0.830466,31.3617,9.72334,21.0197,3548.0,4.77,0.47
6285.01,6285,PC,6.8581311,10.9703,753.001,10.6006,432.725,6605.0,3.92,2.12
6286.01,6286,FP,5.6289226,8.93102,4560.18,12.4721,1111.47,6683.0,3.72,2.72
6287.01,6287,PC,1.640758,8.61251,747.202,12.6502,779.009,6262.0,4.16,1.52
6288.01,6288,PC,18.0370154,7.85944,9.70594,12.383,307.157,5400.0,4.55,0.85
6289.01,6289,PC,3.7077543,11.5364,317.476,13.2644,608.995,5620.2,4.4,1.04
629.01,629,CP,8.7179665,12.3121,2341.09,8.69437,333.379,9165.0,4.05,2.38
6290.01,6290,PC,17.6037996,2.74615,23.7402,10.6382,151.713,5265.0,4.43,0.96
6291.01,6291,PC,5.2556421,15.1084,191.054,13.0735,449.608,5061.0,,2.26
6292.01,6292,PC,0.8236066,5.5335,4901.54,11.627,522.859,6202.0,4.06,1.69
6293.01,6293,PC,13.3673993,9.61997,25.0292,13.1745,322.06,4831.0,4.4,0.93
6293.02,6293,PC,405.0756576,9.31573,0.0601025,13.1745,322.06,4831.0,4.4,0.93
6294.01,6294,PC,9.288704,9.62284,34.2291,12.4533,217.443,4753.0,4.57,0.75
6295.01,6295,PC,1106.220834,14.786,0.0333828,11.4381,420.683,6199.0,4.07,1.67
6296.01,6296,PC,4.2234273,14.4033,1446.04,12.7859,853.919,6696.0,4.04,1.88
6297.01,6297,PC,4.2771464,13.316,1149.87,12.0782,773.628,6707.0,4.03,1.91
6298.01,6298,FP,2.8577028,7.78724,771.67,12.4487,594.839,6240.0,4.2,1.45
6299.01,6299,PC,4.7089027,6.86414,18.4286,10.9907,102.382,4351.7,4.41,0.85
630.01,630,APC,4.9091704,20.5266,1286.54,9.84786,309.705,7210.5,4.11,1.7
6300.01,6300,PC,2.8976822,20.1303,731.624,13.1987,947.643,7006.0,4.01,2.03
6301.01,6301,PC,7.1436336,11.4874,837.098,12.8355,1175.42,6604.0,4.01,1.92
6302.01,6302,PC,2.8465714,12.8225,100.235,13.2402,340.92,4802.0,4.5,0.83
6303.01,6303,PC,9.4852479,12.3024,9.45481,12.9386,152.219,3848.0,4.63,0.63
6304.01,6304,PC,3.645356,12.1687,1002.22,12.9385,802.343,5421.0,3.95,1.7
6305.01,6305,PC,6.6245939,8.74267,142.438,12.8245,623.493,5874.0,4.24,1.29
6306.01,6306,PC,3.662222,13.3765,1055.67,12.3693,771.08,5826.0,3.82,2.08
6307.01,6307,PC,2.4589458,12.6341,46.8448,14.6617,323.375,3810.0,4.63,0.62
6308.01,6308,PC,1.7555108,10.7893,117.332,13.3683,263.166,4249.0,4.48,0.78
6309.01,6309,PC,28.8005547,12.6164,17.1246,12.6134,604.936,6051.0,4.18,1.44
631.01,631,FP,2.5950747,5.9382555,5582.8100399,8.783341,233.697,6852.0,3.91,2.24201
6310.01,6310,PC,3.3528597,3.27543,81.3622,11.8443,96.6459,3896.8,4.51,0.71
6311.01,6311,PC,6.2808216,10.0476,186.513,12.9697,502.268,5602.0,4.31,1.15
6312.01,6312,PC,16.8498547,15.5178,128.166,12.1827,760.641,7823.0,4.05,2.14
6313.01,6313,PC,4.9570983,15.9349,5671.62,13.4257,2579.15,8120.6,3.9,2.62
6314.01,6314,PC,3.1777383,19.2706,2620.94,13.3085,980.327,7233.0,4.02,2.06
6315.01,6315,PC,4.4532909,13.8211,1510.03,12.0193,751.084,5613.0,3.49,2.97
6316.01,6316,PC,3.0057526,17.9698,2928.62,12.6927,943.154,7581.0,4.2,1.74
6317.01,6317,PC,4.244335,7.13409,19.463,14.1332,170.038,3518.0,4.74,0.5
6318.01,6318,PC,5.8310296,7.23053,10.4888,10.8357,184.682,5617.5,4.48,0.95
6319.01,6319,PC,3.2964006,16.9987,1080.06,11.5706,517.51,5883.0,3.83,2.09
632.01,632,FP,1.5521101,208.489,5297.55,10.3357,1278.41,4997.1,2.36,12.23
6320.01,6320,PC,3.6360128,18.9197,1204.47,13.022,911.335,6358.0,4.19,1.49
6321.01,6321,PC,2.9086778,12.2888,536.747,13.0057,472.785,5401.0,4.27,1.18
6322.01,6322,PC,4.2807899,11.9706,865.407,12.8545,811.05,6274.0,4.09,1.65
6323.01,6323,PC,4.071096,13.9361,456.955,12.6167,773.844,6008.0,4.03,1.68
6324.01,6324,PC,0.2792211,1.05678,284.211,10.97,20.5488,3358.0,4.93,0.3
6325.01,6325,PC,3.7307609,6.78569,87.4596,13.3415,310.892,5273.1,4.96,0.52
6326.01,6326,PC,2.3556749,16.7502,2508.24,12.1684,796.313,6708.0,4.1,1.75
6327.01,6327,PC,10.4612769,9.72119,43.6657,12.6978,345.666,5208.2,4.5,0.88
6328.01,6328,PC,16.672227,11.748,43.5589,11.0888,478.34,7025.0,4.18,1.68
6329.01,6329,PC,15.2334037,13.7686,12.2874,12.6447,585.094,5675.0,4.1,1.48
633.01,633,FP,4.503645,11.197034,35.7949977,13.9036,116.496,3267.0,4.438,1.0
6330.01,6330,PC,6.8498533,10.4676,3.94674,13.7853,139.042,3522.0,4.76,0.48
6331.01,6331,PC,5.4454541,7.92255,289.299,13.228,617.88,5684.0,4.4,1.05
6332.01,6332,PC,1.6630135,16.7474,4598.31,13.3773,1274.18,6690.3,3.97,2.04
6333.01,6333,PC,2.7205913,3.02214,668.663,11.5517,263.454,5784.6,4.49,0.96
6334.01,6334,PC,3.8363055,18.8534,9673.97,11.4808,729.418,5982.0,3.65,2.6
6335.01,6335,PC,4.7924038,11.263,1688.16,12.0066,680.868,6176.0,3.63,2.75
6336.01,6336,PC,39.810528,12.8908,43.1032,11.5821,1002.36,8796.0,4.04,2.34
6337.01,6337,PC,6.8793455,9.84834,7.99212,13.4209,228.091,3993.0,4.58,0.69
6338.01,6338,APC,1.4491171,10.794,48.8379,14.2955,249.517,3581.0,4.65,0.6
6339.01,6339,PC,2.5938771,4.93408,1208.93,10.8179,304.522,6110.0,4.12,1.55
634.01,634,FA,0.49359,1.733849,7238.7191072,9.1299,92.8368,5872.0,4.43995,1.02918
6340.01,6340,PC,8.2686298,15.9425,359.275,12.2164,785.17,6275.0,3.77,2.38
6341.01,6341,PC,2.7182588,20.77,402.801,13.2013,980.978,6433.0,4.15,1.59
6342.01,6342,PC,9.3568116,13.6687,8.92217,12.7058,299.126,5866.0,4.89,0.61
6343.01,6343,FP,14.5877856,10.1617,82.7417,12.0913,655.707,6544.0,4.13,1.66
6344.01,6344,PC,3.5297965,15.5125,625.677,13.0366,789.069,5846.0,4.12,1.48
6345.01,6345,PC,6.2378654,4.55893,149.586,11.6424,244.686,5301.0,4.41,0.99
6346.01,6346,PC,6.3111727,14.8439,130.71,13.4352,508.418,5531.0,4.31,1.14
6347.01,6347,PC,3.9332583,14.1242,1666.08,11.2367,547.43,6699.9,4.04,1.89
6348.01,6348,PC,3.6894234,16.5011,246.061,13.3256,720.125,5776.0,4.03,1.63
6349.01,6349,PC,2.7934699,5.70537,746.786,12.2124,350.759,5635.0,4.27,1.21
635.01,635,FA,0.493379,1.503946,7066.3432823,8.1075,58.7453,5914.0,4.46485,1.00635
6350.01,6350,PC,2.4766677,11.4749,1029.38,13.3199,602.08,6197.6,4.4,1.14
6351.01,6351,PC,6.7510278,13.8093,149.336,12.982,575.503,5024.0,,1.67
6352.01,6352,APC,7.4562671,6.40887,55.5163,11.0529,213.45,5822.0,4.51,0.95
6353.01,6353,PC,2.5048108,12.5335,1701.78,12.5755,615.476,6080.0,4.07,1.62
6354.01,6354,PC,18.7541398,11.641,59.4985,12.0763,512.561,6681.2,4.31,1.37
6355.01,6355,FP,1.0617107,5.85456,916.847,11.8275,317.292,5589.0,4.38,1.06
6356.01,6356,PC,3.7799201,16.2502,674.743,11.8848,374.605,6121.6,4.38,1.14
6357.01,6357,PC,5.1941869,10.8037,85.2496,13.2012,621.191,6085.6,4.43,1.08
6358.01,6358,PC,5.3802465,13.5242,538.751,12.566,858.675,6476.4,3.97,1.98
6359.01,6359,PC,2.4398136,11.128,7439.71,13.0074,1055.41,8184.6,4.29,1.67
636.01,636,FP,0.417921,5.657227,159.3798634,14.7034,158.67,3278.0,4.97806,0.275
6360.01,6360,PC,1.9765848,8.95604,674.183,11.6033,346.061,6799.0,4.41,1.25
6361.01,6361,PC,5.9419732,12.3895,67.643,13.4852,364.939,5206.0,4.56,0.81
6362.01,6362,PC,6.0602101,11.0384,252.333,13.3133,755.957,6252.0,4.35,1.22
6363.01,6363,PC,6.583694,19.1169,611.047,11.6603,809.782,6600.9,3.8,2.45
6364.01,6364,PC,25.8866192,11.2641,14.5766,13.2114,390.021,5326.0,4.6,0.8
6365.01,6365,PC,3.0496565,13.7764,817.877,13.4756,617.476,5568.0,4.08,1.5
6366.01,6366,PC,18.893475,,2296.08,10.9113,612.388,13896.0,,
6367.01,6367,PC,2.1653281,7.31275,146.971,14.4594,216.77,3510.0,4.71,0.54
6368.01,6368,FP,1.6197991,11.4253,31.7825,14.5853,100.741,3192.0,4.92,0.31
6369.01,6369,PC,13.2329062,7.5049,295.457,11.4974,445.311,6461.3,4.11,1.67
637.01,637,PC,2.8579169,,643.0972992,8.9454,64.5529,5637.0,4.52053,
6370.01,6370,PC,2.9124991,16.4233,1711.93,12.0907,534.894,6051.0,3.94,1.89
6371.01,6371,PC,1.8597817,13.3278,260.966,12.0402,431.523,5751.0,4.19,1.35
6372.01,6372,PC,6.5587386,2.56709,30.3163,11.3035,93.6289,4337.0,4.63,0.66
6373.01,6373,PC,4.9613647,14.2376,916.634,12.5799,767.899,6592.0,4.1,1.72
6374.01,6374,PC,4.5944948,14.2928,424.183,12.7022,515.735,5890.0,4.24,1.3
6375.01,6375,PC,3.0679061,15.0074,921.092,13.1429,913.0,6632.0,4.12,1.7
6376.01,6376,PC,4.7185893,12.5103,1274.32,12.7346,823.754,6039.7,3.86,2.06
6377.01,6377,FP,1.6513066,9.54979,231.366,12.2059,536.017,5887.6,4.13,1.47
6378.01,6378,PC,12.9589981,11.9733,60.044,13.4948,489.542,5925.0,4.52,0.94
6379.01,6379,PC,1.5057127,12.1483,9.00759,12.8552,173.849,4335.0,4.65,0.64
638.01,638,FA,0.493826,1.940277,8648.339203,8.9225,96.6355,6030.0,4.41585,1.08524
6380.01,6380,PC,5.1404883,5.66149,76.7777,11.8123,240.108,5155.0,4.44,0.93
6381.01,6381,PC,8.9270275,4.54883,56.8769,10.7233,149.566,5492.0,4.56,0.85
6382.01,6382,PC,35.3712924,13.0539,3.89814,12.6924,708.125,6702.0,4.35,1.32
6383.01,6383,CP,1.7904917,11.4109,31.6712,14.4506,171.319,3425.0,4.78,0.46
6384.01,6384,PC,2.4810218,8.87122,43.5124,14.394,259.341,3691.0,4.65,0.6
6385.01,6385,PC,2.8895991,18.732,1619.54,13.4358,1216.71,6451.9,4.19,1.51
6386.01,6386,PC,6.2663565,12.2751,52.4199,13.0817,776.855,6316.0,4.36,1.22
6387.01,6387,PC,1.1669652,12.7459,21.7929,14.9787,240.373,3452.0,4.76,0.48
6388.01,6388,PC,1.3940614,20.0134,591.468,13.3476,557.187,5402.0,4.43,0.98
6389.01,6389,PC,15.8034785,14.6849,12.8934,12.7613,791.689,6039.2,4.14,1.49
639.01,639,FP,2.819817,22.75573,31.848458,15.2474,160.84,3601.0,4.81887,0.441
6390.01,6390,PC,5.2434358,15.7628,164.202,13.032,836.498,6174.0,4.24,1.37
6391.01,6391,PC,5.01345,9.1986,278.509,12.9713,513.641,5505.9,4.36,1.07
6392.01,6392,PC,6.9603975,11.906,302.518,12.7094,658.966,5837.0,4.2,1.36
6393.01,6393,PC,9.5315703,2.62547,39.0679,11.7801,186.229,5022.0,4.59,0.77
6394.01,6394,PC,13.026976,16.5308,110.559,12.5085,606.491,5817.2,4.13,1.46
6395.01,6395,PC,2.8140328,12.904,5118.7,11.475,896.944,7487.8,3.98,2.22
6396.01,6396,FP,8.2100724,15.5396,105.793,11.8431,720.484,6427.0,3.97,1.96
6397.01,6397,PC,1.6707289,17.2506,289.366,13.1766,430.356,5041.0,4.43,0.93
6398.01,6398,FP,3.0043128,12.1874,61.8402,12.1953,502.17,6405.0,4.41,1.17
6399.01,6399,PC,12.6427441,10.8159,269.47,13.1843,958.967,5605.0,3.94,1.76
640.01,640,CP,5.0037758,19.7788,1150.12,10.0367,341.997,6442.0,3.91,2.09
6400.01,6400,PC,5.0358501,15.0966,3403.81,12.349,1533.65,7455.0,3.85,2.57
6401.01,6401,PC,3.0199448,,,12.6839,848.343,,,
6402.01,6402,PC,3.4053234,12.264,696.43,12.23,552.846,6111.0,4.26,1.32
6403.01,6403,PC,742.682809,9.50064,0.0343651,12.9298,517.363,5931.0,4.49,0.98
6404.01,6404,PC,3.7442969,8.95062,58.7809,12.4628,312.797,5114.0,4.45,0.92
6405.01,6405,PC,6.7392054,8.73795,4.48575,12.2657,190.315,4557.0,4.52,0.77
6406.01,6406,PC,2.2314165,11.7385,106.977,13.0461,322.174,4956.1,4.59,0.75
6407.01,6407,PC,8.9913818,10.912,467.293,12.1158,671.665,5863.0,3.92,1.88
6408.01,6408,PC,8.0924283,11.0971,8.0575,13.9983,268.499,3821.0,4.58,0.69
6409.01,6409,PC,1.5304279,19.1928,4037.72,12.2411,734.456,6476.0,4.09,1.72
641.01,641,APC,1.8930707,3.11788,524.289,9.90377,134.043,5646.0,4.4,1.04
6410.01,6410,PC,5.1491091,12.8079,1104.38,12.6159,839.513,6648.0,4.25,1.46
6411.01,6411,PC,8.2165446,7.33005,172.843,13.075,653.557,6114.0,4.43,1.09
6412.01,6412,PC,3.9802888,11.6985,106.678,13.1167,934.231,5991.0,4.12,1.52
6413.01,6413,PC,10.8310228,11.3849,12.0417,12.9494,490.336,5524.8,4.44,0.98
6414.01,6414,PC,17.7607727,4.52589,71.0596,10.3377,238.113,6180.8,4.28,1.31
6415.01,6415,PC,20.8380576,10.4977,37.6029,13.4164,662.479,6165.0,4.48,1.03
6416.01,6416,PC,8.2330943,,,13.097,824.51,,,
6417.01,6417,PC,3.3458255,14.8231,1120.52,11.7024,577.753,6089.0,4.01,1.75
6418.01,6418,PC,4.6478092,11.76,312.405,12.5598,474.94,5510.0,4.28,1.19
6419.01,6419,PC,4.160454,10.705,315.01,12.9149,649.613,5963.0,4.34,1.16
642.01,642,PC,2.2786049,12.6809,10942.1,9.4247,472.224,8550.0,3.93,2.63
6420.01,6420,PC,6.9615164,10.6573,106.619,12.4877,634.712,5994.0,4.2,1.37
6421.01,6421,PC,3.750778,17.4249,903.749,13.2808,1182.83,6751.0,4.22,1.54
6422.01,6422,PC,3.7521603,9.01204,262.822,12.6968,577.888,5917.0,4.32,1.19
6423.01,6423,PC,1.364829,15.8394,957.887,13.3579,1370.47,6392.0,4.01,1.85
6424.01,6424,PC,2.0396825,7.50494,2000.39,13.2535,873.87,6559.0,4.4,1.22
6425.01,6425,PC,12.1422411,11.7961,110.449,11.9634,792.402,6716.0,4.07,1.83
6426.01,6426,PC,3.8801586,12.7189,983.22,13.1896,996.119,6371.0,4.23,1.43
6427.01,6427,PC,18.372561,8.40725,56.6794,12.4642,601.941,5822.0,4.09,1.53
6428.01,6428,PC,1.6763835,17.7371,760.788,13.1815,972.897,6087.0,4.13,1.52
6429.01,6429,PC,2.4257176,8.37058,1677.9,12.3056,873.301,6658.0,4.05,1.85
643.01,643,FP,9.653456,7.281973,3.1265702,13.7006,87.7731,3359.0,4.93457,0.315
6430.01,6430,PC,3.6024986,9.87637,47.7872,14.329,333.252,3967.0,4.59,0.67
6431.01,6431,PC,3.5423487,8.42588,151.261,13.1583,735.252,6195.0,4.39,1.15
6432.01,6432,PC,3.356169,11.0376,144.158,12.7819,552.368,5941.0,4.41,1.08
6433.01,6433,PC,741.9398361,9.70279,0.0147618,11.3461,409.7,5589.0,3.99,1.68
6434.01,6434,PC,2.7775786,4.50048,79.8073,12.2757,128.006,3982.0,4.6,0.66
6435.01,6435,PC,6.1161423,6.70408,53.9292,11.0464,288.377,5858.0,4.23,1.31
6436.01,6436,PC,6.1879019,12.4998,118.339,12.6738,568.421,5925.5,4.33,1.17
6437.01,6437,PC,8.31001,18.2639,1097.56,11.6147,854.485,6649.0,3.79,2.48
6438.01,6438,PC,16.1268294,2.9287,7.15343,10.4099,93.0359,4833.0,4.56,0.77
6439.01,6439,APC,2.9896663,19.5222,640.322,12.2879,840.511,6689.6,4.15,1.67
644.01,644,FP,1.9271328,2.3659,1087.6116431,10.194,203.532,5952.0,,1.25
6440.01,6440,PC,3.8190051,10.8225,193.673,11.5876,546.411,6379.0,4.13,1.61
6441.01,6441,PC,4.5579065,11.1283,116.63,12.5605,273.991,4977.0,4.54,0.81
6442.01,6442,PC,2.8279716,18.5153,1118.3,11.1007,437.855,6707.0,4.1,1.48
6443.01,6443,PC,9.9872075,10.2877,105.868,11.8052,644.794,6453.0,4.07,1.75
6444.01,6444,PC,12.2925281,14.0235,160.207,13.3362,991.268,6019.0,4.14,1.49
6445.01,6445,PC,26.3926606,8.33825,2.97563,12.2099,345.036,5543.0,4.44,0.99
6446.01,6446,PC,4.2240015,11.5236,15.196,14.1224,230.066,3724.0,4.66,0.59
6447.01,6447,PC,0.6646521,9.44803,3611.53,13.346,707.586,6256.0,4.55,0.97
6448.01,6448,PC,14.8442674,7.05099,28.1152,12.3239,386.879,5920.0,4.51,0.96
6449.01,6449,PC,2.4404127,12.1385,19.4163,14.9728,215.005,3356.0,4.78,0.45
645.01,645,FP,1.84051,13.9166,4390.21,10.4091,414.522,5710.5,3.6,2.49
6450.01,6450,PC,3.6092665,6.6756,153.851,12.9007,296.583,4823.0,4.53,0.79
6451.01,6451,PC,5.495078,10.0782,469.613,13.3935,1011.08,6852.0,4.26,1.5
6452.01,6452,PC,5.2477739,8.53362,239.402,12.8743,538.47,5647.0,4.36,1.1
6453.01,6453,PC,6.8688474,12.8155,854.65,13.0537,1344.25,6621.0,3.99,1.98
6454.01,6454,PC,22.5012924,5.01721,22.423,11.0427,182.45,5443.0,4.51,0.9
6454.02,6454,PC,10.9835772,3.69154,63.5296,11.0427,182.45,5443.0,4.51,0.9
6455.01,6455,PC,0.8970559,15.8462774,11175.4143383,10.9421,409.393,5811.0,3.78,1.84758
6456.01,6456,PC,2.2685932,19.7806144,2058.2136559,11.8895,530.397,6763.0,4.23,1.33734
6457.01,6457,PC,41.4186335,10.7342874,1.8987535,10.4475,263.807,6080.7,4.19,1.4143
6458.01,6458,PC,9.7831931,2.5360369,643.0959721,6.4843,66.5884,6200.93,3.87276,2.0913501
6459.01,6459,PC,5.1494363,2.76723,478.295,10.3823,186.742,5588.0,4.27,1.13
646.01,646,FP,13.7252522,20.3352568,312.4460654,10.3001,316.643,6104.0,3.96,1.86397
6460.01,6460,PC,4.4044418,4.13545,302.886,11.601,299.878,5754.0,4.41,1.04
6461.01,6461,PC,4.064628,,214.521,11.139,631.411,6876.0,4.15,
6462.01,6462,PC,3.8720204,14.8477,1287.54,11.9319,761.889,6976.0,4.1,1.83
6463.01,6463,PC,9.8738839,10.7705056,191.8809402,11.2854,476.611,6543.5,4.17,1.5187401
6464.01,6464,PC,9.6742544,11.7179,753.131,11.4749,803.422,6803.0,3.75,2.66
6465.01,6465,PC,0.6593681,13.8937,41.406,14.2084,200.8,3421.0,4.69,0.55
6466.01,6466,PC,1.4571902,8.18389,112.285,13.2722,458.026,5712.0,4.62,0.82
6467.01,6467,PC,11.9964056,10.8162,203.513,12.7401,885.89,6311.0,4.1,1.64
6468.01,6468,PC,12.1228168,10.5524,202.591,11.9468,601.947,6799.0,4.28,1.45
6469.01,6469,PC,24.7104662,6.84115,38.4335,11.4274,310.479,5876.0,4.32,1.18
647.01,647,PC,4.90765,13.2707,260.337,10.2339,553.626,4900.0,,5.01
6470.01,6470,PC,13.7333847,9.42304,17.2584,12.1958,592.196,6415.0,4.26,1.4
6471.01,6471,PC,3.0758364,5.09878,558.588,13.1352,634.454,5745.0,4.33,1.15
6472.01,6472,PC,2.6808268,14.3489,6752.98,13.2967,1056.18,7349.0,4.06,2.0
6473.01,6473,PC,1.0992893,7.47037,719.668,13.4379,558.189,5636.0,4.56,0.87
6474.01,6474,PC,1.6069363,,10608.2,12.198,1373.8,8753.0,,
6475.01,6475,PC,26.5988575,15.707,237.562,12.3164,624.824,6685.0,4.17,1.62
6476.01,6476,PC,8.1168658,10.8668,473.148,12.5776,696.339,6381.0,4.29,1.33
6477.01,6477,PC,3.6860654,12.7501,902.856,12.6602,883.135,6206.0,4.02,1.76
6478.01,6478,PC,1462.2115148,4.5351,0.0003419,13.0041,38.6057,3275.0,5.01,0.23
6479.01,6479,PC,2.9193825,12.0124,213.872,12.3987,455.749,6037.0,4.43,1.06
648.01,648,FP,2.97638,11.0372,2695.88,10.1347,637.257,6492.5,3.57,3.56
6480.01,6480,PC,750.2395535,9.68778,0.0560777,11.8409,564.158,7459.0,4.36,1.43
6481.01,6481,PC,6.2796518,6.38573,71.742,12.5284,318.741,5159.0,4.47,0.9
6482.01,6482,PC,1483.5175058,17.4711,0.020302,13.1388,910.154,5782.0,4.06,1.58
6483.01,6483,PC,5.2076995,6.02778,17.5447,12.4716,242.223,4961.0,4.57,0.78
6484.01,6484,PC,18.2457829,3.87217,18.6783,12.0808,212.659,5057.0,4.58,0.78
6485.01,6485,PC,17.0180939,14.5502,49.0598,13.4446,843.379,5782.0,4.26,1.26
6486.01,6486,PC,10.6332248,15.9854,26.5909,12.8397,271.71,4678.0,4.5,0.81
6487.01,6487,PC,14.13519,9.82212,65.1514,12.1185,633.364,6466.0,4.18,1.54
6488.01,6488,PC,8.0850515,3.89202,92.8495,11.8187,298.567,5560.0,4.41,1.02
6489.01,6489,PC,2.917882,3.08813,81.6812,12.5035,186.872,4593.4,4.65,0.67
649.01,649,PC,0.9370901,9.49947,3103.07,10.0461,430.622,6779.0,3.83,2.43
6490.01,6490,PC,7.842208,12.3266,527.439,13.1011,965.524,6428.0,4.18,1.53
6491.01,6491,PC,7.5520411,8.43121,306.311,12.3727,641.243,5936.0,4.07,1.58
6492.01,6492,PC,731.8319734,12.4424,0.0015866,14.2991,214.326,3556.0,4.7,0.54
6493.01,6493,APC,3.0667073,3.39378,37.0044,12.4802,104.516,3808.0,4.68,0.57
6494.01,6494,PC,3.5327892,,1406.91,12.2137,1136.24,8706.0,,
6495.01,6495,PC,3.7781679,11.6911,1317.34,12.973,966.05,6118.0,4.0,1.77
6496.01,6496,PC,0.9942215,,,13.1263,1713.43,,,
6497.01,6497,PC,2.1439841,16.8452,968.251,13.1074,957.246,6788.0,4.29,1.44
6498.01,6498,PC,22.5095172,12.0156,14.3836,13.0303,332.357,4952.0,4.5,0.84
6499.01,6499,PC,9.0441543,10.2153,1.72908,14.6334,260.803,3642.0,4.68,0.57
650.01,650,FP,0.76983,,49237.6,9.7839,402.762,8658.0,3.92,
6500.01,6500,PC,4.4156851,7.75741,143.363,11.9865,343.112,5599.0,4.35,1.1
6501.01,6501,PC,4.4581792,9.08219,599.933,12.834,709.759,5973.0,4.17,1.43
6502.01,6502,PC,5.0711656,15.3998,2760.2,12.9544,1355.12,7304.0,3.88,2.43
6503.01,6503,PC,3.9535041,13.6119,835.02,12.9435,1079.16,6166.0,3.91,1.98
6504.01,6504,PC,6.8328077,9.18199,410.019,13.2222,789.385,5657.0,4.11,1.45
6505.01,6505,PC,15.8951857,11.9336,6.40691,14.1994,231.356,3792.0,4.67,0.57
6506.01,6506,PC,13.0795854,9.66071,83.886,13.0582,435.115,5555.0,4.5,0.92
6507.01,6507,PC,5.267165,6.02919,48.3829,12.9845,322.179,4930.0,4.54,0.8
6508.01,6508,PC,18.9926881,10.231,0.172006,14.3088,48.4666,3003.0,5.05,0.21
6509.01,6509,PC,5.6022404,16.2862,1136.7,12.0622,900.01,6237.0,3.73,2.49
651.01,651,PC,1.0697877,,63832.9,9.0185,74.834,8576.7,,
6510.01,6510,PC,37.98781,10.1109,10.8495,12.2544,501.914,5983.0,4.26,1.29
6511.01,6511,PC,21.5962209,9.42089,37.4782,12.7121,539.43,6012.0,4.41,1.09
6512.01,6512,PC,2.5011016,15.7428,368.009,13.1724,1515.49,6421.0,3.84,2.25
6513.01,6513,PC,2.4214702,9.94252,33.5202,14.8212,340.166,3642.0,4.62,0.64
6514.01,6514,PC,4.0236761,16.953,9268.26,11.9783,965.229,9833.0,4.18,2.14
6515.01,6515,PC,3.8149372,13.2182,963.383,13.3092,1093.34,5709.0,3.89,1.89
6516.01,6516,PC,18.8392786,10.5098,46.6035,13.1386,762.45,5972.0,4.18,1.42
6517.01,6517,PC,2.6185048,6.08823,235.909,12.3947,461.438,6478.0,4.53,1.04
6518.01,6518,PC,2.1978944,15.7016,292.313,12.5611,802.838,5147.0,,2.61
6519.01,6519,PC,10.397262,13.8002,371.029,11.5447,521.207,4953.5,,2.47
652.01,652,CP,3.9846589,2.12827,647.901,7.3635,45.683,5903.0,4.44653,1.03
6520.01,6520,PC,7.6016156,19.3547,44.5994,12.7216,1261.35,5200.0,,3.38
6521.01,6521,PC,3.581253,12.2522,31.7588,14.9198,358.254,3873.0,4.66,0.58
6522.01,6522,PC,4.7383479,4.7507,453.403,11.3742,182.154,5109.0,4.48,0.89
6523.01,6523,PC,7.809463,14.0451,214.334,12.8603,708.281,5816.0,4.32,1.33
6524.01,6524,PC,0.8515408,16.072,37.4851,14.478,200.435,3254.0,4.7,0.54
6525.01,6525,PC,731.3548427,15.334,0.0186537,13.463,703.497,5794.0,4.36,1.12
6526.01,6526,PC,14.7478214,7.68311,16.3125,12.6161,355.397,5167.0,4.41,0.96
6527.01,6527,PC,5.389491,14.3807,10.8749,14.7698,336.274,3493.0,4.6,0.67
6528.01,6528,PC,1484.1934287,8.94439,0.002443,13.2466,449.808,5602.0,4.63,0.8
6529.01,6529,PC,7.4476397,2.1911,32.4591,10.8273,92.6712,4526.0,4.56,0.73
653.01,653,FP,0.68831,21.715,21261.5,8.5234,213.947,6054.0,3.47323,3.13
6530.01,6530,PC,5.332805,2.92256,56.7571,11.213,86.8636,4189.0,4.57,0.7
6531.01,6531,PC,4.416076,16.839,537.53,13.2786,1111.68,5186.0,,2.32
6532.01,6532,PC,5.4736892,18.8155,217.531,12.4974,682.391,6229.4,4.17,1.5
6533.01,6533,PC,2.8656356,11.1837,6267.38,13.2022,1350.5,8849.0,4.4,1.56
6534.01,6534,PC,3.4542618,,,12.4454,1102.52,,,
6535.01,6535,PC,20.8359197,7.56184,40.967,11.7347,637.497,6838.0,4.14,1.71
6536.01,6536,PC,4.2380294,6.48085,695.384,13.4696,643.227,6030.0,4.5,0.99
6537.01,6537,PC,3.6477926,3.9626,252.255,12.131,428.196,5005.4,,0.98
6538.01,6538,PC,5.7180689,9.5585,860.489,11.9319,666.515,6219.0,3.99,1.83
6539.01,6539,PC,2.3645949,14.3865,3031.27,13.2487,1724.86,7743.0,4.09,2.02
654.01,654,PC,1.5275639,2.6103318,59.3669472,12.2255,57.7553,3433.0,4.89676,0.427953
6540.01,6540,PC,4.5127799,10.6956,316.305,13.4905,796.484,5643.0,4.25,1.25
6541.01,6541,PC,5.8991458,1.10037,449.719,9.1069,64.4175,5419.4,4.65,0.76
6542.01,6542,FP,2.4018591,10.1612,25813.2,9.9747,260.511,6071.0,3.95,1.86
6543.01,6543,PC,15.5523703,3.54892,861.828,9.2889,115.665,5759.0,4.31,1.18
6544.01,6544,PC,3.6249482,5.1321,332.475,9.6235,,4935.7,,1.94
6545.01,6545,PC,5.6177467,5.60938,233.759,9.74,346.576,6315.0,3.74,2.48
6546.01,6546,KP,3.3779614,14.3326751,1619.4059744,12.5329,773.974,6113.0,4.05769,1.6616499
6547.01,6547,KP,1.4328255,18.2238418,528.4147032,14.7028,566.459,4588.0,4.47637,0.817544
6548.01,6548,PC,8.5473,10.3970349,742.9187125,12.4715,971.803,6619.0,4.02,1.89911
6549.01,6549,PC,6.1079575,19.1369245,527.4088544,12.2311,575.271,5681.0,4.0558,1.56062
655.01,655,KP,0.7888389,16.4131054,3170.9888441,11.6044,268.325,5568.0,4.39267,1.0280499
6550.01,6550,PC,6.9153868,15.9616,2475.48,10.8597,553.272,6649.3,4.37,2.05
6551.01,6551,KP,6.9593972,9.3800527,341.0877558,9.1871,127.28,5854.0,4.438,1.33729
6552.01,6552,PC,3.2706204,13.5836554,1366.8847119,12.4338,698.403,5933.0,4.31,1.53146
6553.01,6553,PC,3.6342494,4.36152,973.329,9.5605,227.014,5829.0,3.73,2.31
6554.01,6554,PC,2.6141047,3.60255,787.265,10.37,220.877,5650.0,4.11,1.46
6555.01,6555,PC,10.1298877,3.76774,371.461,9.4738,261.077,6802.0,4.05,1.9
6556.01,6556,PC,12.9623248,5.94559,69.6232,10.1115,212.894,5996.0,4.2,1.39
6557.01,6557,PC,12.5383316,3.44886,60.8025,9.8987,168.977,6018.0,4.3,1.23
6558.01,6558,PC,9.5327064,2.39108,22.3356,10.3012,70.5122,4504.0,4.58,0.72
6559.01,6559,PC,733.3796728,6.17234,25.9335,10.0778,177.911,5878.0,4.29,1.22
656.01,656,KP,0.8134733,13.1118363,680.8952697,11.1184,86.7467,4400.0,4.64555,0.757649
6560.01,6560,APC,17.2051468,8.17561,18.2667,9.17446,176.365,6470.6,4.13,1.63
6561.01,6561,PC,3.1739329,15.5264,68.2123,10.1676,360.452,4999.0,,3.95
6562.01,6562,PC,4.0947485,17.3607607,2355.1265087,11.7584,758.968,5983.0,4.27,2.1987801
6563.01,6563,PC,2.4053036,19.9376761,2283.8953939,11.5744,441.968,5476.0,3.88771,1.84636
6564.01,6564,PC,3.9854465,16.4220671,1257.4270919,9.5687,191.372,5904.0,4.0,1.71105
6565.01,6565,PC,0.8778729,6.173706,7881.8722822,11.5643,457.078,6210.0,4.18301,1.46319
6566.01,6566,PC,7.5837846,10.7098887,817.5602045,12.0824,793.88,6457.0,4.0,1.89487
6567.01,6567,PC,4.9486116,10.6945832,219.1762514,11.7803,260.813,5524.0,4.5045,0.912363
6568.01,6568,PC,17.4368079,18.6840757,155.7889305,11.1102,366.686,6332.0,4.19731,1.47515
6569.01,6569,PC,5.9337178,19.9345,3.66917,14.9074,233.338,3322.0,4.71,0.53
657.01,657,CP,4.5696698,13.0582928,616.12218,12.4399,562.256,6122.0,4.283,1.28306
6570.01,6570,PC,10.9799801,8.3173,72.3255,12.4071,533.016,5754.2,4.2,1.34
6571.01,6571,PC,11.5379235,3.827,90.3933,10.9535,218.468,5835.0,4.45,1.01
6572.01,6572,PC,3.6462287,14.2198,721.653,13.2336,1077.53,5707.0,3.92,1.84
6573.01,6573,PC,8.1618477,11.849,150.654,12.5489,825.215,7238.0,4.25,1.59
6574.01,6574,PC,13.0953097,8.3339,21.487,12.0407,537.819,6103.0,4.13,1.54
6575.01,6575,PC,3.3047459,4.70927,1949.35,12.351,578.91,6636.0,4.35,1.3
6576.01,6576,PC,19.3111424,9.91342,30.3232,13.0093,466.577,5850.0,4.54,0.92
6577.01,6577,PC,729.9391752,15.2287,7.21802,12.0263,214.986,5136.9,4.61,0.77
6578.01,6578,PC,2.7543175,2.11364,36.9545,12.0438,75.4617,3573.0,4.7,0.54
6579.01,6579,PC,3.4732477,13.0505,935.315,13.3562,1207.19,7081.0,4.21,1.63
658.01,658,APC,4.7192734,7.15211,156.343,9.5359,212.005,6521.0,4.22041,1.6
6580.01,6580,PC,10.9600975,9.91407,215.895,11.7921,580.95,5586.7,3.82,2.04
6581.01,6581,PC,4.9156665,5.59825,197.609,11.4291,303.927,5656.0,4.28,1.2
6582.01,6582,PC,19.6500878,14.4539,64.2887,11.0608,1116.12,8968.0,3.88,2.85
6583.01,6583,PC,7.447404,13.1669,106.276,11.3329,639.815,7936.0,4.26,1.7
6584.01,6584,PC,3.6850751,10.2036,214.472,12.3896,612.225,5860.0,4.07,1.57
6585.01,6585,PC,13.4364908,9.8672,690.534,12.3613,590.249,6229.0,4.28,1.31
6586.01,6586,PC,5.0953453,12.0431,1011.51,12.1162,883.252,6269.0,3.79,2.34
6587.01,6587,PC,17.0116833,8.55494,23.9943,12.2657,338.067,5668.0,4.53,0.91
6588.01,6588,PC,1.7988855,13.2509,48.1876,14.9692,315.113,3458.0,4.63,0.62
6589.01,6589,PC,3.0589547,17.6594,1967.9,13.3831,1325.9,6821.0,4.11,1.78
659.01,659,PC,4.7192771,9.68968,515.984,10.245,245.318,5990.0,4.00966,1.42
6590.01,6590,PC,7.0911739,14.5208,1526.19,13.4995,949.219,5924.0,4.2,1.37
6591.01,6591,PC,5.7881587,11.6578,1170.98,11.983,1245.89,5668.0,,3.74
6592.01,6592,PC,9.5098954,16.5009,50.8044,12.8316,511.237,5478.0,4.31,1.14
6593.01,6593,PC,8.4325164,9.45527,26.3135,12.925,431.429,5300.0,4.41,0.98
6594.01,6594,PC,2.67581,15.7041,709.373,12.9822,1006.66,6171.0,4.07,1.66
6595.01,6595,PC,7.5138657,3.23033,42.4479,10.9743,151.511,5139.0,4.48,0.89
6596.01,6596,PC,26.1622122,10.1227,44.9857,10.5353,221.906,6139.0,4.39,1.14
6597.01,6597,PC,0.9097915,6.92737,1085.74,12.9505,571.796,5822.0,4.39,1.09
6598.01,6598,PC,10.8089555,11.7906,95.8499,12.9661,992.387,6876.0,4.27,1.49
6599.01,6599,PC,2.2059167,1.0369208,9.6425737,11.9686,16.9227,3087.0,5.07767,0.202097
660.01,660,KP,9.2897006,11.4812614,327.8306693,10.99,352.181,6055.0,4.22795,1.41549
6600.01,6600,PC,3.8030207,4.18884,221.979,11.0686,174.42,5035.0,4.35,1.01
6601.01,6601,PC,32.5444769,11.9952,0.130568,14.6483,168.1966,3230.0,4.84,0.38
6602.01,6602,PC,1.5840089,5.90757,296.761,12.0139,447.901,5188.0,3.91,1.72
6603.01,6603,PC,5.015806,14.6529,2429.4,12.9595,1310.99,7155.0,3.89,2.37
6604.01,6604,PC,3.917482,13.4773,511.088,12.1967,662.96,6466.0,4.18,1.54
6605.01,6605,PC,12.2981251,9.70951,95.5652,13.4442,536.703,5614.0,4.55,0.87
6606.01,6606,PC,2.5354002,15.299,529.415,13.2738,723.354,5526.0,4.17,1.34
6607.01,6607,PC,11.1860909,10.3662,353.841,12.2525,741.795,6520.0,4.11,1.69
6608.01,6608,PC,7.3144752,13.336,17.6496,12.8314,390.235,5137.0,4.39,0.99
6609.01,6609,PC,12.9414603,10.6791,58.6863,13.2079,514.266,5832.0,4.45,1.01
661.01,661,KP,4.0860495,13.0323437,1434.7738788,11.248,500.258,6580.0,4.0663,1.47741
6610.01,6610,PC,3.1651539,14.2867,1222.01,11.1708,407.645,6396.0,4.15,1.57
6611.01,6611,PC,6.5568726,12.6672,160.545,12.1404,534.334,6139.0,4.23,1.36
6612.01,6612,PC,2.3207203,14.0426,135.481,11.7332,180.958,4390.0,4.12,1.2
6613.01,6613,PC,2.5001306,17.7461,570.926,13.4146,1002.32,6158.0,4.2,1.42
6614.01,6614,PC,25.0709977,11.9941,13.367,12.5738,388.523,5624.0,4.49,0.94
6615.01,6615,PC,3.5911377,11.6235,184.928,12.0846,358.155,6094.0,4.5,0.99
6616.01,6616,PC,1.1235117,12.5587,66.6916,14.9482,,3505.0,4.67,0.58
6617.01,6617,PC,4.315664,8.30372,2834.56,12.0669,580.371,6707.0,4.2,1.56
6618.01,6618,PC,35.7890963,9.2051754,95.0227177,11.2822,511.417,6218.9,3.96,1.90288
6619.01,6619,PC,1.6930171,16.2172,2086.88,12.6705,755.87,6010.0,4.05,1.64
662.01,662,FP,1.0014437,4.71785,28733.4,8.2046,87.2682,6380.0,4.438,1.18
6620.01,6620,PC,3.8647617,13.7097,1263.12,13.2261,950.963,6119.0,3.98,1.83
6621.01,6621,PC,4.2807848,2.8386,60.9199,12.8143,193.932,4354.0,4.59,0.69
6622.01,6622,PC,37.8575614,7.35774,32.4592,13.3296,750.839,5980.0,4.34,1.17
6623.01,6623,PC,3.1791661,12.9563,1190.1,13.0339,651.466,6452.0,4.43,1.16
6624.01,6624,PC,10.3031578,11.0446,132.955,10.8833,398.406,6387.0,3.94,2.01
6625.01,6625,PC,5.4863844,14.247,719.754,12.9268,954.945,6498.0,4.15,1.61
6626.01,6626,PC,1.2864856,14.0003,46.706,14.6186,158.097,3172.0,4.79,0.45
6627.01,6627,PC,4.8934688,15.84,975.759,12.8709,853.667,6332.0,4.15,1.56
6628.01,6628,PC,18.184189,9.90639,20.0861,12.0836,320.527,5265.0,4.32,1.09
6629.01,6629,PC,4.3664669,9.52505,20.3906,14.2251,233.304,3598.0,4.66,0.59
663.01,663,PC,2.5989031,2.4312854,48.4615319,11.7602,64.2308,3719.0,4.76941,0.512361
663.02,663,PC,4.6991466,3.9416204,22.0001313,11.7602,64.2308,3719.0,4.76941,0.512361
663.03,663,PC,7.1024749,1.9895244,12.6834573,11.7602,64.2308,3719.0,4.76941,0.512361
6630.01,6630,PC,7.7103227,8.52513,410.215,13.1227,713.493,6617.0,4.42,1.2
6631.01,6631,PC,3.4714821,13.2477,1049.57,12.716,690.045,6604.0,4.28,1.41
6632.01,6632,PC,5.8778295,11.2784,316.166,11.5555,854.397,5965.0,3.43,3.34
6633.01,6633,PC,6.5479496,2.28629,98.978,12.1821,197.121,4853.5,4.61,0.73
6634.01,6634,PC,23.136755,9.05398,245.088,11.2405,681.143,7723.0,4.08,2.04
6635.01,6635,PC,8.6243051,16.2074,3083.68,12.363,700.825,7944.0,4.39,1.47
6636.01,6636,PC,3.5171227,14.6605,541.267,12.3531,914.054,6386.0,3.88,2.16
6637.01,6637,PC,2.231293,15.38,621.755,13.4658,782.642,6356.0,4.38,1.19
6638.01,6638,PC,4.140097,16.9028,206.767,13.4986,453.793,5359.0,4.57,0.82
6639.01,6639,PC,8.0136668,11.825,191.471,12.4865,597.698,5831.0,4.17,1.4
664.01,664,KP,4.7359232,13.5752589,468.2559879,7.3212,99.1596,5370.0,3.72765,2.7871499
6640.01,6640,PC,16.9356875,3.59731,26.8131,12.392,201.413,4758.0,4.62,0.71
6641.01,6641,PC,1.9647786,15.9566,39.1755,14.85,297.833,3314.0,4.62,0.64
6642.01,6642,PC,3.3421583,16.3017,132.245,13.0934,850.423,6022.0,4.15,1.46
6643.01,6643,PC,4.8332515,14.6312,907.188,12.7886,1015.39,6431.0,3.9,2.11
6644.01,6644,PC,42.7305626,4.03815,10.2931,12.5687,308.178,5247.0,4.56,0.83
6645.01,6645,FP,3.9525732,,,10.4263,,4536.1,,
6646.01,6646,PC,17.7505864,4.72963,165.508,9.56062,191.472,6967.0,4.34,1.38
6647.01,6647,PC,3.9963994,3.44228,809.419,9.65566,174.397,5684.0,4.08,1.52
6648.01,6648,PC,20.86399,3.8434,75.5957,9.99685,185.35,6153.0,4.35,1.2
6649.01,6649,PC,5.9867942,10.5818,194.213,9.7664,201.21,6336.4,4.26,1.37
665.01,665,FP,14.066109,21.5662738,153.0394528,9.1116,131.018,6157.0,4.20407,1.47641
6650.01,6650,PC,20.3290215,14.4604,203.277,10.0252,237.169,6500.6,4.32,1.37
6651.01,6651,CP,5.0569858,4.79388,448.021,9.60892,212.128,5818.9,3.95,1.8
6652.01,6652,PC,3.8388774,1.94873,370.484,9.1993,97.8683,5745.0,4.44,1.01
6653.01,6653,PC,,2.4364,60.1386,9.1129,50.2297,4859.0,4.59,0.75
6654.01,6654,PC,9.5160627,17.807,23.0984,10.1032,673.028,4481.6,,8.18
6655.01,6655,PC,6.8672313,2.31017,123.542,10.1763,127.16,5564.0,4.51,0.91
6655.02,6655,PC,12.9587054,2.49711,61.6019,10.1763,127.16,5564.0,4.51,0.91
6656.01,6656,FA,0.8219599,,884.027,10.318,,3866.3,,
6657.01,6657,PC,4.0610981,2.57627,306.57,8.5861,96.6949,6193.0,4.38,1.16
6658.01,6658,PC,5.6494351,3.74551,730.055,8.641,280.1428,5764.0,,2.95
6659.01,6659,PC,7.3120981,3.45268,58.7812,10.2443,101.511,5159.0,4.57,0.8
666.01,666,APC,7.4760687,14.5444225,1663.7504041,8.8252,237.035,6680.0,4.20036,2.3351099
6660.01,6660,PC,2.9852193,17.0487122,1524.9617185,12.0054,522.201,6116.0,4.15621,1.48347
6661.01,6661,PC,10.5789534,3.0009044,45.8125278,11.7085,190.991,5164.0,4.61221,0.765045
6662.01,6662,PC,0.2939493,0.9372852,363.4366793,10.8861,21.182,3359.0,4.89202,0.33188
6663.01,6663,PC,,5.6562862,1.7268018,10.594,393.5746,6487.0,4.438,1.0
6664.01,6664,PC,,9.531746,2.946782,8.03278,157.48,6534.0,3.84827,2.2886801
6665.01,6665,PC,735.797917,2.7674128,0.6531366,8.89177,109.972,5972.63,4.28725,1.24541
6666.01,6666,PC,,4.5545799,8.5317587,8.43041,126.959,6477.0,4.16898,1.56674
6667.01,6667,APC,,8.6506071,72.9167674,12.122,466.165,5952.0,4.32279,1.19221
6668.01,6668,PC,718.652003,3.447372,0.8549995,8.3408,98.2118,6002.0,4.1943,1.3949
6669.01,6669,PC,731.9966539,10.6774533,9.8437073,12.0742,183.078,4722.0,4.55866,0.756773
667.01,667,KP,1.6289322,1.2145664,20.9593189,10.8372,12.613,3202.0,4.86375,0.226407
6670.01,6670,PC,,9.3912424,2.1568906,8.8855,187.473,7271.0,4.15114,1.7819099
6671.01,6671,PC,,3.1919762,16.5103821,10.3852,92.1219,4713.0,4.49053,0.815268
6672.01,6672,PC,,6.3590858,1.8314743,9.61487,323.808,8450.0,4.31188,1.67454
6673.01,6673,PC,19.7468103,2.6201221,125.152068,7.2861,68.305,6439.2,4.25521,1.4073499
6674.01,6674,PC,,11.6792669,15.6664583,12.6973,153.244,3907.0,4.59828,0.663933
6675.01,6675,PC,,6.1245707,1.5465501,9.40853,175.659,6608.0,4.32886,1.3326
6676.01,6676,PC,22.6957088,2.2731788,69.1573302,7.848,70.1908,5988.0,4.28183,1.2555
6677.01,6677,PC,5.4496736,8.32098,2.08998,10.4679,340.52,6760.0,4.21,1.57
6678.01,6678,PC,3.4268387,2.12571,94.0962,8.8688,44.8496,4794.0,4.55,0.77
6679.01,6679,PC,2.3170053,4.4811227,739.5821823,10.7742,186.982,5542.0,4.438,1.0432
668.01,668,APC,4.3787302,21.696241,644.3692254,11.3425,344.134,6159.0,4.37691,1.22606
6680.01,6680,PC,4.3816966,10.8739335,2221.0308758,10.6264,477.776,6875.0,4.01141,1.99491
6681.01,6681,KP,3.7783401,13.8305377,269.1657299,12.0491,274.96,5443.0,4.54284,0.863922
6682.01,6682,PC,4.243624,5.7584838,283.2736399,11.3648,336.87,5372.0,4.438,1.0
6683.01,6683,PC,3.8568001,12.9539382,198.7022717,15.331,1042.3,5009.0,4.49886,0.849464
6684.01,6684,PC,2.7086444,13.966554,289.816123,13.6702,401.464,4848.0,4.47567,0.851167
6685.01,6685,PC,10.7715898,4.1568836,156.3812767,10.2692,191.447,6055.0,4.38226,1.1335599
6686.01,6686,KP,4.1661265,14.5365629,533.3427629,10.2748,188.404,5883.0,4.34,1.15599
6687.01,6687,PC,3.4414188,12.4943419,1100.0792751,12.3872,584.723,5965.0,4.16451,1.43051
6688.01,6688,PC,4.9594992,4.6274347,143.5315288,10.6834,122.314,4900.0,4.45095,0.881258
6689.01,6689,PC,4.1287427,12.0296829,352.7366563,12.7602,463.744,5377.0,4.34978,1.06754
669.01,669,PC,3.9451359,2.51666,286.87,10.1755,142.867,5581.9,4.13,0.99
6690.01,6690,PC,761.7092276,2.5578976,0.378931,10.2969,159.053,5599.17,4.37676,1.06775
6690.02,6690,PC,904.5347981,2.7306626,0.7593093,10.2969,159.053,5599.17,4.37676,1.06775
6691.01,6691,PC,,2.9487289,3.1729151,8.6235,194.123,6649.0,3.92964,2.1245999
6692.01,6692,PC,,8.3655782,182.3533064,11.1163,312.903,6047.0,4.21587,1.36681
6693.01,6693,FP,2.9932591,11.8414052,2649.7622197,10.3313,341.393,6106.0,3.91186,1.9654
6694.01,6694,PC,3.9759251,13.4485221,129.0515238,13.7846,401.307,4693.0,4.54081,0.769415
6695.01,6695,PC,,7.637469,85.9385351,10.3541,282.536,6118.81,4.11275,1.56229
6696.01,6696,FP,3.6859958,23.322957,2647.6896261,10.9988,531.121,6731.3,3.99257,1.99719
6697.01,6697,,16.4361731,8.1052869,192.2293196,7.7897,95.3906,6613.0,4.23,1.4927
6697.02,6697,PC,,12.8973379,1.2346997,7.7897,95.3906,6613.0,4.23,1.4927
6698.01,6698,PC,,2.6737151,12.1813864,10.4795,87.0611,4677.0,4.56264,0.750312
6699.01,6699,PC,5.322002,3.84201,150.91,10.4012,85.8463,4716.0,4.56,0.75
670.01,670,FP,0.579398,5.759676,4535.9180848,11.1557,191.494,5688.0,4.48774,0.950534
6700.01,6700,PC,15.5177539,9.4825825,186.3932704,12.2301,643.451,6314.93,4.18108,1.49694
6701.01,6701,PC,10.018102,12.3167818,703.2874741,11.3908,619.711,6697.0,4.21,2.0266299
6702.01,6702,PC,2.1874712,3.3333783,200.423599,12.9757,188.499,4454.0,4.59483,0.698505
6703.01,6703,PC,49.6178223,2.4730956,72.767119,8.4379,151.189,5494.7,3.63775,2.46205
6704.01,6704,PC,2.8607384,,642.271264,10.746,,5780.0,4.438,
6704.02,6704,PC,6.8275101,5.0896772,201.3753096,10.746,,5780.0,4.438,1.0
6705.01,6705,PC,8.4457042,21.1100738,1720.4138176,10.2734,478.245,6392.0,3.5,2.8927801
6706.01,6706,PC,7.5757446,12.6097244,1238.973852,8.239,168.118,8044.0,4.17155,1.89254
6707.01,6707,PC,3.8347282,5.6648123,1226.7862371,12.3332,641.467,6088.34,4.09655,1.58202
6708.01,6708,PC,4.2290856,1.915198,8.895495,12.8676,49.5741,3264.0,4.90343,0.320782
6709.01,6709,PC,2.3477336,1.0903541,215.4979378,8.8392,39.7429,4799.0,4.66766,0.678033
671.01,671,APC,10.1970284,23.8452,869.85,9.1379,279.74,7949.0,4.21106,1.82
6710.01,6710,PC,2.067123,1.5139896,381.7544649,9.7367,75.1812,5113.3,4.77,0.758633
6711.01,6711,FP,10.3469945,1.0318727,2.106641,13.0055,42.3968,3278.0,4.97813,0.256167
6712.01,6712,PC,1.8987896,2.2042465,5729.7476128,7.71299,114.978,6016.28,3.81004,2.17401
6713.01,6713,PC,2.1538049,0.8814471,331.6009868,7.0276,20.3632,4944.24,4.58767,0.757603
6714.01,6714,PC,4.7674421,1.0365063,1.3529409,14.5913,26.741,2824.0,5.24293,0.125969
6715.01,6715,PC,2.8618782,3.9033641,220.0858555,11.649,150.336,4743.0,4.51969,0.793587
6716.01,6716,PC,4.718569,1.0102426,4.6540316,11.7735,18.8873,3190.0,5.01971,0.226654
6717.01,6717,PC,0.4707476,1.852907,105.0615662,13.9087,53.7293,3254.0,5.0301,0.219973
6718.01,6718,PC,2.9532145,10.2396383,1856.624045,11.529,464.958,5483.2,4.3,1.68056
6719.01,6719,KP,2.1764875,14.184839,2054.7956073,12.2247,559.084,5646.0,4.05052,1.56233
672.01,672,CP,3.6335735,5.0924146,33.4742849,11.6739,66.9071,3765.0,4.75169,0.544068
6720.01,6720,KP,4.1470359,8.6285404,90.5320647,13.7813,324.413,4247.0,4.47839,0.775548
6721.01,6721,PC,4.6086414,17.9837961,373.2657632,13.6732,784.252,5693.0,4.37269,1.08355
6722.01,6722,PC,3.9613114,9.2319785,164.6967384,13.6157,449.618,5221.0,4.64701,0.741696
6723.01,6723,PC,3.4852362,12.6093335,494.0825841,13.8564,822.224,5728.0,4.42477,1.02553
6724.01,6724,PC,42.8614655,4.13549,24.431,10.4225,250.491,5703.4,4.04,1.61
6725.01,6725,PC,2.1476974,,,9.755,51.9242,,,
6726.01,6726,KP,14.2456603,3.68209,180.487,8.9988,46.2122,4760.0,4.57,0.76
6727.01,6727,PC,15.3471548,2.53444,48.0518,10.1172,136.505,5791.0,4.53,0.92
6728.01,6728,PC,24.9636551,4.53167,58.006,9.608,337.672,6388.0,3.71291,2.61
6729.01,6729,PC,7.8374554,2.26966,467.43,9.0529,186.378,6289.7,3.99,1.86
6729.02,6729,PC,3.8638303,1.80822,795.693,9.0529,186.378,6289.7,3.99,1.86
673.01,673,FP,10.5426254,22.0104106,437.1833461,11.955,677.796,6114.0,4.28439,1.65817
6730.01,6730,PC,4.3934744,10.511208,270.8235342,12.8021,432.935,5349.0,4.4,0.977886
6731.01,6731,PC,1.631858,11.400179,489.1342881,14.3604,566.544,4778.0,4.51281,0.805143
6732.01,6732,PC,1.3003394,12.0407,99.5651,14.2548,234.672,3658.0,4.67,0.58
6733.01,6733,PC,3.2529571,15.5894,3031.39,12.8086,1196.73,6623.0,3.89,2.21
6734.01,6734,PC,4.6068687,12.7334,379.623,13.0013,544.063,5917.0,4.4,1.08
6735.01,6735,PC,3.3357969,11.1895,304.514,12.533,768.537,6517.0,4.21,1.5
6736.01,6736,PC,2.9879341,11.6667,346.683,13.3991,531.546,5315.0,4.43,0.96
6737.01,6737,PC,2.8475582,16.2689,1724.51,13.0057,813.685,6372.0,4.28,1.36
6738.01,6738,PC,3.6234424,9.13018,1323.23,12.0409,684.777,5815.0,3.88,1.95
6739.01,6739,PC,4.6588405,10.0709,37.2212,12.5258,252.074,4768.0,4.49,0.83
674.01,674,CP,1.9771658,5.2706003,40.7227689,11.8764,46.0851,3467.0,4.87946,0.421944
6740.01,6740,PC,3.3505941,11.4279,723.955,13.3912,778.277,5579.0,4.17,1.35
6741.01,6741,PC,5.0061978,12.4847,1188.71,12.792,901.517,6713.0,4.21,1.55
6742.01,6742,PC,8.1678648,10.7664,297.977,13.2152,1038.26,5859.0,3.98,1.74
6743.01,6743,PC,5.9097139,18.7334,1061.42,12.2914,997.768,6508.0,3.9,2.14
6744.01,6744,PC,0.8674623,12.8076,3424.09,13.2719,1172.04,6470.0,4.09,1.72
6745.01,6745,PC,5.2452852,11.9863,793.304,12.9951,1049.37,5928.0,3.9,1.93
6746.01,6746,PC,1.20306,12.8325,196.591,13.2738,298.209,4204.0,4.29,0.97
6747.01,6747,PC,0.7025922,5.49838,1003.46,12.2566,476.693,5875.0,4.27,1.24
6748.01,6748,PC,4.5932835,11.9834,420.855,13.1351,824.528,5988.0,4.18,1.41
6749.01,6749,PC,8.6121286,12.0872,620.245,12.0574,1036.48,7929.0,4.16,1.89
675.01,675,KP,4.1780637,14.6952606,703.9710193,9.62959,159.507,5620.0,4.18582,1.34736
6750.01,6750,PC,2.5950111,10.8614,131.825,14.4757,317.495,3875.0,4.62,0.64
6751.01,6751,PC,2.9419791,15.3905,2295.26,12.6752,722.785,7277.0,4.35,1.42
6752.01,6752,PC,11.3648628,9.30846,140.925,11.1938,384.758,6128.0,4.15,1.51
6753.01,6753,PC,1.0169814,12.1981,3568.91,13.2441,802.863,5616.0,4.12,1.43
6754.01,6754,PC,1.9943104,17.6537,5032.19,13.1408,1166.96,7247.0,4.19,1.69
6755.01,6755,PC,5.7585993,11.2259,90.7886,13.0852,423.344,5090.0,4.38,0.99
6756.01,6756,PC,4.9354155,16.6116,985.669,13.4559,1281.82,6500.0,4.14,1.63
6757.01,6757,PC,3.5193417,14.4544,4716.78,13.3397,893.78,5620.0,4.08,1.51
6758.01,6758,PC,12.6136992,2.58082,6.2521,11.7958,72.9383,3719.0,4.69,0.56
6759.01,6759,PC,1.318678,10.1378,1295.34,13.2337,584.561,5764.0,4.46,0.99
676.01,676,PC,2.1503007,14.1253056,1201.7050633,13.4629,758.199,5430.0,4.41381,1.23206
6760.01,6760,PC,5.2820398,9.84673,151.287,13.1542,538.6,5415.0,4.37,1.05
6761.01,6761,PC,4.3430254,13.5998,2176.55,12.3837,590.613,6594.0,4.25,1.47
6762.01,6762,PC,5.1778752,11.9282,10.2294,14.5665,325.609,3599.0,4.6,0.66
6763.01,6763,PC,2.4519381,17.3192,2027.97,13.2539,1285.43,7085.0,4.19,1.67
6764.01,6764,FP,2.8562935,18.1559,1721.84,12.9573,724.77,6383.0,4.31,1.32
6765.01,6765,PC,2.7967251,19.3726,724.258,12.1662,1324.29,7566.0,3.85,2.61
6766.01,6766,PC,2.2104947,13.6352,944.765,12.6801,556.822,5421.0,4.01,1.58
6767.01,6767,PC,2.3519086,18.0511,287.189,12.8821,737.776,6026.0,4.22,1.37
6768.01,6768,PC,4.8741147,14.8251,161.07,12.4154,906.007,6085.0,3.84,2.11
6769.01,6769,PC,5.6858804,13.193,303.245,12.976,673.262,5492.0,4.12,1.41
677.01,677,CP,11.2365977,13.0203,37.6345,9.271401,141.812,6446.0,4.37882,1.29
6770.01,6770,PC,14.6768874,9.65258,14.0749,13.33,407.089,5230.0,4.62,0.77
6771.01,6771,PC,6.8552506,11.7073,390.089,11.5315,687.671,6847.0,4.02,1.96
6772.01,6772,PC,3.940549,7.73812,566.891,12.3102,539.819,5493.0,4.07,1.5
6773.01,6773,PC,3.272056,10.5823,729.82,13.136,782.336,5668.0,4.15,1.39
6774.01,6774,PC,4.5833112,9.62957,211.784,12.5912,627.991,5853.0,4.18,1.39
6775.01,6775,PC,0.5940157,7.9118,2266.94,13.4902,772.86,5663.0,4.31,1.17
6776.01,6776,PC,1.9519092,10.4769,26.7043,14.1345,198.552,3498.0,4.69,0.55
6777.01,6777,PC,3.3615701,16.5271,1734.68,11.9656,730.364,6258.0,3.97,1.9
6778.01,6778,PC,3.9718475,8.29625,73.227,12.7488,591.27,6064.0,4.39,1.12
6779.01,6779,PC,1.3504913,8.65039,467.938,12.7308,276.346,4858.0,4.51,0.82
678.01,678,PC,11.3298459,3.4134506,100.7059307,10.9162,205.847,5624.0,4.39124,1.057
6780.01,6780,PC,13.4570562,10.2486,68.9842,13.0863,624.732,5771.0,4.3,1.06
6781.01,6781,PC,2.7638775,11.9271,392.882,13.0965,847.831,6155.0,4.25,1.35
6782.01,6782,PC,1.7278017,17.158,2610.88,13.2542,900.072,6460.0,4.27,1.38
6783.01,6783,PC,6.0368213,13.3128,6.47065,14.5979,161.561,3445.0,4.82,0.41
6784.01,6784,PC,3.1539313,15.5528,1995.19,13.1622,1181.26,6610.0,4.12,1.7
6785.01,6785,PC,16.2501976,8.04744,221.883,11.9955,601.743,6177.0,4.12,1.58
6786.01,6786,PC,2.7142282,17.7291,1203.77,13.3278,764.325,6063.0,4.37,1.15
6787.01,6787,PC,2.9588636,16.201,1385.73,11.8193,644.937,6405.0,4.07,1.74
6788.01,6788,PC,24.092358,12.4646,13.3603,13.1004,527.181,5388.0,4.36,1.06
6789.01,6789,PC,4.2221583,7.93123,307.857,12.6442,447.05,5589.8,4.42,1.02
679.01,679,APC,11.1755425,17.5706,294.91,9.99028,320.671,6655.0,3.9,1.91
6790.01,6790,PC,6.1030299,16.3974,296.944,12.6118,691.423,6057.0,4.2,1.41
6791.01,6791,PC,18.8224069,12.5063,6.33598,12.9998,578.879,5661.0,4.36,1.1
6792.01,6792,PC,7.9605908,5.94344,70.4881,12.3197,267.086,5081.5,4.51,0.85
6793.01,6793,PC,6.5516113,7.01051,7.09349,12.4415,213.236,4841.8,4.6,0.73
6794.01,6794,PC,7.3099457,12.4526,906.064,12.227,945.78,6391.0,3.79,2.38
6795.01,6795,PC,2.1250402,12.6314,979.454,13.2392,689.289,5355.0,4.05,1.51
6796.01,6796,PC,3.7871416,8.91723,491.943,13.1197,614.047,5594.0,4.28,1.19
6797.01,6797,APC,0.9898852,11.4457,1044.17,13.1505,803.074,5339.0,3.96,1.66
6798.01,6798,PC,22.3751134,12.8125,335.493,10.2912,290.48,6477.7,4.24,1.47
6799.01,6799,PC,0.664786,5.36785,1137.76,11.7301,472.318,6333.0,4.28,1.35
680.01,680,APC,0.433569,4.8760213,26682.4947351,8.98207,163.41,5967.0,3.9495,1.7628
6800.01,6800,PC,4.1518071,10.2109,596.999,11.6114,916.11,6702.0,3.72,2.71
6801.01,6801,PC,1.2245052,19.6011,302.765,12.0887,143.347,4337.4,4.58,0.7
6802.01,6802,APC,1.1079142,12.7389,177.728,14.8107,,3969.0,4.66,0.59
6803.01,6803,PC,3.3522572,10.9307,277.825,12.3544,594.791,5951.0,4.19,1.39
6804.01,6804,PC,3.7724643,13.0104,277.764,12.0533,545.522,6170.0,4.23,1.38
6805.01,6805,PC,1.040425,11.6289,729.867,13.2735,345.714,4750.0,4.45,0.86
6806.01,6806,APC,23.2490769,15.7473,8.55956,11.3272,127.824,4849.0,4.65,0.69
6807.01,6807,PC,6.6210878,9.48332,43.2116,13.3396,353.575,4790.0,4.53,0.79
6808.01,6808,PC,3.0449187,20.761,699.098,12.3079,564.778,6026.0,4.22,1.36
6809.01,6809,PC,2.6855972,11.0734,49.8683,14.3972,295.344,3822.0,4.64,0.62
681.01,681,PC,15.7784931,18.2872401,342.2459459,10.6845,421.349,7447.0,3.79,1.6898
6810.01,6810,PC,11.3498282,12.2742,127.543,13.29,805.162,6009.0,4.34,1.18
6811.01,6811,PC,1.1602698,18.336,29.2942,14.3355,338.917,3692.0,4.57,0.7
6812.01,6812,PC,12.6357243,13.1329,71.1152,12.5372,640.607,5951.0,4.17,1.41
6813.01,6813,PC,2.3557153,1.98374,290.953,12.0721,179.829,4851.0,4.62,0.72
6814.01,6814,PC,0.7941828,8.86489,3545.12,11.417,467.456,6397.0,4.16,1.55
6815.01,6815,PC,17.9217736,16.7867,20.1338,13.169,364.427,5144.1,4.46,0.76
6816.01,6816,PC,10.9267866,13.7902,252.912,13.0109,823.919,5792.8,4.3,1.46
6817.01,6817,PC,3.1998039,6.9761,192.578,13.2874,652.946,5430.0,4.3,1.15
6818.01,6818,PC,10.1956949,7.45333,22.0861,11.5508,347.192,5791.0,4.29,1.21
6819.01,6819,PC,8.5467163,6.73372,144.761,11.4741,396.001,5557.6,4.03,1.58
682.01,682,CP,6.8392388,3.74186,234.46,9.2231,83.1548,5085.0,3.92,1.08
6820.01,6820,PC,2.014214,2.55092,419.804,12.8958,321.298,5039.0,4.54,0.82
6821.01,6821,KP,3.535713,4.58576,191.782,12.5638,322.148,5222.0,4.52,0.86
6822.01,6822,PC,2.7492112,10.486,51.9039,14.3703,282.982,3794.0,4.65,0.6
6823.01,6823,PC,2.8411187,5.54834,333.622,12.3104,435.392,5517.0,4.27,1.19
6824.01,6824,PC,5.407469,12.0272,143.073,12.5602,415.63,5417.0,4.39,1.03
6825.01,6825,PC,16.4547455,4.11474,60.353,11.5321,280.399,5826.0,4.47,0.98
6826.01,6826,PC,6.4375108,2.10567,99.2729,12.1851,232.898,5203.0,4.65,0.74
6827.01,6827,PC,4.4738444,11.2091,854.858,12.1331,684.32,4943.1,,2.53
6828.01,6828,PC,3.4894537,11.1177,236.353,12.7844,546.355,5415.7,4.4,1.19
6829.01,6829,PC,23.842,17.1852,65.8313,12.714,735.578,5923.2,,1.45
683.01,683,KP,3.4058895,17.2861065,970.9417325,11.4553,383.829,6302.0,4.30907,1.26867
6830.01,6830,PC,1.8778647,13.2226172,763.2845047,11.4907,220.491,5100.0,4.4,0.927664
6831.01,6831,PC,57.1050077,5.93946,13.1521,10.7052,185.272,5816.0,4.49,0.97
6832.01,6832,PC,5.1392756,2.17365,41.3052,12.449,139.371,4014.0,4.53,0.71
6833.01,6833,KP,8.2616616,3.30997,66.2634,11.5018,202.585,5281.0,4.53,0.86
6834.01,6834,KP,6.3392677,3.91968,120.002,12.1093,290.495,5289.0,4.46,0.93
6835.01,6835,KP,0.2803246,1.64829,3967.92,10.0298,61.8736,4477.0,4.56,0.72
6836.01,6836,KP,9.100412,2.59387,28.6373,9.3742,62.4491,5013.7,4.58,0.77
6837.01,6837,PC,0.9494413,1.37109,2124.15,7.13,65.74622,5872.1,,1.19
6838.01,6838,KP,1.5109447,1.2038917,98.1930529,13.8529,,5780.0,5.27596,0.114827
6839.01,6839,PC,2.9944742,8.6826968,1209.668769,12.5377,620.723,5756.0,4.13367,1.44085
684.01,684,PC,19.8507621,8.778562,48.5274864,9.8532,2228.79,9488.0,4.07548,2.35947
6840.01,6840,PC,8.9000334,15.1261771,144.377004,13.8694,830.221,5854.0,4.45956,1.0044
6841.01,6841,PC,13.9285074,9.5784743,36.5645594,12.8988,344.681,5103.41,4.52801,0.836141
6842.01,6842,PC,5.3920955,18.2452387,534.3923671,11.5955,399.765,5752.18,4.14674,1.41933
6843.01,6843,PC,5.4977872,14.0381026,974.2594349,11.1862,470.668,6281.0,4.05316,1.72746
6844.01,6844,PC,3.8068712,8.6543461,52.8941941,14.1277,293.966,3913.0,4.6113,0.647921
6845.01,6845,PC,4.7443604,7.57257,26.7153,12.6204,285.596,5420.1,4.5,0.75
6846.01,6846,PC,3.334884,10.5691,394.819,12.8903,491.962,5771.0,4.51,0.93
6847.01,6847,PC,1.3939452,8.87293,947.874,13.1315,702.363,6140.0,4.42,1.09
6848.01,6848,PC,7.5954765,13.1172,11.0748,13.6193,181.602,3768.0,4.68,0.57
6849.01,6849,FP,1825.048364,12.7111,0.0187275,9.9309,319.053,6290.0,3.89,2.09
685.01,685,KP,11.6332127,10.264,126.951,9.9623,213.283,5287.7,3.88,1.73
6850.01,6850,PC,6.0803777,3.36588,43.6784,10.508,80.8163,4275.7,4.37,0.89
6851.01,6851,PC,12.0101118,2.28751,11.5571,12.4722,137.666,4073.0,4.59,0.67
6852.01,6852,PC,16.7382238,9.09208,11.3359,12.4031,182.425,4551.0,4.6,0.7
6853.01,6853,PC,10.636983,8.16912,301.85,12.5478,855.371,6297.0,4.1,1.65
6854.01,6854,PC,2.7663479,6.35856,416.97,13.1113,790.585,6413.0,4.4,1.19
6855.01,6855,PC,26.3333899,9.07333,5.51975,12.1227,295.36,5309.0,4.46,0.93
6856.01,6856,PC,0.6541517,15.3922,159.123,14.9737,446.864,3657.0,4.58,0.69
6857.01,6857,PC,10.0512067,5.57868,2.59874,14.504,145.095,3428.0,4.84,0.38
6858.01,6858,PC,3.3024845,1.73871,26.3567,11.8272,61.1486,3634.0,4.75,0.49
6859.01,6859,PC,9.6804752,11.5702,100.27,12.6565,520.499,5622.0,4.31,1.16
686.01,686,PC,3.5137609,3.3397496,1686.8366029,9.9362,255.337,6279.8,4.26,1.59007
6860.01,6860,PC,0.6183488,10.2266,538.344,12.9887,557.124,5272.0,4.23,1.2
6861.01,6861,PC,3.7942532,11.3603,713.321,12.3945,660.159,5753.6,4.04,1.6
6862.01,6862,PC,8.2241876,11.9576,117.339,11.8423,383.433,5669.2,4.21,1.31
6863.01,6863,PC,7.8407154,9.86579,100.923,13.0613,715.613,5703.0,4.21,1.31
6864.01,6864,PC,15.5106583,6.93651,48.5457,12.6092,384.084,5472.0,4.37,1.06
6865.01,6865,PC,2.4465664,4.74384,114.336,12.7937,211.088,4185.5,4.37,0.88
6866.01,6866,PC,8.0179256,9.29428,8.84387,12.5227,361.951,5356.0,4.46,0.94
6867.01,6867,PC,3.6810755,8.85628,259.808,13.0507,463.319,5465.0,4.46,0.95
6868.01,6868,PC,3.4106422,11.8996,804.639,12.8562,708.514,5222.0,3.83,1.89
6869.01,6869,PC,763.9701133,8.20454,0.0022765,14.2212,200.19,3671.0,4.71,0.53
687.01,687,PC,36.2995129,2.2115007,3.169782,9.8445,42.4467,4253.9,4.57,0.617519
6870.01,6870,PC,6.6968572,3.89953,323.688,10.1341,320.806,6466.5,4.05,1.8
6871.01,6871,PC,12.4652143,2.51956,67.0792,8.9496,74.1676,5647.1,4.55,0.88
6872.01,6872,KP,11.0248821,2.46843,48.3251,12.3252,75.1703,3798.0,4.77,0.46
6873.01,6873,PC,18.8204255,3.5747237,32.1751474,8.6781,60.1874,5450.0,4.5378,0.868947
6874.01,6874,FP,2.668957,16.1018337,1087.3617796,12.1616,468.406,5983.3,4.3234,1.19683
6875.01,6875,PC,3.5245689,17.3489851,795.9648554,13.1378,753.865,6203.0,4.37189,1.17724
6876.01,6876,PC,15.1771428,2.80249,115.579,9.089871,140.69,6200.0,4.25,1.36
6877.01,6877,KP,33.5920255,9.88421,134.883,11.6575,246.599,5468.0,4.5,0.91
6878.01,6878,FP,2.0990836,4.13797,5728.08,10.1063,532.485,8853.0,4.18,2.0
6879.01,6879,PC,13.5853161,3.82513,156.928,10.4398,248.774,5854.0,4.15,1.43
688.01,688,FP,6.8787507,3.45801,266.78,8.5885,176.054,6636.0,3.99,1.98
6880.01,6880,PC,14.9166631,1.92053,81.9483,10.2919,115.933,5434.0,4.6,0.81
6881.01,6881,PC,1.9769396,15.8982,2535.55,12.7034,775.775,6440.5,4.12,1.65
6882.01,6882,FP,0.5666806,8.04611,1116.17,12.7726,733.941,5517.0,3.99,1.65
6883.01,6883,CP,,3.8324012,108.6208553,8.9797,93.7345,5657.0,4.35534,1.09993
6884.01,6884,PC,14.4217699,9.4489967,299.9460099,11.4834,562.376,6026.94,3.92106,1.91917
6885.01,6885,PC,11.6515287,11.0647635,60.177006,12.4434,329.485,5335.0,4.50186,0.891247
6886.01,6886,PC,4.8003341,5.5672157,84.5628503,12.7451,229.607,4664.59,4.60279,0.71163
6887.01,6887,PC,6.5883481,9.5170822,153.6630881,12.1938,526.024,6186.7,4.31682,1.24901
6888.01,6888,PC,19.9253903,10.8355197,143.5992933,10.6594,324.436,6213.0,4.11609,1.58437
6889.01,6889,PC,10.5465818,18.8533824,127.8592096,13.2247,661.309,5726.0,4.37006,1.0922101
689.01,689,FP,1.66402,7.65443,8754.73,10.7014,108.513,4841.3,4.71,0.78
6890.01,6890,PC,,6.5779189,0.6679202,11.0866,299.679,5964.0,4.27302,1.26252
6891.01,6891,PC,8.3106603,8.109016,92.061739,13.4184,517.159,5675.0,4.63371,0.802301
6892.01,6892,PC,17.8961832,11.0501866,91.586263,13.0658,720.54,5767.33,4.22267,1.30053
6893.01,6893,PC,,8.5614402,358.9407373,8.18933,167.253,6140.0,3.70561,2.5072899
6894.01,6894,PC,3.3706303,9.3830336,6.6189834,14.9046,73.8131,3133.0,5.02671,0.222121
6895.01,6895,FP,7.0469712,3.77076,125.316,10.4505,203.968,5940.0,,1.2
6896.01,6896,PC,19.7357748,3.5822698,56.5126178,10.6939,209.632,5985.0,4.44957,1.03501
6897.01,6897,PC,8.330174,13.52336,286.3765268,13.5242,987.789,5858.0,4.3,1.3273
6898.01,6898,PC,18.1070683,3.3584758,8.0547175,10.5941,57.17,4024.0,4.5752,0.677805
6899.01,6899,PC,2.8625937,1.1780056,465.8154756,9.3703,90.2461,5503.0,4.48743,0.930478
690.01,690,FP,3.64376,,2107.88,10.298,3500.23,5463.2,4.39,
6900.01,6900,PC,13.9223368,1.7196615,19.1604588,11.5872,121.118,4468.0,4.54813,0.737084
6901.01,6901,PC,3.2727859,1.4541092,121.4028186,10.61,79.6238,4550.0,4.62037,0.68788
6902.01,6902,PC,36.4358589,2.8743721,58.2895066,5.6801,34.0071,6597.0,4.28305,1.40426
6903.01,6903,APC,4.9676784,3.8407588,1216.4339161,8.7302,165.652,6971.2,4.22817,1.57506
6904.01,6904,PC,16.8267434,2.9646311,7.2034173,11.4353,80.8057,3944.0,4.62692,0.628984
6905.01,6905,PC,1083.5575987,13.8558129,1.6153271,10.4547,445.903,6002.0,3.68023,2.52105
6906.01,6906,PC,3.4770171,11.8571021,253.0737249,13.6336,514.449,5225.91,4.53759,0.84127
6907.01,6907,PC,3.3795099,10.862172,235.0109316,13.8213,531.164,5203.0,4.57695,0.799465
6908.01,6908,PC,3.7120776,5.11821,637.0950531,11.2167,265.784,5501.09,4.19961,1.29268
6909.01,6909,PC,4.4284676,7.976213,45.5373857,14.0865,299.837,3893.0,4.58525,0.680198
691.01,691,FP,6.9055862,4.752734,232.4514475,10.234,169.117,5846.0,4.4,1.07907
6910.01,6910,PC,2.514016,14.2727857,812.8711387,13.7111,773.896,5585.0,4.34946,1.10185
6911.01,6911,PC,16.2521679,2.7672,378.338,8.96016,219.07,6696.0,3.89,2.24
6912.01,6912,PC,7.63779,2.22751,85.4903,8.5627,99.7368,5924.0,4.24,1.31
6913.01,6913,PC,0.5843146,5.71748,2879.92,10.4371,278.382,6870.8,4.28,1.46
6914.01,6914,PC,9.3079811,18.225,404.641,11.926,403.421,6076.4,4.41,1.1
6915.01,6915,PC,2.4915545,5.46811,1164.51,10.5681,528.441,8013.0,4.13,1.98
6916.01,6916,PC,3.9155539,16.5322,887.712,12.8463,954.145,6285.0,4.11,1.62
6917.01,6917,PC,9.7716812,9.12933,370.095,13.2757,820.383,6518.8,4.23,1.47
6918.01,6918,PC,14.2308461,9.75869,149.441,12.292,525.307,5787.9,3.96,1.77
6919.01,6919,APC,0.7603078,14.9311,118.365,12.3552,138.924,4069.0,4.53,0.72
692.01,692,FA,1.03604,3.52761,21307.5,9.0188,481.966,9622.0,3.95,2.74
6920.01,6920,PC,3.6688102,9.85973,265.932,13.3268,684.507,5821.5,4.36,1.12
6921.01,6921,PC,25.714253,15.8297,45.1202,12.1157,232.791,5677.8,4.58,0.86
6922.01,6922,PC,5.0989519,7.74162,198.038,12.7166,652.737,6305.0,4.34,1.24
6923.01,6923,PC,6.7274903,11.3939,127.411,12.7155,377.68,5221.4,4.44,0.94
6924.01,6924,PC,91.9283414,9.22033,2.09153,12.24,468.308,6118.4,4.39,1.13
6925.01,6925,PC,5.9785287,13.9371,15.6338,14.8966,324.628,3674.0,4.66,0.59
6926.01,6926,PC,8.2864221,9.77567,368.205,12.1756,549.607,5643.0,3.95,1.76
6927.01,6927,PC,4.3427321,13.7163,53.9765,13.0985,628.904,5737.3,4.35,1.12
6928.01,6928,PC,3.8978437,13.8047,785.026,13.3511,803.501,6280.0,4.34,1.24
6929.01,6929,PC,719.5740937,10.9394,0.0051995,12.7026,267.625,4854.0,4.55,0.78
693.01,693,FA,,17.7255,,11.2248,114.765,4654.2,4.59,0.72
6930.01,6930,PC,7.2218817,13.5058,188.768,12.9171,672.359,6172.8,4.39,1.15
6931.01,6931,PC,2.2183625,11.9385,1682.8,12.8582,968.621,6307.0,3.98,1.89
6932.01,6932,PC,8.9533044,11.7455,530.449,13.1823,881.714,5808.0,4.12,1.46
6933.01,6933,PC,9.765482,12.1312,281.81,11.7123,737.065,5887.0,3.73,2.35
6934.01,6934,PC,2.8398671,13.7553,964.812,12.8359,654.771,5954.0,4.13,1.48
6935.01,6935,PC,1.763034,9.55649,165.366,14.4404,358.433,3958.0,4.59,0.67
6936.01,6936,PC,10.298566,4.00839,9.32109,12.2709,134.941,4201.6,4.61,0.67
6937.01,6937,PC,1.3809769,5.73354,1739.39,11.8356,608.736,7445.4,4.3,1.53
6938.01,6938,PC,4.8789974,15.3642,2600.12,13.1593,1454.11,6473.0,3.78,2.46
6939.01,6939,PC,1.9207699,13.6773,868.038,13.3117,862.172,6039.4,4.2,1.38
694.01,694,FP,48.0511988,12.8456117,12.5271592,11.2595,223.882,5354.96,4.45894,1.0417
6940.01,6940,PC,0.3052608,2.03448,196.562,12.5437,51.7699,3338.0,4.85,0.37
6941.01,6941,PC,2.9371797,15.95,2484.67,13.4258,1353.76,6610.0,3.91,2.17
6942.01,6942,PC,11.2320736,7.84543,136.426,10.9542,255.34,6234.0,4.47,1.06
6943.01,6943,PC,5.6906792,15.1551,1362.1,12.3361,1581.02,6749.0,3.63,3.03
6944.01,6944,PC,12.3027503,2.60986,46.2908,10.7077,121.757,5181.1,4.62,0.76
6945.01,6945,PC,14.8547783,11.426,180.979,12.9455,890.043,6397.0,4.26,1.39
6946.01,6946,PC,13.2272686,12.0458,11.0108,13.0434,598.429,5648.0,4.33,1.13
6947.01,6947,PC,6.5202038,16.0234,618.612,11.9687,720.413,6628.0,4.13,1.68
6948.01,6948,APC,5.4911822,11.618,10.7412,12.4004,569.591,6250.0,4.29,1.3
6949.01,6949,PC,3.2232502,11.4574,1730.82,13.4456,1116.31,7164.1,4.33,1.44
695.01,695,PC,21.3764237,2.6824173,23.8245444,10.749,144.045,5591.0,4.38111,0.811463
6950.01,6950,PC,2.0478359,12.2554,71.7485,14.9577,,3854.0,4.63,0.63
6951.01,6951,PC,3.7279887,18.1003,859.131,13.3694,1030.88,6514.0,4.17,1.58
6952.01,6952,FP,5.1391542,10.2495,26.3552,12.2479,388.991,5974.6,4.48,1.0
6953.01,6953,APC,0.8204734,8.70762,1962.4,12.9312,865.039,5956.8,4.1,1.55
6954.01,6954,PC,4.0207557,3.74825,124.569,11.4374,190.042,5019.9,4.41,0.95
6955.01,6955,PC,5.1185703,11.7972,2080.26,12.1032,1020.81,6547.8,3.76,2.55
6956.01,6956,PC,12.3900547,9.88852,327.708,13.4137,1048.28,6824.2,4.36,1.33
6957.01,6957,PC,160.6760208,3.2160534,2.4672264,10.8865,176.682,5389.7,4.29499,1.02412
6958.01,6958,PC,5.9815745,13.6663996,46.0989705,14.034,338.369,4403.0,4.6285,0.667127
6959.01,6959,PC,3.1381914,12.7099203,418.5038868,14.3021,804.639,5210.0,4.37321,1.0165401
696.01,696,CP,0.8602406,0.9718795,112.3971391,10.4276,19.8782,3450.0,4.89044,0.33819
696.02,696,CP,3.6942604,1.0428407,16.1019503,10.4276,19.8782,3450.0,4.89044,0.33819
696.03,696,CP,4.9652069,0.8566925,10.8558882,10.4276,19.8782,3450.0,4.89044,0.33819
6960.01,6960,APC,1.3059494,7.489346,532.682437,12.6862,236.69,5107.3,,0.732116
6961.01,6961,PC,17.2367433,3.9264923,83.13956,11.0921,271.527,5911.15,4.33608,1.1687
6962.01,6962,KP,21.9903619,4.6034655,56.4700581,11.2235,256.011,5294.0,4.14669,1.33417
6963.01,6963,PC,8.8349261,9.0595904,41.4198706,12.8131,159.244,3303.0,3.84689,1.1499799
6964.01,6964,PC,4.7645838,3.1594083,288.0706551,10.0394,131.527,5432.25,4.37517,1.0462199
6965.01,6965,PC,5.9693397,1.3473608,334.6170929,6.3103,31.1664,6007.0,4.37729,1.12993
6965.02,6965,PC,28.0693949,1.6221344,42.4755605,6.3103,31.1664,6007.0,4.37729,1.12993
6966.01,6966,PC,2.1659522,2.9108183,1867.8804075,10.6839,216.411,6194.54,4.28076,1.30635
6967.01,6967,KP,4.7335575,5.3852666,850.4828102,11.6736,477.295,5496.0,3.93163,1.75896
6968.01,6968,PC,2.3475051,5.4152906,1270.9181315,12.0086,430.708,5924.0,4.31001,1.20432
6969.01,6969,PC,1.5142292,11.6042711,4024.5979419,12.367,658.741,6616.0,4.2907,1.39196
6969.02,6969,PC,4.5565614,11.372041,926.3925066,12.367,658.741,6616.0,4.2907,1.39196
697.01,697,APC,8.6078603,2.6206141,117.5495324,9.3553,93.7714,5447.0,4.39971,0.968149
6970.01,6970,KP,11.714447,11.53374,53.7953827,13.9354,587.91,5165.0,4.48308,0.885629
6971.01,6971,PC,4.1866989,13.6762774,3868.6055276,8.49335,231.047,6309.0,3.62105,2.85361
6972.01,6972,PC,5.4809114,8.44272,736.085,10.388,297.451,5907.0,3.99,1.72
6973.01,6973,PC,31.6527509,3.1745,17.5796,8.7622,76.325,5626.0,4.44,1.0
6974.01,6974,PC,7.7517707,7.24338,201.798,11.5622,360.739,5741.0,4.24,1.27
6975.01,6975,APC,2.1449013,,,11.9453,,,,
6976.01,6976,PC,1.7346044,4.46251,627.153,9.9853,252.27,6850.0,4.26,1.49
6977.01,6977,KP,5.0957983,1.92318,28.5068,11.4398,98.0152,4197.0,4.56,0.7
6978.01,6978,PC,9.1258136,0.9704787,42.107688,7.5621,23.6103,4747.13,4.56794,0.750709
6979.01,6979,KP,8.754708,3.5438108,117.8260362,11.584,214.753,5888.0,4.57,0.889347
698.01,698,PC,15.0867738,2.0905859,3.5705631,12.1293,63.3731,3570.0,4.83196,0.471842
6980.01,6980,PC,,2.416155,35.6346136,7.9859,73.7757,6186.0,4.37093,1.17357
6981.01,6981,PC,425.4506963,2.0762333,0.2314879,11.6627,25.4675,3261.0,4.92925,0.296806
6982.01,6982,PC,59.8473992,11.7556773,0.4688342,11.3281,245.962,5765.3,4.38,1.09215
6983.01,6983,PC,31.1571613,2.6946338,62.3345745,9.57157,171.467,6317.08,4.2542,1.3783
6984.01,6984,KP,,3.5506895,0.0279229,12.7079,99.0504,3683.0,4.72407,0.515263
6985.01,6985,PC,748.7146251,3.4308988,0.1991332,8.3323,46.2206,5235.0,4.5339,0.844852
6986.01,6986,PC,1.2117417,12.6463,63.3975,14.7975,319.82,3521.0,4.6,0.66
6987.01,6987,PC,4.6017382,17.8729,290.348,12.9994,753.271,6233.0,4.25,1.37
6988.01,6988,PC,13.414031,8.766,81.9067,13.1421,587.794,5614.0,4.31,1.16
6989.01,6989,FP,1.4956727,6.10516,658.968,11.9409,239.055,4812.0,4.28,1.06
699.01,699,PC,14.8011934,2.44796,55.7499,9.8106,193.29,6138.6,4.07,1.42
699.02,699,PC,33.6336133,2.30517,27.3212,9.8106,193.29,6138.6,4.07,1.42
699.03,699,PC,672.6366236,2.9749826,1.0263046,9.8106,193.29,6138.6,4.07,1.41864
6990.01,6990,PC,1.5829358,8.45955,945.563,13.4815,598.703,6047.9,4.68,0.81
6991.01,6991,APC,0.9902419,15.3849,1227.07,13.4136,755.331,5643.0,4.25,1.25
6992.01,6992,PC,15.1389808,4.03127,67.4078,10.7962,82.7081,4448.2,4.6,0.7
6993.01,6993,APC,0.3695622,4.9835,1668.78,12.2414,342.122,5661.0,4.5,0.94
6994.01,6994,FP,1.8819016,7.09086,128.796,13.2387,375.707,4704.0,4.36,0.95
6995.01,6995,PC,9.9444971,11.3375,147.904,11.2722,630.147,6576.0,3.93,2.1
6996.01,6996,FP,0.9602835,6.0323,2118.57,12.9691,564.394,5708.0,4.38,1.08
6997.01,6997,PC,16.179367,10.3462,35.5088,12.6255,436.991,5576.0,4.37,1.07
6998.01,6998,PC,27.035894,6.01419,18.0249,12.6338,160.932,4225.0,4.62,0.66
6999.01,6999,PC,11.3689753,9.89847,206.513,12.4889,614.957,6076.0,4.26,1.31
700.01,700,CP,16.051106,2.5869212,2.7275631,10.9102,31.1265,3482.0,4.438,0.419457
700.02,700,CP,37.4236838,1.3296571,0.8822386,10.9102,31.1265,3482.0,4.438,0.419457
700.03,700,CP,9.977273,0.9617288,5.1416079,10.9102,31.1265,3482.0,4.438,0.419457
700.04,700,CP,27.8096898,0.9491858,1.3107501,10.9102,31.1265,3482.0,4.438,0.419457
7000.01,7000,PC,2.7897577,15.2527,1126.92,12.5322,1238.77,5794.0,3.52,2.92
7001.01,7001,PC,16.3475547,13.2139,1.37516,14.5962,,3662.0,4.61,0.65
7002.01,7002,PC,4.9792822,12.0483,1039.87,12.866,1260.84,6677.0,3.95,2.07
7003.01,7003,PC,0.7331156,13.8557,48.0269,14.2717,155.969,3326.0,4.77,0.46
7004.01,7004,PC,9.8162989,9.90817,250.587,12.5926,948.197,5755.9,3.77,2.18
7005.01,7005,PC,8.1420107,8.96217,54.4532,12.8725,723.398,6089.0,4.28938,1.27
7006.01,7006,PC,51.9120896,9.69324,5.28684,12.8066,339.348,5437.0,4.55,0.86
7007.01,7007,FP,1.5342604,6.09992,15822.4,12.695,625.983,8194.0,4.28,1.7
7008.01,7008,PC,0.8406912,4.77919,1679.35,12.9055,410.467,5170.0,4.42,0.95
7009.01,7009,PC,2.3206673,4.047,42.4124,12.9341,184.12,4231.0,4.61,0.67
701.01,701,FP,13.697384,4.211945,96.8938034,10.966,217.621,5837.0,4.37713,1.10089
7010.01,7010,PC,4.1976032,11.3523,149.237,13.0287,583.755,5617.0,4.29,1.18
7011.01,7011,PC,19.394038,10.5887,25.3617,12.9664,518.602,5493.0,4.35,1.08
7012.01,7012,PC,4.0197822,9.47332,653.222,13.3792,931.193,6208.0,4.21,1.42
7013.01,7013,PC,4.2451891,7.66981,221.068,12.6968,426.494,5358.0,4.37,1.05
7014.01,7014,APC,0.7406805,6.53553,854.861,12.5233,537.401,6204.8,4.44,1.08
7015.01,7015,PC,7.0687489,14.0241,0.313028,14.3528,164.557,3368.0,4.77,0.47
7016.01,7016,PC,1.598803,15.4905,11433.8,13.3901,796.293,9488.0,4.58,1.32
7017.01,7017,PC,5.0826878,19.0027,1426.43,13.1719,1526.54,6743.0,3.83,2.42
7018.01,7018,PC,20.3158735,17.8657,37.1984,12.9092,473.162,5725.0,4.53,0.91
7019.01,7019,PC,48.2590904,7.87933,13.5351,12.7199,434.178,5936.0,4.61,0.85
702.01,702,PC,3.568141,2.0483578,49.3636227,11.8371,84.4039,4015.0,4.61505,0.577735
7020.01,7020,PC,3.1642475,10.4341,296.494,11.3226,661.226,6975.0,4.01,2.02
7021.01,7021,PC,49.5355004,10.5617,27.5628,12.2564,541.015,6173.0,4.26,1.33
7022.01,7022,PC,2.8583729,16.0985,259.61,12.9085,537.48,5537.0,4.27,1.19
7023.01,7023,PC,2.3404152,13.0087,1539.65,13.1587,879.003,6686.0,4.34,1.33
7024.01,7024,PC,1.9639208,12.0421,74.4726,14.0905,270.872,3914.3,4.52,0.71
7025.01,7025,PC,66.9954225,11.7213,1.51166,11.3683,429.239,6078.0,4.14,1.51
7026.01,7026,PC,65.5580424,5.53264,0.95388,13.0172,228.15,4340.0,4.54,0.74
7027.01,7027,PC,4.2885021,11.61,97.7022,13.0105,1008.39,5937.5,3.99,1.75
7028.01,7028,PC,2.4596079,4.09395,448.314,12.9405,427.132,5340.0,4.48,0.92
7029.01,7029,PC,1.9271521,13.364,29.2163,14.8347,263.55,3516.0,4.7,0.55
703.01,703,PC,8.6729683,2.28271,114.2649808,10.2036,120.984,5384.0,4.54758,0.91
703.02,703,PC,22.5682711,2.479501,31.9256027,10.2036,120.984,5384.0,4.54758,0.852304
7030.01,7030,PC,2.5604496,1.60134,127.195,9.6396,60.445,4679.0,4.54,0.77
7031.01,7031,PC,1.7911016,7.0726104,114.7997816,14.367,295.802,3718.0,4.62057,0.636647
7032.01,7032,PC,17.7456043,2.44767,8.44389,8.1532,26.6423,4526.0,4.57,0.72
7033.01,7033,PC,0.7312783,1.7324,2334.8,10.2097,137.386,5508.0,4.45,0.97
7034.01,7034,APC,0.9082202,5.31602,10962.9,10.4875,573.293,8482.0,,2.18
7035.01,7035,PC,4.18142,14.794,1099.82,10.2955,318.756,6293.8,4.04,1.76
7036.01,7036,PC,3.0513298,11.1893597,73.7445561,14.4804,349.473,3937.0,4.60668,0.653572
7037.01,7037,PC,4.1279985,15.1533,675.403,12.0302,445.119,5865.0,4.28,1.23
7038.01,7038,PC,8.6000492,3.12511,256.415,8.9498,152.834,6920.0,4.31183,1.42
7039.01,7039,PC,3.3206355,3.01837,1683.48,10.0679,183.08,5768.0,4.21,1.33
704.01,704,CP,3.8143009,1.1147163,26.3711883,10.1428,29.8424,3625.0,4.7833,0.504068
7040.01,7040,PC,21.0562422,5.1947988,31.8281648,11.6081,237.004,5376.0,4.45068,0.950465
7041.01,7041,CP,9.6994666,9.5295926,143.2589795,10.264,439.52,4696.0,4.438,4.2105899
7042.01,7042,PC,2.817627,3.22711,327.873,10.4875,237.065,6320.6,4.4,1.17
7043.01,7043,PC,17.3840061,1.69425,29.5344,9.094,64.2031,5228.2,4.56,0.82
7044.01,7044,PC,15.9669794,6.72555,42.1361,10.1135,232.078,5888.0,4.08,1.55
7045.01,7045,PC,2.2775983,4.16351,445.957,9.90787,201.532,6320.0,4.31,1.3
7046.01,7046,PC,3.1084574,13.2168,539.374,12.1788,528.702,6024.0,4.26,1.3
7047.01,7047,PC,5.2729668,2.56914,280.922,11.7732,216.12,5294.0,4.58,0.81
7048.01,7048,PC,4.0863647,13.1374,671.938,12.269,753.924,5969.0,3.96876,1.8
7049.01,7049,PC,40.3833862,2.03391,0.283517,11.5546,20.0182,3236.0,4.98108,0.25
705.01,705,PC,47.0196372,3.1012834,8.6423925,11.4994,191.058,5249.18,4.68369,0.877877
7050.01,7050,PC,1.4182984,9.60116,1110.56,10.3139,476.345,9267.0,4.32,1.75
7051.01,7051,PC,4.9131459,7.84064,76.9918,10.3552,190.241,5999.0,4.38,1.12
7052.01,7052,PC,2.8862017,1.71911,15.4038,8.9588,29.7194,4269.0,4.65,0.64
7053.01,7053,PC,2.8637988,7.75857,6505.86,7.78306,404.16,9416.0,3.49,4.62
7054.01,7054,PC,14.7595601,7.3454534,12.439999,11.9766,129.214,4708.0,4.80336,0.569838
7055.01,7055,KP,3.1290476,16.9082331,1052.2389998,11.6961,298.64,5585.0,4.11064,1.4505399
7056.01,7056,KP,2.993282,21.7455581,1890.6489714,12.419,655.037,6343.0,4.13783,1.58601
7057.01,7057,KP,3.3777419,13.6239337,370.3984667,12.8999,403.458,5080.0,4.33326,1.0408
7058.01,7058,KP,2.4651801,17.0861139,2726.6327607,10.1154,279.86,6848.0,4.25,1.51554
7059.01,7059,KP,4.4626647,13.3934403,1405.4798304,11.1323,290.736,7587.0,4.39508,1.3951401
706.01,706,PC,719.0381327,16.6333557,0.8538315,8.3643,94.697,5709.6,3.53,1.4981
7060.01,7060,PC,5.8497196,2.71286,375.868,10.0094,191.394,6009.6,4.22,1.35
7060.02,7060,PC,1064.700399,4.45158,4.48172,10.0094,191.394,6009.6,4.22,1.35
7061.01,7061,KP,2.1376682,15.7532,531.159,9.13055,149.216,5806.0,4.05,1.6
7062.01,7062,PC,10.5137924,3.1867,25.6571,8.863,47.6049,4942.0,4.58,0.77
7063.01,7063,PC,3.7570477,1.41479,197.985,8.8868,58.9521,5263.0,4.56,0.83
7064.01,7064,PC,61.5555962,2.1796,15.6504,8.47427,144.581,6298.0,4.02,1.8
7065.01,7065,PC,2.6667526,3.01006,1172.14,9.58671,280.342,6173.0,3.83,2.18
7066.01,7066,KP,13.2341261,7.3853255,16.1089138,13.8215,338.386,5025.0,4.88331,0.548929
7067.01,7067,KP,15.3573522,13.3280613,47.2404772,14.5293,872.343,5462.0,4.49258,0.915391
7068.01,7068,KP,,8.964682,165.7019266,11.4605,397.292,6181.58,4.23853,1.36797
7069.01,7069,PC,8.7201675,2.35848,84.6734,10.4371,128.952,5443.0,4.56,0.85
707.01,707,PC,52.7993058,2.3982714,10.9718358,10.0906,130.959,5409.22,4.46229,1.02101
707.02,707,PC,17.4757465,1.4862817,47.9221101,10.0906,130.959,5409.22,4.46229,1.02101
7070.01,7070,PC,4.4563756,2.98505,452.138,9.55763,195.391,5658.0,3.93,1.8
7071.01,7071,PC,5.5334128,2.57273,13680.1,8.58502,325.153,10409.0,4.15,2.28
7072.01,7072,PC,0.8118915,6.54453,4440.4,10.032,235.22,6019.0,4.02,1.71
7073.01,7073,PC,13.1689848,11.4366,472.115,12.3907,920.505,6282.0,3.84,2.2
7074.01,7074,PC,4.6504794,18.8371,1172.26,13.4554,1055.99,6274.0,3.79,2.34
7075.01,7075,PC,2.8120379,9.95975,282.122,13.3337,512.025,6004.1,,0.91
7076.01,7076,PC,3.4747684,16.2878,4048.18,12.9805,807.901,6572.0,4.14,1.65
7077.01,7077,PC,6.403011,7.96127,629.67,11.86,,5713.3,,1.53
7078.01,7078,PC,6.3962557,5.10457,164.368,12.177,416.945,5847.0,4.36,1.13
7079.01,7079,APC,12.1252851,15.2955,202.874,11.9823,602.863,4951.0,,2.39
708.01,708,FP,1.996071,1.947951,1372.564389,10.8623,214.756,6636.0,4.60452,0.975121
7080.01,7080,PC,36.6892187,9.1862,57.1087,12.3503,518.344,6647.0,4.49,1.12
7081.01,7081,PC,12.7617794,16.8306,97.3693,13.4426,837.097,6305.0,4.48,1.06
7082.01,7082,PC,2.253174,11.9013,19.5121,14.2582,101.892,3340.0,4.9,0.33
7083.01,7083,PC,7.6253466,9.43868,504.852,12.8442,1003.73,5408.0,3.73,2.19
7084.01,7084,PC,21.8153374,3.96837,21.5566,11.5681,217.285,5399.0,4.53,0.87
7085.01,7085,PC,2.202258,11.2703,15.4828,14.7751,,3388.0,4.72,0.52
7086.01,7086,PC,1.0092447,11.8411,1267.16,13.3747,652.143,5491.0,4.17,1.34
7087.01,7087,PC,7.9039906,9.39901,213.482,13.0721,965.596,5797.0,3.95,1.79
7088.01,7088,PC,7.1554749,19.6737,1019.42,11.5896,1022.89,6919.0,3.73,2.78
7089.01,7089,PC,1.5852089,5.77903,14006.0,9.3672,599.169,11678.0,4.05,2.74
709.01,709,APC,32.3766006,3.6771515,4854.6878282,13.987,1350.32,50000.0,5.80276,0.147
709.02,709,PC,777.0516742,1.3396102,70.1244992,13.987,1350.32,50000.0,5.80276,0.147
7090.01,7090,PC,60.6825768,16.0883,10.102,11.4434,420.478,5918.0,4.13,1.48
7091.01,7091,PC,4.8510805,17.8341,250.696,13.1968,925.412,5578.5,,1.9
7092.01,7092,PC,1.102219,16.2877,4488.98,13.0673,1631.82,7469.0,3.87,2.51
7093.01,7093,PC,2.8371938,18.3031,1087.34,11.9812,566.041,7980.0,4.35,1.54
7094.01,7094,PC,2.1125062,,,12.527,792.54,,,
7095.01,7095,PC,4.6745746,13.7841,3744.12,12.3311,1078.06,5759.0,3.29,3.8
7096.01,7096,PC,3.3505745,11.4859,3106.23,12.0366,999.917,6940.0,3.93,2.21
7097.01,7097,PC,4.1560086,7.19145,501.609,12.6142,768.4,6056.0,4.11,1.55
7098.01,7098,PC,1.3821651,17.6176,7314.38,13.1922,1601.2,7662.0,4.12,1.94
7099.01,7099,PC,4.4264918,14.8697,2497.57,12.9147,1365.41,6231.0,3.74,2.46
710.01,710,FP,216.24584,18.5681404,312.4351835,8.488401,157.721,7053.0,4.22463,1.59688
7100.01,7100,PC,7.4156006,16.1132,149.56,13.1187,849.58,6446.0,4.21,1.5
7101.01,7101,PC,1.8471592,,,12.308,249.393,,,
7102.01,7102,PC,1.1838059,11.623,2638.6,13.3122,1086.14,7433.0,4.22,1.68
7103.01,7103,PC,5.3590843,4.36817,101.96,11.0011,126.595,4845.0,4.52,0.81
7104.01,7104,PC,2.2215349,,,12.0545,892.821,,,
7105.01,7105,PC,17.0548288,9.80945,55.0578,13.3592,587.476,5769.0,4.17,1.38
7106.01,7106,PC,2.7945508,13.7026,1289.93,13.3622,1072.23,6345.0,4.15,1.56
7107.01,7107,PC,8.6145655,12.146,577.62,12.1748,563.391,6467.0,4.28,1.38
7108.01,7108,PC,2.4425105,,,13.0372,1119.54,,,
7109.01,7109,PC,3.2396607,,,12.8137,565.628,,,
711.01,711,PC,18.3841259,2.1505216,10.4112654,11.7481,118.28,4356.0,4.60471,0.681407
711.02,711,PC,35.9432773,2.7375059,4.2586368,11.7481,118.28,4356.0,4.60471,0.681407
7110.01,7110,PC,8.8182594,13.1872,61.7662,13.2009,1165.55,6052.0,3.96,1.84
7111.01,7111,PC,7.0634276,11.2092,102.801,12.9436,741.716,6354.0,4.28,1.34
7112.01,7112,PC,3.424993,,,13.3724,863.955,,,
7113.01,7113,PC,4.6351977,15.825,449.395,12.6686,561.587,5691.0,4.05,1.57
7114.01,7114,PC,3.0436916,,,13.0267,593.943,,,
7115.01,7115,PC,0.8738186,10.2138,1547.44,13.0031,646.214,5838.0,4.24,1.29
7116.01,7116,PC,18.9438583,10.0797,28.1157,12.3657,346.75,5583.0,4.47,0.95
7117.01,7117,PC,8.8691255,,,12.7978,652.105,,,
7118.01,7118,PC,37.8016862,6.55527,18.7121,10.8086,273.779,6783.0,,1.61
7119.01,7119,PC,2.5933417,15.3451,1492.39,12.2118,563.413,6258.1,,1.57
712.01,712,CP,9.531366,2.24794,19.4095,9.9059,58.6212,4504.0,4.58833,0.72
712.02,712,CP,51.6991421,2.45531,2.70562,9.9059,58.6212,4504.0,4.58833,0.72
712.03,712,FA,53.746482,3.263156,3.3582641,9.9059,58.6212,4504.0,4.58833,0.842645
712.04,712,CP,84.83869,2.03857,1.21501,9.9059,58.6212,4504.0,4.58833,0.72
7120.01,7120,PC,3.1739167,17.4128,3458.24,12.8736,1353.61,7099.0,3.64,3.17
7121.01,7121,PC,0.9739887,21.8604,25053.9,13.149,1387.55,7357.0,4.08,1.95
7123.01,7123,PC,0.3075961,17.2274,117.396,14.8916,151.776,3257.0,4.86,0.37
7124.01,7124,PC,2.6414334,13.6255,580.045,13.3745,610.592,5753.0,4.4,1.06
7125.01,7125,PC,21.7276636,8.18265,1.32008,13.9933,115.061,3437.0,4.83,0.4
7126.01,7126,PC,3.2966077,14.8596,1459.72,12.066,666.281,6259.0,3.87,2.12
7127.01,7127,PC,3.3683989,13.3562,2907.88,12.3008,833.536,6902.0,3.85,2.41
7128.01,7128,PC,2.9650741,,,12.8934,1048.98,,,
7129.01,7129,PC,8.8204144,11.5324,553.234,13.2574,698.905,5672.0,3.81,2.07
713.01,713,PC,35.9993588,2.2253394,3.7788536,10.6925,69.3653,4316.7,4.60858,0.651075
713.02,713,PC,1.8715209,1.0618157,194.7571992,10.6925,69.3653,4316.7,4.60858,0.651075
7130.01,7130,PC,1.2433877,8.07577,2274.15,13.2252,697.962,6488.0,4.22,1.47
7131.01,7131,PC,5.3295884,,,12.551,1147.25,,,
7132.01,7132,PC,1.4716633,21.4506,997.016,13.1626,498.336,5298.0,4.34,1.07
7133.01,7133,PC,3.8282053,11.9804,1269.85,12.7389,884.206,6455.0,3.93,2.05
7134.01,7134,PC,3.5899561,18.0461,1033.33,12.4029,937.871,6224.0,3.6,2.87
7135.01,7135,PC,10.6185545,12.568,18.9483,12.6634,590.48,5925.9,4.32,1.19
7136.01,7136,PC,5.6897753,,,13.027,618.889,,,
7137.01,7137,PC,1.2529962,19.179,382.546,12.8161,196.593,4220.0,4.51,0.75
7138.01,7138,PC,5.4149624,16.1825,155.146,12.081,1154.79,7979.0,3.84,2.75
7139.01,7139,PC,3.8850223,11.9861,192.359,12.6728,699.662,7162.0,4.3,1.48
714.01,714,PC,4.3239329,1.5008877,23.7735564,11.5436,53.8473,3782.0,4.438,0.473141
714.02,714,PC,10.1775475,1.5705443,7.5929156,11.5436,53.8473,3782.0,4.438,0.473141
7140.01,7140,PC,5.1879527,14.8534,1933.52,12.5317,1030.49,6617.0,3.66,2.9
7141.01,7141,PC,2.4141149,5.83132,29.5308,14.2442,229.246,3438.0,4.64,0.61
7142.01,7142,PC,6.5433068,16.0666,102.868,13.3053,557.43,5295.0,4.34,1.07
7143.01,7143,PC,1.1376981,2.77467,349.377,12.6106,177.343,4244.0,4.52,0.74
7144.01,7144,PC,0.5289141,6.67772,3529.75,12.7353,625.682,5739.6,4.2,1.34
7145.01,7145,PC,23.2471066,13.9025,8.76779,13.0371,578.77,5839.1,4.45,1.01
7146.01,7146,PC,28.4664618,9.21955,36.4134,12.2041,544.981,5888.0,4.09,1.54
7147.01,7147,PC,1.3473988,9.67861,20.22,13.7182,207.933,3576.0,4.6158,0.64
7148.01,7148,PC,1.3432587,3.99294,663.13,12.1285,245.173,5031.1,4.48,0.87
7149.01,7149,PC,2.6520679,11.2606,15.7673,14.8294,126.126,3247.0,4.88,0.34
715.01,715,CP,19.2879717,1.5946643,0.7212864,13.5308,42.4048,3075.0,4.438,0.229824
7150.01,7150,PC,0.8818115,9.47171,4304.47,13.085,1276.55,6571.0,3.91,2.14
7151.01,7151,PC,7.1467369,3.63858,412.052,11.5576,350.869,6252.0,4.4,1.15
7152.01,7152,PC,3.1875721,,,11.878,,,,
7153.01,7153,PC,27.6174987,3.92928,17.4356,12.1854,293.366,5469.0,4.51,0.9
7154.01,7154,PC,8.8600515,9.20623,45.247,11.9445,299.123,5481.0,4.45,0.97
7155.01,7155,PC,3.8949005,2.15693,116.253,11.8389,144.751,4718.0,4.66,0.67
7156.01,7156,PC,1.9299641,11.758,2.99687,14.6049,181.369,3554.0,4.78,0.46
7157.01,7157,PC,1.1838063,9.29553,6017.49,12.3132,1075.54,8996.0,4.14,2.11
7158.01,7158,PC,3.338577,11.9188,2475.81,13.1238,1622.57,7482.0,4.02,2.13
7159.01,7159,PC,8.8922064,,,12.492,900.701,,,
716.01,716,FP,0.83707,2.98849,2645.93,12.4268,88.8248,3776.0,4.72,0.52
7160.01,7160,PC,3.0825102,10.2259,1312.39,12.934,746.634,6001.8,,1.69
7161.01,7161,PC,3.8285502,12.7621,3360.36,11.951,736.113,7075.0,3.74,2.8
7162.01,7162,PC,8.6393678,8.17498,6.46156,14.4397,,3468.0,4.68,0.56
7163.01,7163,PC,5.3913891,4.28654,79.5918,11.2584,137.3,5179.0,4.68,0.71
7164.01,7164,PC,736.5528811,3.13923,0.22955,9.8447,108.2,5659.0,4.57,0.86
7165.01,7165,KP,3.2509657,12.8297161,1175.136445,14.1223,1188.0,5757.0,4.09896,1.49959
7166.01,7166,PC,12.9228111,2.1004549,1.1580614,13.123,35.4153,3166.0,5.02476,0.223377
7167.01,7167,PC,13.723753,7.707781,182.2286132,11.8246,502.982,6374.4,4.28178,1.34911
7168.01,7168,KP,1.7497746,15.5589079,605.7624942,11.3819,174.818,5087.0,4.50322,0.856841
7169.01,7169,PC,3.4375711,15.0290201,1056.4685689,11.908,467.151,5874.0,4.15198,1.43119
717.01,717,FP,0.53079,,977.343,11.4407,34.7229,3788.4,4.87,
7170.01,7170,PC,1.917096,3.5741192,73.898565,12.8317,106.54,3653.0,4.71723,0.523126
7171.01,7171,PC,23.5367004,3.3862,158.942,8.98453,218.03,7487.0,4.22,1.69
7172.01,7172,PC,2.7547949,3.7424744,551.092681,11.5702,254.558,5531.0,4.44591,0.977544
7173.01,7173,PC,0.6257352,9.1590642,420.7449426,13.3892,161.939,3718.0,4.6571,0.593043
7174.01,7174,PC,4.2422767,14.4051573,1672.3625665,11.6951,624.168,6223.0,3.94893,1.92379
7175.01,7175,PC,2.9944941,15.498003,10706.9138368,9.54026,465.072,7465.0,3.71,3.0202899
718.01,718,FA,12.8650769,1.90058,40.6428,11.4845,726.88,5031.0,,0.81
719.01,719,FP,4.109953,1.81345,1091.8,9.0349,84.7306,5653.0,4.46,0.97
720.01,720,FP,3.16043,2.38866,616.95,8.8154,151.634,6482.3,4.21,1.52
721.01,721,PC,12.2877358,2.09232,127.181,10.1805,206.294,6008.62,4.21807,1.3
722.01,722,PC,15.3004892,2.3968761,17.0816408,11.9755,57.6851,4082.0,4.63162,0.660762
723.01,723,PC,1.4178596,1.10894,452.395,10.0686,80.9812,4907.96,4.57809,0.76
724.01,724,PC,3.21264,2.0575829,327.7849685,9.7333,95.3452,5330.0,4.51,0.88283
725.01,725,FP,0.9889446,7.2993,33896.0,10.2658,272.834,6173.3,4.22,1.5
726.01,726,FP,0.46132,1.89253,13156.0,10.1007,206.755,6629.0,4.41,1.21
727.01,727,PC,4.7244442,1.97562,6.29202,11.0002,42.972,3653.0,4.74,0.5
727.02,727,PC,0.7499711,1.0797147,241.1610487,11.0002,42.972,3653.0,4.74,0.497204
728.01,728,FA,1.60245,4.69411,55.2437,10.5656,172.097,5648.0,,0.98
729.01,729,PC,,4.6946202,6.3171718,10.5568,235.665,6023.2,4.05,1.23299
730.01,730,CP,3.0876297,13.9011294,95.8571812,14.9181,436.176,4105.0,4.438,0.69386
731.01,731,CP,0.3219233,2.66076,469.443,8.031941,9.41263,3518.0,4.82492,0.46
732.01,732,CP,0.7683904,1.1406447,112.6409067,10.5848,21.9814,3329.0,4.94957,0.374139
732.02,732,CP,12.2534308,2.2967944,2.8062634,10.5848,21.9814,3329.0,4.94957,0.374139
733.01,733,CP,4.8847937,1.94753,223.094,8.8411,75.2092,5969.0,4.5172,0.94
734.01,734,PC,4.7535388,12.1863496,2.6086289,15.173,,3010.0,5.10976,0.20128
735.01,735,FP,2.593694,2.980736,4.3241755,9.5215,121.755,5316.6,3.88,1.28725
736.01,736,CP,4.9899176,2.9858436,2.2410792,13.5571,26.4927,2940.0,5.14315,0.17143
736.02,736,CP,0.9479945,1.1926392,20.5198379,13.5571,26.4927,2940.0,5.14315,0.17143
737.01,737,CP,1.7318529,12.0299493,86.6365464,14.7599,299.389,3394.0,4.9186,0.615219
738.01,738,PC,3.4405946,8.8966421,331.8274983,12.7474,389.884,5324.0,4.43563,0.942255
739.01,739,PC,9.0150439,12.2284921,188.1793714,11.6049,340.416,6083.61,4.3203,1.1584001
740.01,740,PC,2.131225,1.98371,3661.38,9.529,115.091,5776.0,4.40631,0.97
741.01,741,PC,7.5768334,0.867887,26.1371,7.66874,10.454,3766.0,4.75957,0.53
742.01,742,FP,0.963081,2.727644,23744.773941,8.6333,227.265,8688.0,4.32187,1.68698
743.01,743,PC,2.2284671,10.9560053,378.6482626,14.3858,638.972,5156.0,4.46838,0.824288
744.01,744,KP,4.3176859,13.3926,229.962,9.7566,132.096,5700.0,4.50578,1.11
745.01,745,APC,1.0790928,3.542265,2285.3834585,10.5488,175.381,5741.0,4.47122,0.972998
746.01,746,PC,10.9803114,10.1826375,87.8744006,11.3786,234.418,5614.9,4.47,0.957719
747.01,747,KP,1.6827917,14.8695962,4170.0965361,10.349,298.392,6271.0,4.08214,1.56803
748.01,748,KP,2.0219583,20.1548,3208.41,10.3182,423.552,7000.0,4.13412,1.94
749.01,749,APC,0.63554,14.372489,233.5126927,13.9372,232.123,3602.0,4.8169,0.442
750.01,750,KP,0.8378453,15.971118,3138.8255953,13.3898,624.368,5600.0,4.43826,1.01656
751.01,751,KP,4.722816,12.0898005,111.2989557,12.4806,229.518,4803.0,4.64154,0.793235
752.01,752,KP,5.7481323,13.14269,345.7200926,11.3743,301.462,5900.0,4.52994,1.12783
753.01,753,APC,0.555255,18.630967,5682.436709,14.3042,597.747,5591.0,4.38111,1.06168
754.01,754,PC,3.8639681,12.659975,733.3264022,12.2397,498.36,6214.0,4.26729,1.22623
755.01,755,CP,2.5404679,2.15331,622.47,9.4628,106.307,6003.0,4.47356,0.99
755.02,755,KP,6.7418796,2.1138482,193.8322952,9.4628,106.307,6003.0,4.47356,0.986649
756.01,756,PC,1.2392569,3.1811214,111.0557954,12.5554,86.1759,3614.0,4.81257,0.507628
757.01,757,PC,17.4682298,2.17884,24.3644,9.0498,60.3418,5499.0,4.39962,0.76
758.01,758,APC,13.2735511,19.0558857,117.9936529,9.957501,154.532,6072.0,4.29177,1.26126
759.01,759,APC,4.2135662,12.9663,504.781,11.6713,516.041,6107.0,4.11585,1.53
760.01,760,APC,12.3396368,28.8331721,1153.2432472,10.6171,651.263,7852.0,4.20409,2.29741
761.01,761,PC,10.5557332,2.7774832,16.7317515,10.9217,66.8154,4368.0,4.56706,0.68476
761.02,761,PC,1.8320863,1.361695,172.821611,10.9217,66.8154,4368.0,4.56706,0.68476
762.01,762,PC,3.4716808,8.027234,17.001217,13.6615,98.4458,3399.0,4.91468,0.426785
763.01,763,CP,5.6057748,2.4097088,182.934999,9.5275,95.1274,5767.0,4.34736,0.906761
763.02,763,CP,12.2772444,2.8635085,64.3195695,9.5275,95.1274,5767.0,4.34736,0.906761
764.01,764,APC,5.6316663,33.6448759,2898.4431043,11.1689,789.341,6632.0,4.20607,2.78212
765.01,765,FA,0.861484,2.512038,10152.6149389,9.647,168.781,5724.7,3.82,1.45505
766.01,766,KP,3.4464529,12.5399052,489.9461001,11.5122,283.971,5870.0,4.4,0.913091
767.01,767,KP,3.764873,13.95182,357.0122872,11.2175,211.416,5703.0,4.51085,0.92
768.01,768,APC,11.5294381,18.7142,149.636,12.2864,469.997,5956.0,4.31259,1.15
769.01,769,KP,4.9816784,10.7801,137.118,11.3728,177.291,5315.0,4.51737,0.79
770.01,770,KP,4.6370479,15.3045465,1342.573266,12.3335,816.988,6438.0,4.10962,1.68054
771.01,771,PC,2.3260077,1.3960869,14.8966002,12.0874,25.2788,3231.0,4.438,0.241857
772.01,772,PC,11.0163421,6.9124465,47.7085311,10.8815,135.371,5184.0,4.57383,0.815374
772.02,772,PC,744.2007603,5.3137751,0.173404,10.8815,135.371,5184.0,4.57383,0.815374
772.03,772,PC,2.7912365,2.584596,297.566297,10.8815,135.371,5184.0,4.57383,0.815374
773.01,773,KP,4.971298,12.1956,238.875,11.5037,271.103,5510.0,4.44137,1.09
774.01,774,KP,4.4656343,14.6467763,471.601595,11.3473,297.462,6070.0,4.4201,1.09036
775.01,775,FP,12.4458741,21.0847933,308.6584229,9.5369,220.953,6746.0,4.41572,1.5288
776.01,776,CP,15.6653322,2.0999942,5.0996209,9.73597,27.1701,3806.0,4.73575,0.533024
776.02,776,CP,8.2466133,1.7687315,11.9974754,9.73597,27.1701,3806.0,4.73575,0.533024
777.01,777,PC,8.3008562,8.5512662,468.7713718,9.3712,182.314,7199.0,4.3586,1.6028301
778.01,778,CP,4.6336155,15.2453,734.672,8.69009,161.743,6780.0,4.08247,1.68
779.01,779,PC,0.7839149,,3608.5342786,8.2158,634.714,5780.0,4.438,
780.01,780,KP,3.0524018,13.7594,344.149,10.7875,163.371,5545.0,4.52787,0.88
781.01,781,KP,1.3541342,13.2236638,950.0562665,12.7492,341.925,5227.0,4.47443,0.931471
782.01,782,PC,8.0239811,2.5926653,5.3901675,12.2875,52.5122,3331.0,4.94964,0.406516
783.01,783,PC,8.1125147,2.3812033,32.9624198,9.9222,55.3043,4498.94,4.5,0.668361
784.01,784,CP,2.7970316,1.84303,413.894,8.7537,64.5997,5849.0,4.5297,0.9
785.01,785,PC,18.626388,1.1783902,4.2857737,11.5026,65.5548,3783.0,4.438,0.561301
786.01,786,PC,12.6693786,2.30678,562.492,9.8192,167.948,5853.8,4.22099,1.31
786.02,786,PC,38.5537648,2.14038,20.9962,9.8192,167.948,5853.8,4.22099,1.31
787.01,787,PC,2.1263242,1.54125,1647.7,9.4799,180.291,6623.0,4.38359,1.32
788.01,788,PC,6.4872362,3.2602447,284.7722987,9.0255,184.204,4997.0,3.45154,2.56864
789.01,789,PC,5.4470648,1.1245064,9.5471336,11.9802,43.407,3471.0,4.87707,0.37114
789.02,789,PC,12.9707041,1.3280332,3.0024214,11.9802,43.407,3471.0,4.87707,0.37114
789.03,789,PC,8.0432343,1.2872781,5.6778261,11.9802,43.407,3471.0,4.87707,0.37114
790.01,790,PC,199.5779073,6.9936043,7.5757108,8.9914,167.218,6988.0,4.25649,1.4608001
790.02,790,PC,41.0175174,2.4013155,62.4617543,8.9914,167.218,6988.0,4.25649,1.4608001
790.03,790,PC,,6.4367306,6.7526693,8.9914,167.218,6988.0,4.25649,1.4608001
791.01,791,PC,139.3048512,10.4668171,10.6694651,10.7525,341.221,6572.0,4.35381,1.42962
791.02,791,PC,928.0455814,12.0672714,3.6827047,10.7525,341.221,6572.0,4.35381,1.42962
792.01,792,FP,15.6477055,3.2193276,30.6368863,11.7345,215.208,5107.98,4.5443,0.835807
793.01,793,FP,54.6616036,4.04767,1.20276,10.8578,144.067,5379.0,4.50461,0.8
794.01,794,PC,52.4072665,3.3054594,40.8156414,10.0176,233.131,6270.01,4.07467,1.59084
795.01,795,PC,8.7609906,2.9253441,288.3684545,10.2477,216.257,6168.88,4.24191,1.3109699
796.01,796,FA,0.8086308,3.0352964,3462.2277004,10.721,9590.75,5780.0,4.438,1.0
797.01,797,PC,1.8007935,1.1904014,66.876621,11.7144,56.1927,3704.0,4.77431,0.473702
797.02,797,PC,4.1400062,1.3230408,22.0406756,11.7144,56.1927,3704.0,4.77431,0.473702
797.03,797,PC,2.7309449,1.0182347,38.383299,11.7144,56.1927,3704.0,4.77431,0.473702
798.01,798,APC,95.2391755,,5.9970158,11.908,121.052,4270.0,4.57808,
799.01,799,PC,5.5451661,1.9448048,199.6326492,10.5868,158.526,5643.0,4.48066,0.915519
800.01,800,APC,0.9657303,3.2694344,2732.4246089,12.3323,7596.91,5780.0,4.138,1.0
801.01,801,PC,0.7757012,0.8620247,8186.2919627,7.5412,71.3672,6283.39,4.438,1.3560899
802.01,802,PC,3.693916,0.6501353,186.8668956,7.5209,28.1042,5235.78,4.438,0.74982
803.01,803,FP,15.3050693,10.4166,340.827,9.3309,403.772,5370.0,3.32339,4.16
804.01,804,PC,2.8376065,,1636.0680921,10.714,285.647,5988.0,4.30679,
805.01,805,PC,4.1177649,1.276147,8.9265383,13.1018,51.8767,3376.0,4.438,0.281129
806.01,806,PC,21.9166429,2.2852898,5.8871402,11.9763,104.44,4130.0,4.438,0.631609
807.01,807,PC,5.2702557,1.6776468,70.6617951,11.3042,106.984,4662.0,4.56787,0.693074
808.01,808,PC,9.7394089,2.2696307,60.3880789,10.0659,98.1848,5216.0,4.52613,0.833198
809.01,809,APC,183.458919,3.379417,7.0550173,10.3046,195.029,5804.3,3.89,1.30725
810.01,810,PC,28.3057042,2.7465985,55.5380247,10.5173,232.47,5704.59,4.09162,1.40065
810.02,810,PC,90.8479191,2.6152426,11.7310189,10.5173,232.47,5704.59,4.09162,1.40065
811.01,811,PC,25.1760133,14.2012,24.1525,10.9339,284.002,6025.9,4.3,1.24
812.01,812,PC,13.8665912,14.3875,271.767,10.9582,426.024,6707.0,4.2,1.57
813.01,813,CP,83.8962434,7.2168832,29.5832748,9.8467,263.145,5823.7,3.77,2.04354
814.01,814,FP,7.21048,3.7188,124.246,8.9944,196.472,5920.4,3.91,2.14
815.01,815,PC,11.1972769,2.62397,33.9923,9.36,59.7117,4953.9,4.59,0.76
815.02,815,PC,734.4987702,2.1838,9.04438,9.36,59.7117,4953.9,4.59,0.76
816.01,816,FP,1.55747,3.80336,5034.13,11.143,74.5217,4146.6,4.6,0.62
817.01,817,FP,1.10223,7.4694027,199185.0,11.3029,7294.41,8747.0,4.08022,2.23767
818.01,818,KP,3.118536,11.857124,481.9169727,10.6481,194.134,5700.0,4.49158,0.95
819.01,819,KP,16.2546802,9.68176,63.815,11.7528,400.331,5846.0,4.41665,1.32
820.01,820,KP,3.752062,14.937131,1237.7366286,10.4445,282.091,6300.0,4.16979,1.48
821.01,821,FA,13.823303,2.806009,4.5470053,11.1825,39.5907,3669.0,4.78896,0.477
822.01,822,KP,7.1335149,10.478658,64.4593609,11.1116,122.91,4775.0,4.60305,0.789877
822.02,822,CP,1.0115336,2.3332033,871.7333843,11.1116,122.91,4775.0,4.60305,0.789877
823.01,823,APC,13.5337579,6.2692929,167.1947435,9.9623,201.873,6309.0,4.23525,1.30032
824.01,824,CP,1.3929721,2.9539057,411.5001611,10.0732,63.9262,4452.0,4.49909,0.729635
825.01,825,KP,3.1853186,5.422035,211.6178316,12.4284,240.707,4944.0,4.50243,0.781959
826.01,826,KP,11.5509742,11.0252,56.355,10.491,172.256,5625.0,4.49092,1.06
827.01,827,APC,1.2282706,14.6178728,3428.5103713,11.5746,336.988,5848.0,4.33233,1.2740999
828.01,828,KP,5.3220505,17.1038087,995.3724127,9.47199,200.075,6030.0,4.09435,1.95757
829.01,829,PC,3.2877916,4.2854014,350.7238882,10.5623,142.461,5636.0,4.3723,0.948885
830.01,830,PC,15.0405221,23.0692974,79.8057547,10.9303,222.995,5900.0,4.36304,1.0431
831.01,831,APC,1.5617357,7.7731045,1606.0377681,8.8098,86.0601,5808.0,4.33972,1.14478
832.01,832,FP,1.9160221,10.8261,339.505,11.7611,586.704,5623.0,4.37483,2.09
833.01,833,CP,1.041889,1.389031,270.068174,10.1461,41.7148,3965.0,4.68337,0.603336
834.01,834,KP,2.6755521,16.3355194,1360.1640729,10.7036,258.777,6783.0,4.24271,1.3441499
835.01,835,PC,4.7920153,4.7342032,229.2252519,10.849,166.834,6012.0,4.76675,0.882828
836.01,836,CP,8.5954792,2.64032,40.8229,8.6486,27.5024,4476.0,4.58156,0.69
836.02,836,CP,3.8167262,1.69257,40.9119,8.6486,27.5024,4476.0,4.58156,0.69
837.01,837,CP,8.3249172,7.0011,40.8042,9.9322,142.488,6513.0,4.53694,1.01
838.01,838,FP,7.6246239,14.4951834,2343.2709936,8.7823,305.237,7313.0,4.14443,2.6298299
839.01,839,KP,2.4855806,36.5091254,4135.3642287,14.1491,1627.63,6933.0,4.25089,1.59944
840.01,840,KP,3.7993182,8.54839,225.371,13.0546,488.176,5318.0,4.43686,0.97
841.01,841,PC,3.4934316,11.4663,116.196,12.5528,306.068,5153.0,4.46892,0.9
842.01,842,PC,2.7863813,12.0024836,483.4407911,12.6264,368.8,5376.0,4.42496,1.00073
843.01,843,KP,4.2986466,14.2892609,454.8720517,12.472,471.158,5715.0,4.34342,1.11852
844.01,844,FP,8.9066251,7.1574108,325.1651305,11.7952,472.297,5829.6,4.1,1.51595
845.01,845,FP,7.06181,24.7848,721.751,11.7582,475.359,5818.3,4.4,1.49
846.01,846,FP,14.20489,12.4595,386.596,11.766,446.815,6316.3,4.3,1.21
847.01,847,PC,3.2063107,20.2776,2254.62,12.0594,659.753,5286.9,,2.29
848.01,848,FP,9.77742,35.6978,480.928,11.6818,527.114,4513.0,,2.87
849.01,849,CP,0.76566,3.54139,2314.06,11.5485,225.734,5311.0,4.47,0.92
850.01,850,APC,10.32103,34.1767,218.123,11.3488,342.206,5863.5,4.38,1.28
851.01,851,APC,0.6296,3.39154,193.701,10.9994,154.477,5485.0,4.64,0.77
852.01,852,PC,4.943336,6.40301,311.475,10.9495,351.426,5574.0,3.95,1.73
853.01,853,PC,6.8646554,17.29,1640.28,10.7598,287.558,5937.0,4.19,1.38
854.01,854,APC,5.850943,4.80002,208.275,10.717,279.96,5928.0,4.19,1.38
855.01,855,PC,1.8301156,4.46184,515.147,10.6541,294.418,6671.0,4.41,1.22
856.01,856,APC,5.4014,16.7216,41.9773,10.3244,574.712,5179.9,,4.34
857.01,857,KP,3.9080236,15.1385,744.132,10.2676,286.484,6143.0,4.08,1.63
858.01,858,CP,3.2797282,13.8117581,913.776443,10.6444,250.489,5857.0,4.24,1.29747
859.01,859,PC,5.1543265,4.6014268,104.6021101,11.9587,193.087,4971.0,4.59,0.756197
860.01,860,PC,6.4535152,19.7517,240.342,11.6704,494.093,5906.0,4.07,1.58
861.01,861,FP,6.7391601,30.8876,5656.73,8.3502,422.358,10341.0,3.8,3.39
862.01,862,PC,3.3102159,,528.7060422,8.9904,,,,
863.01,863,PC,0.5251251,1.4381391,4078.1238196,9.954701,111.279,5867.0,4.5948,0.850302
864.01,864,PC,0.520671,1.0047438,241.8916543,11.4966,38.0915,3460.0,4.438,0.39861
865.01,865,APC,0.7455787,3.402474,4518.5746486,9.7976,136.022,5181.0,4.14486,1.19844
866.01,866,FA,22.338916,18.449977,1556.9001967,9.0099,455.064,4866.0,2.50648,7.56825
867.01,867,PC,15.4043768,2.2872195,100.9158218,10.4283,200.12,5777.36,4.30388,1.23499
868.01,868,FP,0.556109,1.609049,8967.4525288,10.7109,230.697,5670.45,4.16644,1.18329
869.01,869,FA,26.2588239,2.0533305,54.4142175,8.9043,110.247,5908.0,4.28153,1.24841
870.01,870,PC,22.0379547,2.335104,4.0755023,10.7791,53.8027,3927.0,4.6966,0.611136
871.01,871,PC,14.362738,1.6866314,24.1363405,9.7607,68.0473,4939.0,4.58489,0.732189
872.01,872,PC,2.2395544,2.7483506,300.9147034,11.8348,179.254,4872.54,4.68951,0.75636
872.02,872,PC,4.9727711,2.6058369,103.8789635,11.8348,179.254,4872.54,4.68951,0.75636
873.01,873,PC,5.9312003,1.7979811,17.0189842,12.1249,76.9563,3797.0,4.74005,0.5204
874.01,874,PC,5.9049399,2.01304,661.809,8.7542,130.527,6437.0,4.2473,1.42
875.01,875,PC,11.020153,2.343228,23.8243065,11.3877,106.12,4407.0,4.56293,0.719466
876.01,876,PC,29.4829022,2.7733274,3.0151313,11.534,78.1864,3955.0,4.68874,0.603739
877.01,877,APC,6.015802,13.627855,1280.3562297,10.6237,452.682,7836.0,4.14,1.59435
878.01,878,FA,3.9773904,5.03874,460.733,10.8239,334.457,5518.3,3.93,1.77
879.01,879,FP,6.58454,,1274.11,9.5254,602.726,8829.0,3.91,
880.01,880,PC,6.3872524,5.0445,73.9967,9.2563,60.6679,4935.0,4.52,0.82
880.02,880,PC,2.5735943,2.7779229,301.8661097,9.2563,60.6679,4935.0,4.52,0.816999
880.03,880,PC,14.3318853,2.87022,9.971,9.2563,60.6679,4935.0,4.52,0.82
881.01,881,FP,0.56708,29.9735,3660.0,9.792,994.732,5274.0,,9.78
882.01,882,FP,2.3552639,8.10129,698.522,9.73965,387.97,7069.0,3.88,2.37
883.01,883,PC,10.0577297,7.17665,91.5488,9.3722,102.637,5651.0,4.43,1.01
884.01,884,FP,2.7809,56.3202,26869.1,9.9534,1390.46,11246.0,,5.45
885.01,885,APC,2.56876,17.6099,357.805,10.1775,693.394,4312.9,,8.43
886.01,886,FP,20.4276727,19.9576585,1594.302814,8.26522,364.928,8844.0,3.76,3.25795
887.01,887,APC,5.77114,10.9488,408.749,8.16507,192.612,7173.0,4.03,2.26
888.01,888,FP,3.96643,5.99981,376.453,9.52621,263.022,6565.2,4.09,1.9
889.01,889,FP,1.83485,5.90327,3996.1,10.8457,388.477,6466.0,4.11,1.68
890.01,890,APC,3.2022978,34.5557,1640.28,10.936,474.565,6600.0,4.17,1.67
891.01,891,FP,4.99915,2.28122,386.241,11.0427,123.997,4696.0,,0.79
892.01,892,CP,10.6265837,12.0335,571.007,10.9739,340.543,7723.0,4.43,1.35
893.01,893,PC,5.6148305,9.62058,3420.14,11.4847,1241.42,9856.0,4.01,2.59
894.01,894,FP,4.3433389,24.4433,60347.5,9.1672,661.74,9900.0,3.68,3.83
895.01,895,FP,0.76189,1.50503,6450.77,8.7973,96.3043,5998.0,4.39,1.11
896.01,896,FA,3.52985,3.20773,489.2,9.08959,156.139,6627.0,4.31,1.37
897.01,897,FP,1.2980202,2.58794,6354.72,9.11269,165.943,6128.0,4.08,1.62
898.01,898,FP,,19.7649,5400.0,10.5672,479.081,5652.0,4.32,2.74
899.01,899,PC,12.8461943,11.8867391,107.8059302,11.5865,304.798,5591.0,4.30695,1.18787
900.01,900,PC,4.8494108,2.7650341,56.8561171,11.9085,121.037,3861.0,4.71767,0.680711
901.01,901,PC,3.2308423,11.144364,1292.7015226,9.6877,190.467,7062.0,4.49596,1.38436
902.01,902,APC,18.2592673,15.8995046,358.7059761,8.957,219.439,7142.0,4.15713,2.2950301
903.01,903,PC,7.2766004,11.5799,591.917,11.7874,739.231,6266.0,4.27,2.21
904.01,904,CP,10.8772748,2.309613,8.3168643,10.846,46.0891,3992.0,4.61929,0.532439
904.02,904,CP,83.9993991,2.3408341,0.5448599,10.846,46.0891,3992.0,4.61929,0.532439
905.01,905,CP,3.7395716,13.9317353,353.3142325,10.5721,158.649,5565.0,4.46277,1.00018
906.01,906,PC,1.6647888,5.25863,751.21,8.5097,133.752,5954.53,3.68582,1.42
907.01,907,PC,4.5849129,9.6158851,1729.6714348,9.9444,312.529,6272.0,3.8399,2.0597899
908.01,908,CP,3.1837789,3.1080163,519.52682,10.6513,175.748,5500.0,4.99,1.0523601
909.01,909,FP,3.9043855,1.80937,836.633,7.0514,51.8209,6059.06,4.29,1.31
910.01,910,CP,2.0291067,1.0407954,22.0713381,10.1508,12.4814,3194.0,4.96718,0.287497
911.01,911,APC,8.5841822,21.4045649,332.3230715,7.9771,84.7758,5963.0,4.438,1.44708
912.01,912,PC,4.678059,2.2524868,14.2145991,10.4904,26.1072,3566.0,4.83519,0.426465
913.01,913,CP,11.099348,2.4827074,35.2422046,9.6181,65.1769,4948.0,4.60394,0.732535
914.01,914,FP,2.3374921,4.00659,975.016,10.2413,233.2062,5963.4,3.65,1.54
915.01,915,FP,2.3250156,10.7275,2083.06,11.2486,506.371,5753.0,3.83,2.05
916.01,916,FP,29.17362,15.4676,167.644,11.2532,427.276,5493.2,3.92,1.89
917.01,917,PC,26.4126517,24.163132,256.8541056,11.2459,704.528,6070.0,3.65,2.62866
918.01,918,FP,1.1140067,6.34675,6504.41,11.2716,549.872,5614.0,3.5,2.94
919.01,919,APC,20.0272717,23.6497441,53.3768508,11.1835,,5811.1,,1.137
920.01,920,FP,19.2998,,16.9727,11.191,3540.18,3818.0,,
921.01,921,PC,5.1287265,3.3763609,426.7683426,11.2559,294.015,6055.5,4.38,1.14
922.01,922,FP,9.46516,,83.6782,11.499,1220.48,4120.0,,
923.01,923,FP,3.2744665,4.0297948,920.8745704,11.0264,302.944,6049.0,4.3,1.2460999
924.01,924,PC,12.1272702,20.3161792,85.7681608,11.3593,251.24,5682.0,4.45,0.993827
925.01,925,FP,13.17741,49.318,44.0738,11.3377,1811.81,5027.7,,10.05
926.01,926,PC,1.7957918,7.76436,718.524,10.5926,216.207,5658.4,,2.61
927.01,927,FP,2.5852,4.66502,1150.76,9.2691,314.616,6639.0,3.73,2.66
928.01,928,FP,30.57908,14.1152,81.7492,11.4124,310.211,5848.0,4.35,1.13
929.01,929,PC,5.830149,2.70505,59.7261,11.4337,114.421,4451.0,4.57,0.72
930.01,930,PC,4.90038,6.56819,736.282,8.1605,306.118,6504.0,3.32,4.18
931.01,931,PC,3.2452094,20.6894,600.388,11.5458,,5928.0,,2.31
932.01,932,PC,19.3106015,2.7470788,12.0239187,10.7378,85.3837,4444.0,4.55,0.734073
932.02,932,PC,7.9856481,1.70724,34.6569,10.7378,85.3837,4444.0,4.55,0.73
933.01,933,PC,88.9350637,12.6517291,18.0301689,10.6361,300.423,5546.9,3.93,1.78672
934.01,934,PC,3.7817383,12.4392846,194.0868583,12.708,301.872,4833.0,4.51712,0.869755
935.01,935,FP,2.23294,15.959056,328.2137194,12.7918,282.203,4814.0,4.51946,0.804149
936.01,936,PC,7.936533,7.76368,164.7586619,12.6327,238.321,4320.0,4.57232,0.85
937.01,937,FP,0.27664,24.4651,15418.8,10.855,321.78,5341.6,4.09,1.78
938.01,938,PC,8.8073507,4.0916,220.735,10.8479,215.034,5981.0,4.49,0.99
939.01,939,PC,7.6107227,12.4861,297.144,10.9335,352.195,6159.5,4.14,1.53
940.01,940,APC,0.7386689,3.6178,378.381,11.0057,,5100.2,,0.85
941.01,941,PC,8.5145626,6.95626,166.575,10.9968,263.386,5920.0,4.32,1.18
942.01,942,CP,4.32765,3.52025,261.858,11.0462,152.601,4945.0,4.43,0.91
943.01,943,PC,12.35611,13.4341,366.445,11.0412,397.789,6794.0,4.28,1.45
944.01,944,FP,6.0588453,35.2541,4249.82,11.3818,938.401,7011.0,3.51,3.6
945.01,945,PC,0.9298045,4.60146,4136.65,11.1224,516.104,7019.0,4.19,1.65
946.01,946,FP,6.1253092,22.9909,60.67,10.8732,164.458,5008.3,,1.05
947.01,947,APC,7.31523,17.8813,187.784,10.642,390.775,6251.5,4.0,1.79
948.01,948,APC,12.7009,10.5402,270.518,10.5068,370.711,6092.9,3.65,1.92
949.01,949,FP,1.3228701,2.50355,910.45,10.2892,112.611,5136.1,,0.84
950.01,950,FA,1.14288,7.08364,3104.56,10.2098,211.593,6706.0,4.23,1.51
951.01,951,FP,2.96845,20.1857,969.61,10.0938,206.344,5761.5,4.35,1.4
952.01,952,PC,1.79011,7.38823,1262.31,10.0716,459.161,7110.0,3.9,2.33
953.01,953,FP,2.96844,19.3343,981.423,9.87405,204.316,5772.0,4.1,1.54
954.01,954,CP,3.68497,9.05543,1260.27,9.77919,238.768,5756.0,3.88,1.93
955.01,955,FP,1.6375303,5.03673,900.876,9.70467,211.351,5888.8,3.99,1.72
956.01,956,FP,17.95473,14.9952,225.794,9.49344,210.646,6029.5,4.22,1.77
957.01,957,FP,0.8317937,2.64673,25432.4,8.95699,280.188,8897.0,4.27,1.82
958.01,958,APC,0.5875044,14.3274,31057.7,10.964,297.121,5745.1,4.14,1.43
959.01,959,FP,1.54104,,11491.8,10.649,639.564,8264.0,4.09,
960.01,960,FP,1.6187107,12.5948602,26480.6076583,10.6698,789.891,9385.0,4.12,2.22468
961.01,961,FP,4.79586,23.4129,377.084,10.6596,246.177,5782.5,4.37,1.3
962.01,962,FP,4.06269,,,11.2295,447.244,,,
963.01,963,PC,11.1178464,8.8518806,118.7684839,10.6412,203.873,5814.9,4.4,1.06616
964.01,964,FP,0.60274,11.8344,18432.4,10.6659,127.566,5146.2,4.61,0.83
965.01,965,FP,1.37101,4.99178,17275.0,10.6124,224.488,5947.5,4.22,1.15
966.01,966,KP,3.4091568,15.9162999,918.387707,10.5572,253.985,6316.0,4.37,1.21069
967.01,967,FP,1.7393631,5.1189079,11860.0095258,10.5704,522.06,7051.0,3.87,2.40368
968.01,968,FP,2.80944,,536.378,10.5766,,4968.3,,
969.01,969,CP,1.8237371,3.64998,167.634,10.5424,77.2554,4249.1,4.43,0.82
970.01,970,PC,4.985636,3.35045,408.008,10.5248,147.148,5189.0,4.33,1.07
971.01,971,FP,2.3960724,3.54571,3570.59,10.5224,229.595,5743.0,4.18,1.37
972.01,972,FP,2.67425,178.665,2364.93,10.5484,3083.92,4770.0,,36.51
973.01,973,FP,1.27997,285.674,379.23,10.5816,4153.03,3435.0,,102.03
974.01,974,FP,2.8259491,8.56637,4419.71,10.4337,522.177,8192.0,4.21,1.84
975.01,975,FP,1.97353,,57.3824,10.4527,4947.72,2828.0,,
976.01,976,FP,3.1510408,297.1117262,2194.07288,10.4856,4189.87,4240.0,,49.1612
977.01,977,FP,2.78102,2.23876,111.574,10.5153,6862.39,4538.0,,0.74
978.01,978,PC,13.1660135,11.3913,134.826,10.339,291.631,6368.0,4.18,1.52
979.01,979,FP,1.10578,7.4741,2163.51,10.351,414.876,5650.4,4.32,2.62
980.01,980,FP,1.3387555,4.1672558,5177.3878513,10.3138,269.611,5322.0,3.82,1.96337
981.01,981,FP,1.6055589,4.70308,3384.43,10.2957,297.758,6711.0,4.25,1.48
982.01,982,FP,6.3037582,13.147,1735.06,10.3075,793.408,8502.0,3.78,3.08
983.01,983,FP,7.3816254,,9359.75,10.3437,551.738,9260.2,4.08,
984.01,984,FP,7.52118,12.9114,1910.28,10.2763,442.789,6184.6,4.11,0.52
985.01,985,FP,8.76905,21.0089,538.251,10.2462,260.641,5906.8,4.22,1.59
986.01,986,APC,0.5476695,9.95459,38950.9,10.1796,407.542,8274.5,4.17,1.65
987.01,987,FP,5.21517,16.9109,1037.07,10.1887,375.582,6080.0,3.78,2.27
988.01,988,FP,4.30438,13.7564,503.88,10.1989,785.176,6056.9,4.17,4.82
989.01,989,APC,3.121181,5.74349,1102.11,10.1094,476.811,7814.0,,2.06
990.01,990,PC,4.587386,10.6337,4384.23,10.0998,465.99,8388.0,4.22,1.86
991.01,991,PC,2.4843225,12.9191,32959.2,10.1137,616.305,9855.0,4.18,2.13
992.01,992,FP,4.76516,,2214.79,10.0813,822.322,9412.5,,
993.01,993,PC,1.4635019,4.75869,4081.06,10.0634,366.482,8035.0,4.28,1.67
994.01,994,FP,2.396722,3.8384486,15531.0636237,10.0267,543.152,10393.0,4.32,1.87739
995.01,995,FP,3.4438,,1413.67,10.0781,1080.88,4805.2,,
996.01,996,FP,14.5378,16.0523,,9.7925,379.693,8007.0,,2.05
997.01,997,FP,8.4134856,20.5106959,127.9164213,9.7727,113.667,5786.0,4.52,0.926261
998.01,998,FP,0.941436,4.529209,41562.5878114,9.6952,482.278,8322.0,4.01,2.34986
999.01,999,FP,1.5078959,5.53091,9662.8,9.6171,180.02,6635.0,4.35,1.3
